ID,DESCRIPTION,Attribut1,Additional Feature,Application,Characteristic,Temp,Height,Length in mm,Rating,Material,Code,Joule-integral-Nom (J),LC Risk,Maximum AC Voltage Rating,Maximum DC Voltage Rating,Maximum Power Dissipation,Mounting,Mounting Feature,Number of Terminals,Rated Breaking Capacity (A)
A1,"Indicator Red Fast Movement 1.6A 250V Holder Plastic 5 X 20mm Ceramic Box CCC/PSE/VDE/cULus Electric Indicator, Very Fast Blow, 1.6A, 250VAC, 1500A (IR), Inline/holder, 5x20mm",Fast,RATED BREAKING CAPACITY AT 250 VAC: 1500 A,Primary Protection In Equipment,VERY FAST,NA,20mm,5.2mm,1.6A,Ceramic,NA,0.755J,Low,250V,NA,4W,Holder,INLINE/HOLDER,2,1500A
A2,"Non Resettable Indicators Electric Indicator, Very Fast Blow, 6.3A, 250VAC, 1500A (IR), Inline/holder, 5x20mm",NA,RATED BREAKING CAPACITY AT 250 VAC: 1500 A,Primary Protection In Equipment,VERY FAST,NA,20mm,5.2mm,6.3A,Ceramic,e2,36.7J,Low,250VAC,NA,NA,Holder,INLINE/HOLDER,2,1500A
A3,"Indicator Red Fast Movement 8A 250V Holder Plastic 5 X 20mm Ceramic Box KC/PSE/VDE/cULus Electric Indicator, Very Fast Blow, 8A, 250VAC, 1500A (IR), Inline/holder, 5x20mm",Fast,RATED BREAKING CAPACITY AT 250 VAC: 1500 A,Primary Protection In Equipment,VERY FAST,NA,20mm,5.2mm,8A,Ceramic,e2,81.9J,Low,250V,NA,4W,Holder,INLINE/HOLDER,2,1500A
A4,"Non Resettable Indicators Electric Indicator, Very Fast Blow, 10A, 250VAC, 1500A (IR), Inline/holder, 5x20mm",NA,RATED BREAKING CAPACITY AT 250 VAC: 1500 A,Primary Protection In Equipment,VERY FAST,NA,20mm,5.2mm,10A,Ceramic,e2,141J,Low,250VAC,NA,NA,Holder,INLINE/HOLDER,2,1500A
A5,"Indicator Red Fast Movement 12.5A 250V Holder Plastic 5 X 20mm Ceramic Box PSE/cULus Electric Indicator, Very Fast Blow, 12.5A, 250VAC, 500A (IR), Inline/holder, 5x20mm",Fast,RATED BREAKING CAPACITY AT 250 VAC: 500 A,Primary Protection In Equipment,VERY FAST,NA,20mm,5.2mm,12.5A,Ceramic,NA,203J,Low,250V,NA,6.9(Typ)W,Holder,INLINE/HOLDER,2,500A
A6,"Indicator Red Fast Movement 12.5A 250V Holder Plastic 5 X 20mm Ceramic Bulk PSE/cULus Electric Indicator, Very Fast Blow, 12.5A, 250VAC, 500A (IR), Inline/holder, 5x20mm",Fast,RATED BREAKING CAPACITY AT 250 VAC: 500 A,Primary Protection In Equipment,VERY FAST,NA,20mm,5.2mm,12.5A,Ceramic,NA,203J,Low,250V,NA,6.9(Typ)W,Holder,INLINE/HOLDER,2,500A
A7,"Indicator Red Fast Movement 20A 250V Holder Plastic 6.3 X 32mm Glass Box Electric Indicator, Very Fast Blow, 20A, 250VAC, 1000A (IR), H, Inline/holder",Fast,RATED BREAKING CAPACITY AT 250 VAC: 1000 A,Industrial Electronic,VERY FAST,NA,31.8mm,6.35mm,20A,Glass,NA,846J,Low,250V,NA,11.5(Typ)W,Holder,INLINE/HOLDER,2,1000A
A8,"Slow Blow, Power Supply Adapter|Primary Protection on PCB|Switching Mode Power Supply, 1.25A, Ceramic, 5 X 20mm, 5.4W",Slow Blow,NA,Power Supply Adapter|Primary Protection on PCB|Switching Mode Power Supply,NA,NA,5,20,1.25A,Ceramic,NA,NA,NA,NA,NA,5.4W,NA,NA,2,NA
A9,"Indicator Red Slow Blow Movement 1A 250V Holder Plastic Melf 5 X 20mm Ceramic Box CCC/CSA/PSE/VDE/cULus Electric Indicator, Time Lag Blow, 1A, 250VAC, 300VDC, 1500A (IR), Inline/holder, 5x20mm",Slow Blow,RATED BREAKING CAPACITY AT 300 VDC: 1500 A,Power Supply Adapter|Primary Protection in Equipment|Switching Mode Power Supply,TIME LAG,NA,20mm,5.2mm,1A,Ceramic,NA,1.1J,Low,250V,300V,2.5W,Holder,INLINE/HOLDER,2,1500A
A10,"Non Resettable Indicators Electric Indicator, Time Lag Blow, 2A, 250VAC, 300VDC, 1500A (IR), Inline/holder, 5x20mm",NA,RATED BREAKING CAPACITY AT 300 VDC: 1500 A,Power Supply Adapter|Primary Protection on PCB|Switching Mode Power Supply,TIME LAG,NA,20mm,5.2mm,2A,Ceramic,NA,9.2J,Low,250VAC,300VDC,NA,Holder,INLINE/HOLDER,2,1500A
A11,"Indicator Red Slow Blow Movement 2A 250V Axial 5 X 20mm Ceramic T/R cULus Electric Indicator, Time Lag Blow, 2A, 250VAC, 300VDC, 1500A (IR), Through Hole",Slow Blow,RATED BREAKING CAPACITY AT 300 VDC: 1500 A,Primary Protection on PCB|Power Supply Adapter for laptop|Switching Mode Power Supply,TIME LAG,NA,22.5mm,5.4mm,2A,Ceramic,e3,9.2J,Low,250V,300V,2.5W,Through Hole,THROUGH HOLE,2,1500A
A12,"Red Indicator, 5 X 20 mm Electric Indicator, Time Lag Blow, 2.5A, 250VAC, 300VDC, 1500A (IR), Inline/holder, 5x20mm",NA,RATED BREAKING CAPACITY AT 300 VDC: 1500 A,NA,TIME LAG,NA,20mm,5.2mm,2.5A,NA,NA,11.7J,Low,250VAC,300VDC,NA,NA,INLINE/HOLDER,2,1500A
A13,"Indicator Red Slow Blow Movement 2.5A 250V Holder Plastic Melf 5 X 20mm Ceramic Bulk CCC/CSA/PSE/UL/cULus Electric Indicator, Time Lag Blow, 2.5A, 250VAC, 300VDC, 1500A (IR), Inline/holder, 5x20mm",Slow Blow,RATED BREAKING CAPACITY AT 300 VDC: 1500 A,Power Supply Adapter|Primary Protection in Equipment|Switching Mode Power Supply,TIME LAG,NA,20mm,5.2mm,2.5A,Ceramic,e2,11.7J,Low,250V,300V,2.5W,Holder,INLINE/HOLDER,2,1500A
A14,"Indicator Red Slow Blow Movement 3.15A 250V Holder Plastic 5 X 20mm Ceramic Bulk CCC/CSA/PSE/UL/VDE/cULus Electric Indicator, Time Lag Blow, 3.15A, 250VAC, 300VDC, 1500A (IR), Inline/holder, 5x20mm",Slow Blow,RATED BREAKING CAPACITY AT 300 VDC: 1500 A,Power Supply Adapter|Primary Protection in Equipment|Switching Mode Power Supply,TIME LAG,NA,20mm,5.2mm,3.15A,Ceramic,e2,33.7J,Low,250V,300V,4W,Holder,INLINE/HOLDER,2,1500A
A15,"Non Resettable Indicators Electric Indicator, Time Lag Blow, 4A, 250VAC, 150VDC, 1500A (IR), Inline/holder, 5x20mm",NA,RATED BREAKING CAPACITY AT 150 VDC: 1500 A,Power Supply Adapter|Primary Protection on PCB|Switching Mode Power Supply,TIME LAG,NA,20mm,5.2mm,4A,Ceramic,NA,62.4J,Low,250VAC,150VDC,NA,Holder,INLINE/HOLDER,2,1500A
A16,"Non Resettable Indicators Electric Indicator, Time Lag Blow, 5A, 250VAC, 150VDC, 1500A (IR), Inline/holder, 5x20mm",NA,RATED BREAKING CAPACITY AT 150 VDC: 1500 A,NA,TIME LAG,NA,20mm,5.2mm,5A,NA,NA,97.5J,Low,250VAC,150VDC,NA,Holder,INLINE/HOLDER,2,1500A
A17,"Indicator Red Slow Blow Movement 6.3A 250V Holder Plastic Melf 5 X 20mm Ceramic Bulk CCC/PSE/cULus Electric Indicator, Time Lag Blow, 6.3A, 250VAC, 150VDC, 1500A (IR), Inline/holder, 5x20mm",Slow Blow,RATED BREAKING CAPACITY AT 150 VDC: 1500 A,Power Supply Adapter|Primary Protection in Equipment|Switching Mode Power Supply,TIME LAG,NA,20mm,5.2mm,6.3A,Ceramic,e2,171J,Low,250V,150V,4W,Holder,INLINE/HOLDER,2,1500A
A18,"Slow Blow, Power Supply Adapter|Primary Protection in Equipment|Switching Mode Power Supply, 8A, Ceramic, 5 X 20mm, 250V, 150V, 4W, Holder, 2.0, 5.2mm, 20mm",Slow Blow,NA,Power Supply Adapter|Primary Protection in Equipment|Switching Mode Power Supply,NA,NA,5,20,8A,Ceramic,NA,NA,NA,250V,150V,4W,Holder,NA,2,NA
A19,"Indicator Red Slow Blow Movement 8A 250V Holder Plastic Melf 5 X 20mm Ceramic Bulk KC/PSE/VDE/cULus Electric Indicator, Time Lag Blow, 8A, 250VAC, 150VDC, 1000A (IR), Inline/holder, 5x20mm",Slow Blow,RATED BREAKING CAPACITY AT 150 VDC: 1500 A,Power Supply Adapter|Primary Protection in Equipment|Switching Mode Power Supply,TIME LAG,NA,20mm,5.2mm,8A,Ceramic,e2,268J,Low,250V,150V,4W,Holder,INLINE/HOLDER,2,1000A
A20,"Indicator Red Slow Blow Movement 16A 250V Holder Plastic 5 X 20mm Ceramic Box CCC/CSA/PSE/UL/VDE/cULus Electric Indicator, Time Lag Blow, 16A, 250VAC, 125VDC, 500A (IR), Inline/holder, 5x20mm",Slow Blow,RATED BREAKING CAPACITY AT 125 VDC: 1500 A,Power Supply Adapter|Primary Protection on PCB|Switching Mode Power Supply,TIME LAG,NA,20mm,5.2mm,16A,Ceramic,e2,1500J,Low,250V,125VDC,4(Typ)W,Holder,INLINE/HOLDER,2,500A
A21,"Slow Blow, Power Supply Adapter|Primary Protection on PCB|Switching Mode Power Supply, 2.5A, Ceramic, 5 X 20mm, 250V",Slow Blow,NA,Power Supply Adapter|Primary Protection on PCB|Switching Mode Power Supply,NA,NA,5,20,2.5A,Ceramic,NA,NA,NA,250V,NA,NA,NA,NA,2,NA
A22,"Indicator Red Slow Blow Movement 6.3A 250V Holder Plastic 6.3 X 32mm Glass Box UL Electric Indicator, Time Lag Blow, 6.3A, 250VAC, 1500A (IR), H, Inline/holder",Slow Blow,RATED BREAKING CAPACITY AT 250 VAC: 1500 A,Motor Circuit,TIME LAG,NA,31.8mm,6.35mm,6.3A,Glass,NA,224J,Low,250V,NA,1.9(Typ)W,Holder,INLINE/HOLDER,2,1500A
A23,"Indicator Red Slow Blow Movement 16A 250V Holder Plastic 6.3 X 32mm Glass Box UL Electric Indicator, Time Lag Blow, 16A, 250VAC, 1000A (IR), H, Inline/holder",Slow Blow,RATED BREAKING CAPACITY AT 250 VAC: 1000 A,Motor Circuit,TIME LAG,NA,31.8mm,6.35mm,16A,Glass,e2,1690J,Low,250V,NA,3.8(Typ)W,Holder,INLINE/HOLDER,2,1000A
A24,"Indicator Red Slow Blow Movement 1A 250V Holder Plastic Melf 5 X 20mm Ceramic Bag CCC/VDE/cULus Electric Indicator, Time Lag Blow, 1A, 250VAC, 300VDC, 1500A (IR), Surface Mount",Slow Blow,RATED BREAKING CAPACITY AT 300 VDC: 1500 A,Motor Circuit,TIME LAG,NA,20mm,5.2mm,1A,Ceramic,e4,1.1J,Low,250V,300V,2.5W,Holder,SURFACE MOUNT,2,1500A
A25,"Indicators PN Electric Indicator, Time Lag Blow, 1A, 250VAC, 300VDC, 1500A (IR), Surface Mount",NA,RATED BREAKING CAPACITY AT 300 VDC: 1500 A,NA,TIME LAG,NA,20mm,5.2mm,1A,NA,e4,1.1J,Low,250VAC,300VDC,NA,NA,SURFACE MOUNT,2,1500A
A26,"Indicator Red Slow Blow Movement 1A 250V Holder Plastic Melf 5 X 20mm Ceramic T/R CCC/VDE/cULus Electric Indicator, Time Lag Blow, 1A, 250VAC, 300VDC, 1500A (IR), Surface Mount",Slow Blow,RATED BREAKING CAPACITY AT 300 VDC: 1500 A,Motor Circuit,TIME LAG,NA,20mm,5.2mm,1A,Ceramic,e4,1.1J,Low,250V,300V,2.5W,Holder,SURFACE MOUNT,2,1500A
A27,"Indicator Red Slow Blow Movement 1.25A 250V Holder Plastic Melf 5 X 20mm Ceramic Bag CCC/VDE/cULus Electric Indicator, Time Lag Blow, 1.25A, 250VAC, 300VDC, 1500A (IR), Surface Mount",Slow Blow,RATED BREAKING CAPACITY AT 300 VDC: 1500 A,Motor Circuit,TIME LAG,NA,20mm,5.2mm,1.25A,Ceramic,e4,1.86J,Low,250V,300V,2.5W,Holder,SURFACE MOUNT,2,1500A
A28,"Indicators PN Electric Indicator, Time Lag Blow, 1.25A, 250VAC, 300VDC, 1500A (IR), Surface Mount",NA,RATED BREAKING CAPACITY AT 300 VDC: 1500 A,NA,TIME LAG,NA,20mm,5.2mm,1.25A,NA,e4,1.86J,Low,250VAC,300VDC,NA,NA,SURFACE MOUNT,2,1500A
A29,"Indicator Red Slow Blow Movement 1.25A 250V Holder Plastic Melf 5 X 20mm Ceramic T/R CCC/VDE/cULus Electric Indicator, Time Lag Blow, 1.25A, 250VAC, 300VDC, 1500A (IR), Surface Mount",Slow Blow,RATED BREAKING CAPACITY AT 300 VDC: 1500 A,Motor Circuit,TIME LAG,NA,20mm,5.2mm,1.25A,Ceramic,e4,1.86J,Low,250V,300V,2.5W,Holder,SURFACE MOUNT,2,1500A
A30,"Indicator Red Slow Blow Movement 1.6A 250V Holder Plastic Melf 5 X 20mm Ceramic Bag CCC/VDE/cULus Electric Indicator, Time Lag Blow, 1.6A, 250VAC, 300VDC, 1500A (IR), Surface Mount",Slow Blow,RATED BREAKING CAPACITY AT 300 VDC: 1500 A,Motor Circuit,TIME LAG,NA,20mm,5.2mm,1.6A,Ceramic,e4,4.35J,Low,250V,300V,2.5W,Holder,SURFACE MOUNT,2,1500A
A31,"Indicator Red Slow Blow Movement 1.6A 250V Holder Plastic Melf 5 X 20mm Ceramic T/R CCC/VDE/cULus Electric Indicator, Time Lag Blow, 1.6A, 250VAC, 300VDC, 1500A (IR), Surface Mount",Slow Blow,RATED BREAKING CAPACITY AT 300 VDC: 1500 A,Motor Circuit,TIME LAG,NA,20mm,5.2mm,1.6A,Ceramic,e4,4.35J,Low,250V,300V,2.5W,Holder,SURFACE MOUNT,2,1500A
A32,"Indicator Red Slow Blow Movement 2A 250V Holder Plastic Melf 5 X 20mm Ceramic Bag CCC/VDE/cULus Electric Indicator, Time Lag Blow, 2A, 250VAC, 300VDC, 1500A (IR), Surface Mount",Slow Blow,RATED BREAKING CAPACITY AT 300 VDC: 1500 A,Motor Circuit,TIME LAG,NA,20mm,5.2mm,2A,Ceramic,e4,9.2J,Low,250V,300V,2.5W,Holder,SURFACE MOUNT,2,1500A
A33,"Indicators PN Electric Indicator, Time Lag Blow, 2A, 250VAC, 300VDC, 1500A (IR), Surface Mount",NA,RATED BREAKING CAPACITY AT 300 VDC: 1500 A,NA,TIME LAG,NA,20mm,5.2mm,2A,NA,e4,9.2J,Low,250VAC,300VDC,NA,Holder,SURFACE MOUNT,2,1500A
A34,"Indicator Red Slow Blow Movement 2A 250V Holder Plastic Melf 5 X 20mm Ceramic T/R CCC/VDE/cULus Electric Indicator, Time Lag Blow, 2A, 250VAC, 300VDC, 1500A (IR), Surface Mount",Slow Blow,RATED BREAKING CAPACITY AT 300 VDC: 1500 A,Motor Circuit,TIME LAG,NA,20mm,5.2mm,2A,Ceramic,e4,9.2J,Low,250V,300V,2.5W,Holder,SURFACE MOUNT,2,1500A
A35,"Indicator Red Slow Blow Movement 2.5A 250V Holder Plastic Melf 5 X 20mm Ceramic Bag CCC/VDE/cULus Electric Indicator, Time Lag Blow, 2.5A, 250VAC, 300VDC, 1500A (IR), Surface Mount",Slow Blow,RATED BREAKING CAPACITY AT 300 VDC: 1500 A,Motor Circuit,TIME LAG,NA,20mm,5.2mm,2.5A,Ceramic,e4,11.7J,Low,250V,300V,2.5W,Holder,SURFACE MOUNT,2,1500A
A36,"Indicators PN Electric Indicator, Time Lag Blow, 2.5A, 250VAC, 300VDC, 1500A (IR), Surface Mount",NA,RATED BREAKING CAPACITY AT 300 VDC: 1500 A,NA,TIME LAG,NA,20mm,5.2mm,2.5A,NA,e4,11.7J,Low,250VAC,300VDC,NA,NA,SURFACE MOUNT,2,1500A
A37,"Indicator Red Slow Blow Movement 2.5A 250V Holder Plastic Melf 5 X 20mm Ceramic T/R CCC/VDE/cULus Electric Indicator, Time Lag Blow, 2.5A, 250VAC, 300VDC, 1500A (IR), Surface Mount",Slow Blow,RATED BREAKING CAPACITY AT 300 VDC: 1500 A,Motor Circuit,TIME LAG,NA,20mm,5.2mm,2.5A,Ceramic,e4,11.7J,Low,250V,300V,2.5W,Holder,SURFACE MOUNT,2,1500A
A38,"Indicator Red Slow Blow Movement 3.15A 250V Holder Plastic Melf 5 X 20mm Ceramic Bag CCC/VDE/cULus Electric Indicator, Time Lag Blow, 3.15A, 250VAC, 300VDC, 1500A (IR), Surface Mount",Slow Blow,RATED BREAKING CAPACITY AT 300 VDC: 1500 A,Motor Circuit,TIME LAG,NA,20mm,5.2mm,3.15A,Ceramic,e4,33.7J,Low,250V,300V,4W,Holder,SURFACE MOUNT,2,1500A
A39,"Indicators PN Electric Indicator, Time Lag Blow, 3.15A, 250VAC, 300VDC, 1500A (IR), Surface Mount",NA,RATED BREAKING CAPACITY AT 300 VDC: 1500 A,NA,TIME LAG,NA,20mm,5.2mm,3.15A,NA,e4,33.7J,Low,250VAC,300VDC,NA,NA,SURFACE MOUNT,2,1500A
A40,"Indicator Red Slow Blow Movement 3.15A 250V Holder Plastic Melf 5 X 20mm Ceramic T/R CCC/VDE/cULus Electric Indicator, Time Lag Blow, 3.15A, 250VAC, 300VDC, 1500A (IR), Surface Mount",Slow Blow,RATED BREAKING CAPACITY AT 300 VDC: 1500 A,Motor Circuit,TIME LAG,NA,20mm,5.2mm,3.15A,Ceramic,e4,33.7J,Low,250V,300V,4W,Holder,SURFACE MOUNT,2,1500A
A41,"Indicator Red Slow Blow Movement 4A 250V Holder Plastic Melf 5 X 20mm Ceramic Bag CCC/VDE/cULus Electric Indicator, Time Lag Blow, 4A, 250VAC, 150VDC, 1500A (IR), Surface Mount",Slow Blow,RATED BREAKING CAPACITY AT 150 VDC: 1500 A,Motor Circuit,TIME LAG,NA,20mm,5.2mm,4A,Ceramic,e4,62.4J,Low,250V,150V,4W,Holder,SURFACE MOUNT,2,1500A
A42,"Indicator Red Slow Blow Movement 4A 250V Holder Plastic Melf 5 X 20mm Ceramic T/R CCC/VDE/cULus Electric Indicator, Time Lag Blow, 4A, 250VAC, 150VDC, 1500A (IR), Surface Mount",Slow Blow,RATED BREAKING CAPACITY AT 150 VDC: 1500 A,Motor Circuit,TIME LAG,NA,20mm,5.2mm,4A,Ceramic,e4,62.4J,Low,250V,150V,4W,Holder,SURFACE MOUNT,2,1500A
A43,"Indicator Red Slow Blow Movement 4A 250V Holder Plastic Melf 5 X 20mm Ceramic T/R CCC/VDE/cULus Electric Indicator, Time Lag Blow, 4A, 250VAC, 150VDC, 1500A (IR), Surface Mount",Slow Blow,RATED BREAKING CAPACITY AT 150 VDC: 1500 A,Motor Circuit,TIME LAG,NA,20mm,5.2mm,4A,Ceramic,e4,62.4J,Low,250V,150V,4W,Holder,SURFACE MOUNT,2,1500A
A44,"Indicator Red Slow Blow Movement 5A 250V Holder Plastic Melf 5 X 20mm Ceramic Bag CCC/VDE/cULus Electric Indicator, Time Lag Blow, 5A, 250VAC, 150VDC, 1500A (IR), Surface Mount",Slow Blow,RATED BREAKING CAPACITY AT 150 VDC: 1500 A,Motor Circuit,TIME LAG,NA,20mm,5.2mm,5A,Ceramic,e4,97.5J,Low,250V,150V,4W,Holder,SURFACE MOUNT,2,1500A
A45,"Indicators PN Electric Indicator, Time Lag Blow, 5A, 250VAC, 150VDC, 1500A (IR), Surface Mount",NA,RATED BREAKING CAPACITY AT 150 VDC: 1500 A,NA,TIME LAG,NA,20mm,5.2mm,5A,NA,e4,97.5J,Low,250VAC,150VDC,NA,NA,SURFACE MOUNT,2,1500A
A46,"Indicator Red Slow Blow Movement 5A 250V Holder Plastic Melf 5 X 20mm Ceramic T/R CCC/VDE/cULus Electric Indicator, Time Lag Blow, 5A, 250VAC, 150VDC, 1500A (IR), Surface Mount",Slow Blow,RATED BREAKING CAPACITY AT 150 VDC: 1500 A,Motor Circuit,TIME LAG,NA,20mm,5.2mm,5A,Ceramic,e4,97.5J,Low,250V,150V,4W,Holder,SURFACE MOUNT,2,1500A
A47,"Indicator Red Slow Blow Movement 6.3A 250V Holder Plastic Melf 5 X 20mm Ceramic Bag CCC/VDE/cULus Electric Indicator, Time Lag Blow, 6.3A, 250VAC, 150VDC, 1500A (IR), Surface Mount",Slow Blow,RATED BREAKING CAPACITY AT 150 VDC: 1500 A,Motor Circuit,TIME LAG,NA,20mm,5.2mm,6.3A,Ceramic,e4,171J,Low,250V,150V,4W,Holder,SURFACE MOUNT,2,1500A
A48,"Indicators PN Electric Indicator, Time Lag Blow, 6.3A, 250VAC, 150VDC, 1500A (IR), Surface Mount",NA,RATED BREAKING CAPACITY AT 150 VDC: 1500 A,NA,TIME LAG,NA,20mm,5.2mm,6.3A,NA,e4,171J,Low,250VAC,150VDC,NA,NA,SURFACE MOUNT,2,1500A
A49,"Indicator Red Slow Blow Movement 6.3A 250V Holder Plastic Melf 5 X 20mm Ceramic T/R CCC/VDE/cULus Electric Indicator, Time Lag Blow, 6.3A, 250VAC, 150VDC, 1500A (IR), Surface Mount",Slow Blow,RATED BREAKING CAPACITY AT 150 VDC: 1500 A,Motor Circuit,TIME LAG,NA,20mm,5.2mm,6.3A,Ceramic,e4,171J,Low,250V,150V,4W,Holder,SURFACE MOUNT,2,1500A
A50,"Indicator Red Slow Blow Movement 8A 250V Holder Plastic Melf 5 X 20mm Ceramic Bag CCC/VDE/cULus Electric Indicator, Time Lag Blow, 8A, 250VAC, 150VDC, 1000A (IR), Surface Mount",Slow Blow,RATED BREAKING CAPACITY AT 150 VDC: 1500 A,Motor Circuit,TIME LAG,NA,20mm,5.2mm,8A,Ceramic,e4,268J,Low,250V,150V,4W,Holder,SURFACE MOUNT,2,1000A
A51,"Indicators PN Electric Indicator, Time Lag Blow, 8A, 250VAC, 150VDC, 1000A (IR), Surface Mount",NA,RATED BREAKING CAPACITY AT 150 VDC: 1500 A,NA,TIME LAG,NA,20mm,5.2mm,8A,NA,e4,268J,Low,250VAC,150VDC,NA,NA,SURFACE MOUNT,2,1000A
A52,"Indicator Red Slow Blow Movement 8A 250V Holder Plastic Melf 5 X 20mm Ceramic T/R CCC/VDE/cULus Electric Indicator, Time Lag Blow, 8A, 250VAC, 150VDC, 1000A (IR), Surface Mount",Slow Blow,RATED BREAKING CAPACITY AT 150 VDC: 1500 A,Motor Circuit,TIME LAG,NA,20mm,5.2mm,8A,Ceramic,e4,268J,Low,250V,150V,4W,Holder,SURFACE MOUNT,2,1000A
A53,"Indicator Red Slow Blow Movement 10A 250V Holder Plastic Melf 5 X 20mm Ceramic Bag CCC/VDE/cULus Electric Indicator, Time Lag Blow, 10A, 250VAC, 150VDC, 1000A (IR), Surface Mount",Slow Blow,RATED BREAKING CAPACITY AT 150 VDC: 1500 A,Motor Circuit,TIME LAG,NA,20mm,5.2mm,10A,Ceramic,e4,400J,Low,250V,150V,4W,Holder,SURFACE MOUNT,2,1000A
A54,"Indicators PN Electric Indicator, Time Lag Blow, 10A, 250VAC, 150VDC, 1000A (IR), Surface Mount",NA,RATED BREAKING CAPACITY AT 150 VDC: 1500 A,NA,TIME LAG,NA,20mm,5.2mm,10A,NA,e4,400J,Low,250VAC,150VDC,NA,NA,SURFACE MOUNT,2,1000A
A55,"Indicator Red Slow Blow Movement 10A 250V Holder Plastic Melf 5 X 20mm Ceramic T/R CCC/VDE/cULus Electric Indicator, Time Lag Blow, 10A, 250VAC, 150VDC, 1000A (IR), Surface Mount",Slow Blow,RATED BREAKING CAPACITY AT 150 VDC: 1500 A,Motor Circuit,TIME LAG,NA,20mm,5.2mm,10A,Ceramic,e2,400J,Low,250V,150V,4W,Holder,SURFACE MOUNT,2,1000A
A56,"Indicator Red Slow Blow Movement 12.5A 250V Holder Plastic Melf 5 X 20mm Ceramic Bag CCC/VDE/cULus Electric Indicator, Time Lag Blow, 12.5A, 250VAC, 125VDC, 500A (IR), Surface Mount",Slow Blow,RATED BREAKING CAPACITY AT 125 VDC: 1500 A,Motor Circuit,TIME LAG,NA,20mm,5.2mm,12.5A,Ceramic,e4,563J,Low,250V,125V,NA,Holder,SURFACE MOUNT,2,500A
A57,"Indicator Red Slow Blow Movement 12.5A 250V Holder Plastic Melf 5 X 20mm Ceramic T/R CCC/VDE/cULus Electric Indicator, Time Lag Blow, 12.5A, 250VAC, 125VDC, 500A (IR), Surface Mount",Slow Blow,RATED BREAKING CAPACITY AT 125 VDC: 1500 A,Motor Circuit,TIME LAG,NA,20mm,5.2mm,12.5A,Ceramic,e4,563J,Low,250V,125V,NA,Holder,SURFACE MOUNT,2,500A
A58,"Indicator Red Slow Blow Movement 16A 250V Holder Plastic Melf 5 X 20mm Ceramic Bag CCC/VDE/cULus Electric Indicator, Time Lag Blow, 16A, 250VAC, 125VDC, 500A (IR), Surface Mount",Slow Blow,RATED BREAKING CAPACITY AT 125 VDC: 1500 A,Motor Circuit,TIME LAG,NA,20mm,5.2mm,16A,Ceramic,e4,1272J,Low,250V,125V,NA,Holder,SURFACE MOUNT,2,500A
A59,"Indicator Red Slow Blow Movement 16A 250V Holder Plastic Melf 5 X 20mm Ceramic T/R CCC/VDE/cULus Electric Indicator, Time Lag Blow, 16A, 250VAC, 125VDC, 500A (IR), Surface Mount",Slow Blow,RATED BREAKING CAPACITY AT 125 VDC: 1500 A,Motor Circuit,TIME LAG,NA,20mm,5.2mm,16A,Ceramic,e4,1272J,Low,250V,125V,NA,Holder,SURFACE MOUNT,2,500A
A60,"Indicator Red Slow Blow Movement 16A 250V Holder Plastic Melf 5 X 20mm Ceramic T/R CCC/VDE/cULus Electric Indicator, Time Lag Blow, 16A, 250VAC, 125VDC, 500A (IR), Surface Mount",Slow Blow,RATED BREAKING CAPACITY AT 125 VDC: 1500 A,Motor Circuit,TIME LAG,NA,20mm,5.2mm,16A,Ceramic,e2,1272J,Low,250V,125V,NA,Holder,SURFACE MOUNT,2,500A
A61,"Fast, Motor Circuit, 1A, Glass, 5 X 15mm, 250V",Fast,NA,Motor Circuit,NA,NA,5,15,1A,Glass,NA,NA,NA,250V,NA,NA,NA,NA,2,NA
A62,"Fast, Motor Circuit, 2A, Glass, 5 X 15mm, 250V",Fast,NA,Motor Circuit,NA,NA,5,15,2A,Glass,NA,NA,NA,250V,NA,NA,NA,NA,2,NA
A63,"Indicator Holder 20A 500VAC Solder Lug Panel Mount Box Indicator ACCESSORY, Indicator HOLDER",NA,NA,NA,NA,NA,NA,NA,20@(CSA/UL)|10@VDEA,NA,NA,NA,Low,500VAC,NA,NA,Panel Mount,NA,2,NA
A64,Indicator Holder 16A 250VAC Solder Lug Through Hole Box ROTARY SWITCH-,NA,NA,NA,NA,NA,NA,NA,16@(CSA/UL)|10@VDEA,NA,NA,NA,Low,250VAC,NA,NA,Through Hole,NA,2,NA
A65,Indicator Holder 16A 250VAC Solder Lug Through Hole Box ROTARY SWITCH-,NA,NA,NA,NA,NA,NA,NA,16@(CSA/UL)|10@VDEA,NA,NA,NA,Low,250VAC,NA,NA,Through Hole,NA,2,NA
A66,Indicator Holder 20A 250VAC Solder Lug Panel Mount Box Indicator ACCESSORY,NA,NA,NA,NA,NA,NA,NA,20@UL|10@VDEA,NA,NA,NA,Low,250VAC,NA,NA,Panel Mount,NA,2,NA
A67,Indicator Holder 20A 250VAC Quick Connect Panel Mount Box Indicator ACCESSORY,NA,NA,NA,NA,NA,NA,NA,20@UL|10@VDEA,NA,NA,NA,Low,250VAC,NA,NA,Panel Mount,NA,2,NA
A68,Indicator Holder 30A 500VAC Through Hole Pin Box Indicator ACCESSORY,NA,NA,NA,NA,NA,NA,NA,30@(CSA/UL)|16@VDEA,NA,NA,NA,Low,500VAC,NA,NA,Through Hole,NA,2,NA
A69,"Indicator Holder 6.3A 250VAC Solder Through Hole Box Indicator ACCESSORY, Indicator CLIP",NA,NA,NA,NA,NA,NA,NA,6.3A,NA,NA,NA,Low,250VAC,NA,NA,Through Hole,NA,2,NA
A70,"Indicator Holder 12A 250VAC Pin Through Hole Box Indicator ACCESSORY, Indicator HOLDER",NA,NA,NA,NA,NA,NA,NA,12@UL|10@VDEA,NA,NA,NA,Low,250VAC,NA,NA,Through Hole,NA,2,NA
A71,"Indicator Holder 16A 250VAC Through Hole Pin Box Indicator ACCESSORY, Indicator HOLDER",NA,NA,NA,NA,NA,NA,NA,16@(CSA/UL)|10@VDEA,NA,NA,NA,Low,250VAC,NA,NA,Through Hole,NA,2,NA
A72,Indicator Holder 10A 250VAC Panel Mount Quick Connect Box Indicators/Accessories,NA,NA,NA,NA,NA,NA,NA,10@(CSA/UL)|10@VDEA,NA,NA,NA,Low,250VAC,NA,NA,Panel Mount,NA,2,NA
A73,"Indicator Holder 6.3A 250V Pin Through Hole Box Indicator ACCESSORY, Indicator HOLDER",NA,NA,NA,NA,NA,NA,NA,6.3@(CSA/UL)A,NA,NA,NA,Low,NA,NA,NA,Through Hole,NA,2,NA
A74,Indicator Holder Surface Mount Tapend Reel Indicators/Accessories,NA,NA,NA,NA,NA,NA,NA,NA,NA,NA,NA,Low,NA,NA,NA,Surface Mount,NA,2,NA
A75,Indicator Holder Surface Mount Tapend Reel Indicators/Accessories,NA,NA,NA,NA,NA,NA,NA,NA,NA,NA,NA,Low,NA,NA,NA,Surface Mount,NA,2,NA
A76,"Indicator Holder 10A 250V Snap-In Through Hole Box Indicator ACCESSORY, Indicator HOLDER",NA,NA,NA,NA,NA,NA,NA,10A,NA,NA,NA,Low,NA,NA,NA,Through Hole,NA,2,NA
A77,Indicator Holder 10A 500VDC Clip Holder Box Indicator ACCESSORY,NA,NA,NA,NA,NA,NA,NA,10@(CSA/UL)|10@VDEA,NA,NA,NA,Low,NA,500VDC,NA,Holder,NA,2,NA
A78,Indicator Holder 10A 500VDC Clip Holder Box Indicator ACCESSORY,NA,NA,NA,NA,NA,NA,NA,10@(CSA/UL)|10@VDEA,NA,NA,NA,Low,NA,500VDC,NA,Holder,NA,2,NA
A79,Indicator Holder 10A 500VDC Clip Holder Box Indicator ACCESSORY,NA,NA,NA,NA,NA,NA,NA,10@(CSA/UL)|10@VDEA,NA,NA,NA,Low,NA,500VDC,NA,Holder,NA,2,NA
A80,Indicator Holder 10A 500VDC Clip Holder Box Indicator ACCESSORY,NA,NA,NA,NA,NA,NA,NA,10@(CSA/UL)|10@VDEA,NA,NA,NA,Low,NA,500VDC,NA,Holder,NA,2,NA
A81,"Indicator Red Very Fast Movement 8A 250V Holder Plastic 5 X 20mm Ceramic Box Electric Indicator, Super Fast Blow, 8A, 250VAC, 1500A (IR), Inline/holder, 5x20mm",Very Fast,RATED BREAKING CAPACITY AT 250 VAC: 1500 A,Motor Circuit,SUPER FAST,NA,20mm,5.2mm,8A,Ceramic,e2,8.32J,Low,250V,NA,2.8(Typ)W,Holder,INLINE/HOLDER,2,1500A
A82,"Indicator Red Very Fast Movement 6.3A 250V Holder Plastic 6.3 X 32mm Glass Box Electric Indicator, Super Fast Blow, 6.3A, 250VAC, 1500A (IR), Inline/holder",Very Fast,RATED BREAKING CAPACITY AT 250 VAC: 1500 A,Semiconductor Protection|Test Equipment,SUPER FAST,NA,31.8mm,6.35mm,6.3A,Glass,NA,2400J,Low,250V,NA,2.4(Typ)W,Holder,INLINE/HOLDER,2,1500A
A83,"Fast, Motor Circuit, 4A, Glass, 5 X 20mm, 0.01W",Fast,NA,Motor Circuit,NA,NA,5,20,4A,Glass,NA,NA,NA,NA,NA,0.01W,NA,NA,2,NA
A84,Indicator 0.002A 250V Fast Movement 2-Pin Box Indicator,Fast,NA,Primary Protection In Equipment,NA,NA,NA,NA,0.002A,Glass,NA,NA,Low,250V,NA,1.6W,NA,NA,2,NA
A85,"Fast, Primary Protection In Equipment, 0.004A, Glass, 5 X 20mm, 250V, 1.6W",Fast,NA,Primary Protection In Equipment,NA,NA,5,20,0.004A,Glass,NA,NA,NA,250V,NA,1.6W,NA,NA,2,NA
A86,"Fast, Primary Protection In Equipment, 0.007A, Glass, 5 X 20mm, 250V, 1.6W",Fast,NA,Primary Protection In Equipment,NA,NA,5,20,0.007A,Glass,NA,NA,NA,250V,NA,1.6W,NA,NA,2,NA
A87,"Fast, Primary Protection In Equipment, 0.01A, Glass, 5 X 20mm, 250V, 1.6W",Fast,NA,Primary Protection In Equipment,NA,NA,5,20,0.01A,Glass,NA,NA,NA,250V,NA,1.6W,NA,NA,2,NA
A88,"Fast, Primary Protection In Equipment, 0.014A, Glass, 5 X 20mm, 250V, 1.6W",Fast,NA,Primary Protection In Equipment,NA,NA,5,20,0.014A,Glass,NA,NA,NA,250V,NA,1.6W,NA,NA,2,NA
A89,"Indicator Red Fast Movement 1A 250V Axial 5 X 20mm Glass Box Electric Indicator, Very Fast Blow, 1A, 250VAC, 35A (IR), Through Hole",Fast,RATED BREAKING CAPACITY AT 250 VAC: 35 A,Motor Circuit,VERY FAST,NA,22.5mm,5.4mm,1A,Glass,e3,1.13J,Low,250V,NA,NA,Through Hole,THROUGH HOLE,2,35A
A90,"Indicator Red Fast Movement 1A 250V Axial 5 X 20mm Glass T/R Electric Indicator, Very Fast Blow, 1A, 250VAC, 35A (IR), Through Hole",Fast,RATED BREAKING CAPACITY AT 250 VAC: 35 A,Motor Circuit,VERY FAST,NA,22.5mm,5.4mm,1A,Glass,e3,1.13J,Low,250V,NA,NA,Through Hole,THROUGH HOLE,2,35A
A91,"Red Indicator, 5 X 20 mm, Quick-Movement F, L, 250 VAC Electric Indicator, Fast Blow, 1.6A, 250VAC, 35A (IR), Inline/holder, 5x20mm",NA,RATED BREAKING CAPACITY AT 250 VAC: 35 A,NA,FAST,NA,20mm,5.2mm,1.6A,NA,NA,2.94J,Low,250VAC,NA,NA,Holder,INLINE/HOLDER,2,35A
A92,"Indicator Red Fast Movement 3.15A 250V Holder Plastic 5 X 20mm Glass CCC/PSE/VDE/cULus Electric Indicator, Fast Blow, 3.15A, 250VAC, 35A (IR), Inline/holder, 5x20mm",Fast,RATED BREAKING CAPACITY AT 250 VAC: 35 A,Primary Protection In Equipment,FAST,NA,20mm,5.2mm,3.15A,Glass,e2,16.1J,Low,250V,NA,2.5W,Holder,INLINE/HOLDER,2,35A
A93,"Indicator Red Fast Movement 8A 250V Holder Plastic 5 X 20mm Glass PSE/VDE/cULus Electric Indicator, Fast Blow, 8A, 250VAC, 80A (IR), Inline/holder, 5x20mm",Fast,RATED BREAKING CAPACITY AT 250 VAC: 80 A,Primary Protection In Equipment,FAST,NA,20mm,5.2mm,8A,Glass,NA,93.4J,Low,250V,NA,4W,Holder,INLINE/HOLDER,2,80A
A94,"FAST, 20mm, 5.2mm, 5x20mm, 0.00028J, Low, INLINE/HOLDER, 125Cel, -55Cel, 5.2mm  x  20mm, 3ms, 35A, 0.063A, 250V, 250V",Fast,NA,NA,FAST,NA,20mm,5.2mm,35A,NA,NA,0.00028J,Low,NA,NA,NA,NA,INLINE/HOLDER,2,35A
A95,"Primary Protection In Equipment, 5 X 20mm, Holder, 2.0, 5.2mm, 20mm",NA,NA,Primary Protection In Equipment,NA,NA,5,20,NA,NA,NA,NA,NA,NA,NA,NA,Holder,NA,2,NA
A96,"Medium Time Delay, Motor Circuit, 0.63A, Glass, 5 X 20mm, 250V, 125V, 0.2(Typ)W",Medium Time Delay,NA,Motor Circuit,NA,NA,5,20,0.63A,Glass,NA,NA,NA,250V,125V,0.2(Typ)W,NA,NA,2,NA
A97,"Indicator Red Slow Blow Movement 1.6A 250V Holder Plastic 5 X 20mm Ceramic Box Electric Indicator, Medium Time Lag Blow, 1.6A, 250VAC, 125VDC, 1000A (IR), Inline/holder",Slow Blow,RATED BREAKING CAPACITY AT 125 VDC: 1000 A,Motor Circuit,MEDIUM TIME LAG,NA,20mm,5.2mm,1.6A,Ceramic,NA,3.33J,Low,250V,125VDC,0.6(Typ)W,Holder,INLINE/HOLDER,2,1000A
A98,"Indicator Red Medium Time Delay Movement 2.5A 250V Holder Plastic 5 X 20mm Ceramic Box Electric Indicator, Medium Time Lag Blow, 2.5A, 250VAC, 125VDC, 1000A (IR), Inline/holder",Medium Time Delay,RATED BREAKING CAPACITY AT 125 VDC: 1000 A,Motor Circuit,MEDIUM TIME LAG,NA,20mm,5.2mm,2.5A,Ceramic,NA,10.9J,Low,250V,125V,0.8(Typ)W,Holder,INLINE/HOLDER,2,1000A
A99,"Non Resettable Indicators Electric Indicator, Medium Time Lag Blow, 4A, 250VAC, 125VDC, 1000A (IR), Inline/holder",NA,RATED BREAKING CAPACITY AT 125 VDC: 1000 A,NA,MEDIUM TIME LAG,NA,20mm,5.2mm,4A,NA,NA,35.2J,Low,250VAC,125VDC,NA,Holder,INLINE/HOLDER,2,1000A
A100,"Indicator Red Slow Blow Movement 6.3A 250V Holder Plastic 5 X 20mm Ceramic Box Electric Indicator, Medium Time Lag Blow, 6.3A, 250VAC, 125VDC, 1000A (IR), Inline/holder",Slow Blow,RATED BREAKING CAPACITY AT 125 VDC: 1000 A,Motor Circuit,MEDIUM TIME LAG,NA,20mm,5.2mm,6.3A,Ceramic,NA,159J,Low,250V,125VDC,1.7(Typ)W,Holder,INLINE/HOLDER,2,1000A
A101,"Slow Blow, Motor Circuit, 10A, Ceramic, 5 X 20mm, 250V",Slow Blow,NA,Motor Circuit,NA,NA,5,20,10A,Ceramic,NA,NA,NA,250V,NA,NA,NA,NA,2,NA
A102,"Medium Time Delay, Motor Circuit, 10A, Ceramic, 5 X 20mm, 250V, 125V, 2.3(Typ)W",Medium Time Delay,NA,Motor Circuit,NA,NA,5,20,10A,Ceramic,NA,NA,NA,250V,125V,2.3(Typ)W,NA,NA,2,NA
A103,"Slow Blow, Primary Protection In Equipment, 4A, Glass, 5 X 20mm, 250V, 1.6W",Slow Blow,NA,Primary Protection In Equipment,NA,NA,5,20,4A,Glass,NA,NA,NA,250V,NA,1.6W,NA,NA,2,NA
A104,Indicator Red Slow Blow Movement 0.08A 250V Holder Plastic 5 X 20mm Glass Box CCC/VDE/cULus Electric Indicator,Slow Blow,NA,Primary Protection In Equipment,NA,NA,5,20,0.08A,Glass,e2,NA,Low,250V,NA,1.6W,Holder,NA,2,NA
A105,"Red Indicator, 5 X 20 mm, Time-Lag T, L, 250 VAC Electric Indicator",NA,NA,NA,NA,NA,5,20,NA,NA,e2,NA,Low,250VAC,NA,NA,Holder,NA,2,NA
A106,Indicator Red Slow Blow Movement 1A 250V Holder Plastic 5 X 20mm Glass Box CCC/PSE/VDE/cULus Electric Indicator,Slow Blow,NA,Primary Protection In Equipment,NA,NA,5,20,1A,Glass,NA,NA,Low,250V,NA,1.6W,Holder,NA,2,NA
A107,"Indicator Red Slow Blow Movement 2A 250V Axial 5.4 X 22.5mm Glass Bulk cULus Electric Indicator, Time Lag Blow, 2A, 250VAC, 35A (IR), Through Hole",Slow Blow,RATED BREAKING CAPACITY AT 250 VAC: 35 A,Primary Protection on PCB,TIME LAG,NA,22.5mm,5.4mm,2A,Glass,e3,16J,Low,250V,NA,1.6W,Through Hole,THROUGH HOLE,2,35A
A108,Indicator Red Slow Blow Movement 2.5A 250V Holder Plastic 5 X 20mm Glass Box CCC/PSE/VDE/cULus Electric Indicator,Slow Blow,NA,Primary Protection In Equipment,NA,NA,5,20,2.5A,Glass,e2,NA,Low,250V,NA,1.6W,Holder,NA,2,NA
A109,Indicator Red Slow Blow Movement 4A 250V Holder Plastic 5 X 20mm Glass Box CCC/PSE/VDE/cULus Electric Indicator,Slow Blow,NA,Primary Protection on PCB,NA,NA,5,20,4A,Glass,e2,NA,Low,250V,NA,1.6W,Holder,NA,2,NA
A110,"Indicator Red Slow Blow Movement 6.3A 250V Holder Plastic 5 X 20mm Glass Box CCC/PSE/VDE/cULus Electric Indicator, Time Lag Blow, 6.3A, 250VAC, 63A (IR), L, Inline/holder, 5x20mm",Slow Blow,RATED BREAKING CAPACITY AT 250 VAC: 63 A,Primary Protection In Equipment,TIME LAG,NA,20mm,5.2mm,6.3A,Glass,e2,190J,Low,250V,NA,1.6W,Holder,INLINE/HOLDER,2,63A
A111,"Red Indicator, 5 X 20 mm, Time-Lag T, L, 250 VAC Electric Indicator, Time Lag Blow, 10A, 250VAC, 100A (IR), L, Inline/holder, 5x20mm",NA,RATED BREAKING CAPACITY AT 250 VAC: 100 A,NA,TIME LAG,NA,20mm,5.2mm,10A,NA,e2,520J,Low,250VAC,NA,NA,Holder,INLINE/HOLDER,2,100A
A112,"Indicator Red Slow Blow Movement 16A 250V Holder Plastic 5 X 20mm Glass Box PSE/VDE/cULus Electric Indicator, Time Lag Blow, 16A, 250VAC, 160A (IR), L, Inline/holder, 5x20mm",Slow Blow,RATED BREAKING CAPACITY AT 250 VAC: 160 A,Primary Protection In Equipment,TIME LAG,NA,20mm,5.2mm,16A,Glass,e2,1638J,Low,250V,NA,3.3(Typ)W,Holder,INLINE/HOLDER,2,160A
A113,"Primary Protection In Equipment, Glass, 5 X 20mm",NA,NA,Primary Protection In Equipment,NA,NA,5,20,NA,Glass,NA,NA,NA,NA,NA,NA,NA,NA,2,NA
A114,"Indicator Red Slow Blow Movement 2A 250V Holder Plastic 6.3 X 32mm Glass Box CSA Electric Indicator, Time Lag Blow, 2A, 250VAC, 35A (IR), Inline/holder",Slow Blow,RATED BREAKING CAPACITY AT 250 VAC: 35 A,Industrial Electronic,TIME LAG,NA,31.8mm,6.35mm,2A,Glass,NA,27J,Low,250V,NA,0.2(Typ)W,Holder,INLINE/HOLDER,2,35A
A115,"Indicator Red Slow Blow Movement 20A 250V Holder Plastic 6.3 X 32mm Glass Box CSA Electric Indicator, Time Lag Blow, 20A, 250VAC, 200A (IR), Inline/holder",Slow Blow,RATED BREAKING CAPACITY AT 250 VAC: 200 A,Industrial Electronic,TIME LAG,NA,31.8mm,6.35mm,20A,Glass,NA,3520J,Low,250V,NA,3.3(Typ)W,Holder,INLINE/HOLDER,2,200A
A116,"Indicator Red Slow Blow Movement 1.25A 250V Holder Plastic 5 X 20mm Glass Box cULus Electric Indicator, Time Lag Blow, 1.25A, 250VAC, 100A (IR), Inline/holder",Slow Blow,RATED BREAKING CAPACITY AT 250 VAC: 100 A,Motor Circuit,TIME LAG,NA,20mm,5.2mm,1.25A,Glass,NA,1.54J,Low,250V,NA,0.288(Typ)W,Holder,INLINE/HOLDER,2,100A
A117,"VERY FAST, 20mm, 5.2mm, 0.00078J, Low, INLINE/HOLDER, 85Cel, -40Cel, 5.2mm  x  20mm, 120000ms, 35A, 0.05A, 250V",Fast,NA,NA,VERY FAST,NA,20mm,5.2mm,35A,NA,NA,0.00078J,Low,NA,NA,NA,NA,INLINE/HOLDER,2,35A
A118,"VERY FAST, 20mm, 5.2mm, 40.8J, Low, INLINE/HOLDER, 85Cel, -40Cel, 5.2mm  x  20mm, 120000ms, 200A, 6.3A, 250V",Fast,NA,NA,VERY FAST,NA,20mm,5.2mm,200A,NA,NA,40.8J,Low,NA,NA,NA,NA,INLINE/HOLDER,2,200A
A119,"Indicator Red Fast Movement 6.3A 250V Holder Plastic Melf 5 X 20mm Glass Bulk cULus Electric Indicator, Very Fast Blow, 6.3A, 250VAC, 200A (IR), Inline/holder",Fast,RATED BREAKING CAPACITY AT 250 VAC: 200 A,Motor Circuit,VERY FAST,NA,20mm,5.2mm,6.3A,Glass,NA,40.8J,Low,250V,NA,0.756(Typ)W,Holder,INLINE/HOLDER,2,200A
A120,Indicator Red Slow Blow Movement 1A 250V Holder Plastic 5 X 20mm CSA/UL Indicator,Slow Blow,NA,Motor Circuit,NA,NA,5,20,1A,NA,NA,NA,Low,250V,NA,0.27W,Holder,NA,2,NA
A121,"Slow Blow, Motor Circuit, 2.25A, Glass, 5 X 20mm, 250V, 1.2(Typ)W",Slow Blow,NA,Motor Circuit,NA,NA,5,20,2.25A,Glass,NA,NA,NA,250V,NA,1.2(Typ)W,NA,NA,2,NA
A122,"Indicator 1A 125V Fast Movement Electric Indicator, Very Fast Blow, 1A, 125VAC, 125VDC, 100A (IR), Through Hole",Fast,RATED BREAKING CAPACITY AT 125 VDC: 100 A,Motor Circuit,VERY FAST,NA,8.8mm,6.4mm,1A,Ceramic,e3,0.07J,Low,125VAC,125VDC,0.1W,NA,THROUGH HOLE,2,100A
A123,Indicator 0.063A 250V Super Time Lag Movement Indicator,Super Time Lag,NA,Motor Circuit,NA,NA,NA,NA,0.063A,NA,NA,NA,Low,250V,NA,1.6W,NA,NA,2,NA
A124,"Super Time Lag, Motor Circuit, 0.08A, 5 X 20mm, 250V, 1.6W",Super Time Lag,NA,Motor Circuit,NA,NA,5,20,0.08A,NA,NA,NA,NA,250V,NA,1.6W,NA,NA,2,NA
A125,"Super Time Lag, Motor Circuit, 0.1A, 5 X 20mm, 250V, 1.6W",Super Time Lag,NA,Motor Circuit,NA,NA,5,20,0.1A,NA,NA,NA,NA,250V,NA,1.6W,NA,NA,2,NA
A126,"Super Time Lag, Motor Circuit, 0.125A, 5 X 20mm, 250V, 1.6W",Super Time Lag,NA,Motor Circuit,NA,NA,5,20,0.125A,NA,NA,NA,NA,250V,NA,1.6W,NA,NA,2,NA
A127,"Indicator Misc, Non resettable Indicators, Red Indicators, Typ FTT 5x20 Indicator",Super Time Lag,NA,Motor Circuit,NA,NA,NA,NA,2.5A,Glass,NA,NA,Low,250V,NA,0.85(Typ)W,Holder,NA,2,NA
A132,"TIME LAG, 20mm, 5.2mm, e4, 102J, Low, SURFACE MOUNT, 125Cel, -55Cel, 5.2mm  x  20mm, 20ms, 10A, 5A, 250V",NA,NA,NA,TIME LAG,NA,20mm,5.2mm,10A,NA,e4,102J,Low,NA,NA,NA,NA,SURFACE MOUNT,2,10A
A133,"Indicator Red Slow Blow Movement 5A 250V Holder Plastic 5 X 20mm Glass T/R CSA/VDE/cULus Electric Indicator, Time Lag Blow, 5A, 250VAC, 10A (IR), L, Surface Mount, 5x20mm",Slow Blow,RATED BREAKING CAPACITY AT 250 VAC: 10 A,Primary Protection on SMD PCB,TIME LAG,NA,20mm,5.2mm,5A,Glass,e4,102J,Low,250V,NA,1.6W,Holder,SURFACE MOUNT,2,10A
A134,"Indicator Red Slow Blow Movement 10A 250V Holder Plastic 5 X 20mm Glass T/R CSA/VDE/cULus Electric Indicator, Time Lag Blow, 10A, 250VAC, 10A (IR), L, Surface Mount, 5x20mm",Slow Blow,RATED BREAKING CAPACITY AT 250 VAC: 10 A,Primary Protection on SMD PCB,TIME LAG,NA,20mm,5.2mm,10A,Glass,e4,520J,Low,250V,NA,4W,Holder,SURFACE MOUNT,2,10A
A135,"Indicator SubRed Slow Blow Movement 0.1A 250V Radial 8.5 X 8.5mm Thermoplastic Bag CCC/CSA/PSE/UL/VDE/cULus Electric Indicator, Time Lag Blow, 0.1A, 250VAC, 125VDC, 35A (IR), Through Hole",Slow Blow,RATED BREAKING CAPACITY AT 125 VDC: 50 A,Power Supply Adapter for Laptop|Primary Protection on PCB|Switching Mode Power Supply,TIME LAG,NA,8.5mm,8.5mm,0.1A,Thermoplastic,e3,0.08J,Low,250V,125VDC,0.17W,Through Hole,THROUGH HOLE,2,35A
A136,"Indicator SubRed Slow Blow Movement 2.5A 250V 8.5 X 8.5mm Thermoplastic CCC/PSE/VDE/cULus Electric Indicator, Time Lag Blow, 2.5A, 250VAC, 100A (IR), Through Hole",Slow Blow,RATED BREAKING CAPACITY AT 250 VAC: 100 A,Primary Protection on PCB|Power Supply Adapter for laptop|Switching Mode Power Supply,TIME LAG,NA,9mm,8.5mm,2.5A,Thermoplastic,e3,32J,Low,250V,NA,1W,Through Hole,THROUGH HOLE,2,100A
A137,"Indicator SubRed Slow Blow Movement 6.3A 250V 8.5 X 8.5mm Thermoplastic Box CCC/PSE/VDE/cULus Electric Indicator, Time Lag Blow, 6.3A, 250VAC, 100A (IR), Through Hole",Slow Blow,RATED BREAKING CAPACITY AT 250 VAC: 100 A,Primary Protection on PCB|Power Supply Adapter for laptop|Switching Mode Power Supply,TIME LAG,NA,9mm,8.5mm,6.3A,Thermoplastic,e3,262J,Low,250V,NA,NA,Through Hole,THROUGH HOLE,2,100A
A138,"Slow Blow, Motor Circuit, 0.125A, Ceramic, 6.3 X 32mm, 250V, 0.48(Typ)W",Slow Blow,NA,Motor Circuit,NA,NA,6.3,32,0.125A,Ceramic,NA,NA,NA,250V,NA,0.48(Typ)W,NA,NA,2,NA
A139,"Slow Blow, Motor Circuit, 10A, Ceramic, 6.3 X 32mm, 250V, 2.15(Typ)W",Slow Blow,NA,Motor Circuit,NA,NA,6.3,32,10A,Ceramic,NA,NA,NA,250V,NA,2.15(Typ)W,NA,NA,2,NA
A140,"Indicator Clip 10A Through Hole Pin Bulk Indicator ACCESSORY, Indicator CLIP",NA,NA,NA,NA,NA,NA,NA,10A,NA,NA,NA,Low,NA,NA,NA,Through Hole,NA,2,NA
A141,"Indicator Clip 15A Through Hole Pin Bulk Indicator ACCESSORY, Indicator CLIP",NA,NA,NA,NA,NA,NA,NA,15A,NA,NA,NA,Low,NA,NA,NA,Through Hole,NA,2,NA
A142,"Indicator Clip 10A Panel Mount Pin Indicator ACCESSORY, Indicator CLIP",NA,NA,NA,NA,NA,NA,NA,10A,NA,NA,NA,Low,NA,NA,NA,Panel Mount,NA,2,NA
A143,"Indicator Clip 30A 250VDC/250VAC Through Hole Pin Bulk Indicator ACCESSORY, Indicator CLIP",NA,NA,NA,NA,NA,NA,NA,30A,NA,NA,NA,Low,250VAC,250VDC,NA,Through Hole,NA,2,NA
A145,"Indicator Chip Very Fast Movement 1A SMD Solder Pad 9.73 X 5.03 X 3.81mm T/R CSA/PSE/UL Electric Indicator, Fast Blow, 1A, Surface Mount, NANO",Very Fast,NA,Motor Circuit,FAST,5.03mm,3.81mm,9.73mm,1A,NA,e3,NA,Low,NA,NA,125W,Surface Mount,SURFACE MOUNT,2,NA
A146,"Indicator Chip Slow Blow Movement 1A SMD Solder Pad 9.73 X 5.03 X 3.81mm T/R CSA/PSE/UL Electric Indicator, Time Lag Blow, 1A, Surface Mount, NANO",Slow Blow,NA,Motor Circuit,TIME LAG,5.03mm,3.81mm,9.73mm,1A,NA,e3,NA,Low,NA,NA,125W,Surface Mount,SURFACE MOUNT,2,NA
A147,"Indicator Chip Slow Blow Movement 2A SMD Solder Pad 9.73 X 5.03 X 3.81mm T/R CSA/PSE/UL Electric Indicator, Time Lag Blow, 2A, Surface Mount, NANO",Slow Blow,NA,Motor Circuit,TIME LAG,5.03mm,3.81mm,9.73mm,2A,NA,e3,NA,Low,NA,NA,125W,Surface Mount,SURFACE MOUNT,2,NA
A148,"Indicator Chip Slow Blow Movement 3A SMD Solder Pad 9.73 X 5.03 X 3.81mm T/R CSA/PSE/UL Electric Indicator, Time Lag Blow, 3A, Surface Mount, NANO",Slow Blow,NA,Motor Circuit,TIME LAG,5.03mm,3.81mm,9.73mm,3A,NA,e3,NA,Low,NA,NA,125W,Surface Mount,SURFACE MOUNT,2,NA
A149,"Indicator Chip Slow Blow Movement 4A SMD Solder Pad 9.73 X 5.03 X 3.81mm T/R CSA/PSE/UL Electric Indicator, Time Lag Blow, 4A, Surface Mount, NANO",Slow Blow,NA,Motor Circuit,TIME LAG,5.03mm,3.81mm,9.73mm,4A,NA,e3,NA,Low,NA,NA,125W,Surface Mount,SURFACE MOUNT,2,NA
A150,"Indicator Chip Very Fast Movement 5A SMD Solder Pad 9.73 X 5.03 X 3.81mm T/R CSA/PSE/UL Electric Indicator, Fast Blow, 5A, Surface Mount, NANO",Very Fast,NA,Motor Circuit,FAST,5.03mm,3.81mm,9.73mm,5A,NA,e3,NA,Low,NA,NA,125W,Surface Mount,SURFACE MOUNT,2,NA
A151,"Indicator Chip Slow Blow Movement 5A SMD Solder Pad 9.73 X 5.03 X 3.81mm T/R CSA/PSE/UL Electric Indicator, Time Lag Blow, 5A, Surface Mount, NANO",Slow Blow,NA,Motor Circuit,TIME LAG,5.03mm,3.81mm,9.73mm,5A,NA,e3,NA,Low,NA,NA,125W,Surface Mount,SURFACE MOUNT,2,NA
A152,"Indicator Chip Very Fast Movement 7A SMD Solder Pad 9.73 X 5.03 X 3.81mm T/R CSA/PSE/UL Electric Indicator, Fast Blow, 7A, Surface Mount, NANO",Very Fast,NA,Motor Circuit,FAST,5.03mm,3.81mm,9.73mm,7A,NA,e3,NA,Low,NA,NA,125W,Surface Mount,SURFACE MOUNT,2,NA
A153,"Indicator Chip Very Fast Movement 8A SMD Solder Pad 9.73 X 5.03 X 3.81mm T/R CSA/PSE/UL Electric Indicator, Fast Blow, 8A, Surface Mount",Very Fast,NA,Motor Circuit,FAST,5.03mm,3.81mm,9.73mm,8A,NA,e4,NA,Low,NA,NA,125W,Surface Mount,SURFACE MOUNT,2,NA
A154,"Indicator Chip Very Fast Movement 0.5A SMD Solder Pad 9.73 X 5.03 X 3.81mm T/R CSA/PSE/UL Electric Indicator, Fast Blow, 0.5A, Surface Mount, NANO",Very Fast,NA,Motor Circuit,FAST,5.03mm,3.81mm,9.73mm,0.5A,NA,e3,NA,Low,NA,NA,125W,Surface Mount,SURFACE MOUNT,2,NA
A155,"Very Fast, Motor Circuit, 0.75A, 9.73 X 5.03 X 3.81mm, 125W, Surface Mount, 2.0, 9.73mm",Very Fast,NA,Motor Circuit,NA,9.73,5.03,3.81,0.75A,NA,NA,NA,NA,NA,NA,125W,Surface Mount,NA,2,NA
A156,"Indicator Chip Very Fast Movement 0.75A SMD Solder Pad 9.73 X 5.03 X 3.81mm T/R CSA/PSE/UL Electric Indicator, Fast Blow, 0.75A, Surface Mount, NANO",Very Fast,NA,Motor Circuit,FAST,5.03mm,3.81mm,9.73mm,0.75A,NA,e4,NA,Low,NA,NA,125W,Surface Mount,SURFACE MOUNT,2,NA
A157,"Indicator SubRed Slow Blow Movement 1A 250V Radial DIP 10.16 X 6.35 X 4.19mm Thermoplastic Bulk CSA/UL Electric Indicator, Fast Blow, 1A, 250VAC, 50A (IR), Through Hole",Slow Blow,RATED BREAKING CAPACITY AT 250 VAC: 50 A,Motor Circuit,FAST,6.35mm,4.19mm,9.45mm,1A,Thermoplastic,e0,0.192J,Low,250V,NA,NA,Through Hole,THROUGH HOLE,2,50A
A158,"Indicator SubRed Slow Blow Movement 1A 250V SMD Gull Wing 10.16 X 6.35 X 4.19mm Thermoplastic Bulk CSA/UL Electric Indicator, Fast Blow, 1A, 250VAC, 50A (IR), Surface Mount",Slow Blow,RATED BREAKING CAPACITY AT 250 VAC: 50 A,Motor Circuit,FAST,6.35mm,4.19mm,9.45mm,1A,Thermoplastic,e0,0.192J,Low,250V,NA,NA,Surface Mount,SURFACE MOUNT,2,50A
A159,"Indicator SubRed Slow Blow Movement 1A 250V SMD Gull Wing 10.16 X 6.35 X 4.19mm Thermoplastic T/R CSA/UL Electric Indicator, Fast Blow, 1A, 250VAC, 50A (IR), Surface Mount",Slow Blow,RATED BREAKING CAPACITY AT 250 VAC: 50 A,Motor Circuit,FAST,6.35mm,4.19mm,9.45mm,1A,Thermoplastic,e0,0.192J,Low,250V,NA,NA,Surface Mount,SURFACE MOUNT,2,50A
A160,"Indicator SubRed Slow Blow Movement 2A 250V Radial DIP 10.16 X 6.35 X 4.19mm Thermoplastic Bulk CSA/UL Electric Indicator, Fast Blow, 2A, 250VAC, 50A (IR), Through Hole",Slow Blow,RATED BREAKING CAPACITY AT 250 VAC: 50 A,Motor Circuit,FAST,6.35mm,4.19mm,9.45mm,2A,Thermoplastic,e0,1.07J,Low,250V,NA,NA,Through Hole,THROUGH HOLE,2,50A
A161,"Indicator SubRed Slow Blow Movement 2A 250V SMD Gull Wing 10.16 X 6.35 X 4.19mm Thermoplastic Bulk CSA/UL Electric Indicator, Fast Blow, 2A, 250VAC, 50A (IR), Surface Mount",Slow Blow,RATED BREAKING CAPACITY AT 250 VAC: 50 A,Motor Circuit,FAST,6.35mm,4.19mm,9.45mm,2A,Thermoplastic,e0,1.07J,Low,250V,NA,NA,Surface Mount,SURFACE MOUNT,2,50A
A162,"Indicator SubRed Slow Blow Movement 2A 250V SMD Gull Wing 10.16 X 6.35 X 4.19mm Thermoplastic T/R CSA/UL Electric Indicator, Fast Blow, 2A, 250VAC, 50A (IR), Surface Mount",Slow Blow,RATED BREAKING CAPACITY AT 250 VAC: 50 A,Motor Circuit,FAST,6.35mm,4.19mm,9.45mm,2A,Thermoplastic,e0,1.07J,Low,250V,NA,NA,Surface Mount,SURFACE MOUNT,2,50A
A163,"Indicator SubRed Slow Blow Movement 3A 250V Radial DIP 10.16 X 6.35 X 4.19mm Thermoplastic Bulk CSA Electric Indicator, Fast Blow, 3A, 250VAC, 50A (IR), Through Hole",Slow Blow,RATED BREAKING CAPACITY AT 250 VAC: 50 A,Motor Circuit,FAST,6.35mm,4.19mm,9.45mm,3A,Thermoplastic,e0,1.71J,Low,250V,NA,NA,Through Hole,THROUGH HOLE,2,50A
A164,"Indicator SubRed Slow Blow Movement 3A 250V SMD Gull Wing 10.16 X 6.35 X 4.19mm Thermoplastic Bulk CSA Electric Indicator, Fast Blow, 3A, 250VAC, 50A (IR), Surface Mount",Slow Blow,RATED BREAKING CAPACITY AT 250 VAC: 50 A,Motor Circuit,FAST,6.35mm,4.19mm,9.45mm,3A,Thermoplastic,e0,1.71J,Low,250V,NA,NA,Surface Mount,SURFACE MOUNT,2,50A
A165,"Indicator SubRed Slow Blow Movement 3A 250V SMD Gull Wing 10.16 X 6.35 X 4.19mm Thermoplastic T/R CSA Electric Indicator, Fast Blow, 3A, 250VAC, 50A (IR), Surface Mount",Slow Blow,RATED BREAKING CAPACITY AT 250 VAC: 50 A,Motor Circuit,FAST,6.35mm,4.19mm,9.45mm,3A,Thermoplastic,e0,1.71J,Low,250V,NA,NA,Surface Mount,SURFACE MOUNT,2,50A
A166,"Indicator SubRed Slow Blow Movement 4A 250V Radial DIP 10.16 X 6.35 X 4.19mm Thermoplastic Bulk CSA/UL Electric Indicator, Fast Blow, 4A, 250VAC, 50A (IR), Through Hole",Slow Blow,RATED BREAKING CAPACITY AT 250 VAC: 50 A,Motor Circuit,FAST,6.35mm,4.19mm,9.45mm,4A,Thermoplastic,e0,3J,Low,250V,NA,NA,Through Hole,THROUGH HOLE,2,50A
A167,"Indicator SubRed Slow Blow Movement 4A 250V SMD Gull Wing 10.16 X 6.35 X 4.19mm Thermoplastic Bulk CSA/UL Electric Indicator, Fast Blow, 4A, 250VAC, 50A (IR), Surface Mount",Slow Blow,RATED BREAKING CAPACITY AT 250 VAC: 50 A,Motor Circuit,FAST,6.35mm,4.19mm,9.45mm,4A,Thermoplastic,e0,3J,Low,250V,NA,NA,Surface Mount,SURFACE MOUNT,2,50A
A168,"Indicator SubRed Slow Blow Movement 4A 250V SMD Gull Wing 10.16 X 6.35 X 4.19mm Thermoplastic T/R CSA/UL Electric Indicator, Fast Blow, 4A, 250VAC, 50A (IR), Surface Mount",Slow Blow,RATED BREAKING CAPACITY AT 250 VAC: 50 A,Motor Circuit,FAST,6.35mm,4.19mm,9.45mm,4A,Thermoplastic,e0,3J,Low,250V,NA,NA,Surface Mount,SURFACE MOUNT,2,50A
A169,"Indicator SubRed Slow Blow Movement 5A 250V Radial DIP 10.16 X 6.35 X 4.19mm Thermoplastic Bulk CSA/UL Electric Indicator, Fast Blow, 5A, 250VAC, 50A (IR), Through Hole",Slow Blow,RATED BREAKING CAPACITY AT 250 VAC: 50 A,Motor Circuit,FAST,6.35mm,4.19mm,9.45mm,5A,Thermoplastic,e0,4.68J,Low,250V,NA,NA,Through Hole,THROUGH HOLE,2,50A
A170,"Indicator SubRed Slow Blow Movement 5A 250V SMD Gull Wing 10.16 X 6.35 X 4.19mm Thermoplastic Bulk CSA/UL Electric Indicator, Fast Blow, 5A, 250VAC, 50A (IR), Surface Mount",Slow Blow,RATED BREAKING CAPACITY AT 250 VAC: 50 A,Motor Circuit,FAST,6.35mm,4.19mm,9.45mm,5A,Thermoplastic,e0,4.68J,Low,250V,NA,NA,Surface Mount,SURFACE MOUNT,2,50A
A171,"Indicator SubRed Slow Blow Movement 5A 250V SMD Gull Wing 10.16 X 6.35 X 4.19mm Thermoplastic T/R CSA/UL Electric Indicator, Fast Blow, 5A, 250VAC, 50A (IR), Surface Mount",Slow Blow,RATED BREAKING CAPACITY AT 250 VAC: 50 A,Motor Circuit,FAST,6.35mm,4.19mm,9.45mm,5A,Thermoplastic,e0,4.68J,Low,250V,NA,NA,Surface Mount,SURFACE MOUNT,2,50A
A172,"Indicator SubRed Slow Blow Movement 1.5A 250V Radial DIP 10.16 X 6.35 X 4.19mm Thermoplastic Bulk CSA/UL Electric Indicator, Fast Blow, 1.5A, 250VAC, 50A (IR), Through Hole",Slow Blow,RATED BREAKING CAPACITY AT 250 VAC: 50 A,Motor Circuit,FAST,6.35mm,4.19mm,9.45mm,1.5A,Thermoplastic,e0,0.54J,Low,250V,NA,NA,Through Hole,THROUGH HOLE,2,50A
A173,"Indicator SubRed Slow Blow Movement 1.5A 250V SMD Gull Wing 10.16 X 6.35 X 4.19mm Thermoplastic Bulk CSA/UL Electric Indicator, Fast Blow, 1.5A, 250VAC, 50A (IR), Surface Mount",Slow Blow,RATED BREAKING CAPACITY AT 250 VAC: 50 A,Motor Circuit,FAST,6.35mm,4.19mm,9.45mm,1.5A,Thermoplastic,e0,0.54J,Low,250V,NA,NA,Surface Mount,SURFACE MOUNT,2,50A
A174,"Indicator SubRed Slow Blow Movement 1.5A 250V SMD Gull Wing 10.16 X 6.35 X 4.19mm Thermoplastic T/R CSA/UL Electric Indicator, Fast Blow, 1.5A, 250VAC, 50A (IR), Surface Mount",Slow Blow,RATED BREAKING CAPACITY AT 250 VAC: 50 A,Motor Circuit,FAST,6.35mm,4.19mm,9.45mm,1.5A,Thermoplastic,e0,0.54J,Low,250V,NA,NA,Surface Mount,SURFACE MOUNT,2,50A
A175,"Indicator SubRed Slow Blow Movement 2.5A 250V Radial DIP 10.16 X 6.35 X 4.19mm Thermoplastic Bulk CSA/UL Electric Indicator, Fast Blow, 2.5A, 250VAC, 50A (IR), Through Hole",Slow Blow,RATED BREAKING CAPACITY AT 250 VAC: 50 A,Motor Circuit,FAST,6.35mm,4.19mm,9.45mm,2.5A,Thermoplastic,e0,1.76J,Low,250V,NA,NA,Through Hole,THROUGH HOLE,2,50A
A176,"Indicator SubRed Slow Blow Movement 2.5A 250V SMD Gull Wing 10.16 X 6.35 X 4.19mm Thermoplastic Bulk CSA/UL Electric Indicator, Fast Blow, 2.5A, 250VAC, 50A (IR), Surface Mount",Slow Blow,RATED BREAKING CAPACITY AT 250 VAC: 50 A,Motor Circuit,FAST,6.35mm,4.19mm,9.45mm,2.5A,Thermoplastic,e0,1.76J,Low,250V,NA,NA,Surface Mount,SURFACE MOUNT,2,50A
A177,"Indicator SubRed Slow Blow Movement 2.5A 250V SMD Gull Wing 10.16 X 6.35 X 4.19mm Thermoplastic T/R CSA/UL Electric Indicator, Fast Blow, 2.5A, 250VAC, 50A (IR), Surface Mount",Slow Blow,RATED BREAKING CAPACITY AT 250 VAC: 50 A,Motor Circuit,FAST,6.35mm,4.19mm,9.45mm,2.5A,Thermoplastic,e0,1.76J,Low,250V,NA,NA,Surface Mount,SURFACE MOUNT,2,50A
A178,"Indicator SubRed Slow Blow Movement 0.062A 250V Radial DIP 10.16 X 6.35 X 4.19mm Thermoplastic Bulk CSA/UL Electric Indicator, Fast Blow, 0.062A, 250VAC, 50A (IR), Through Hole",Slow Blow,RATED BREAKING CAPACITY AT 250 VAC: 50 A,Motor Circuit,FAST,6.35mm,4.19mm,9.45mm,0.062A,Thermoplastic,e0,0.00022J,Low,250V,NA,NA,Through Hole,THROUGH HOLE,2,50A
A179,"Indicator SubRed Slow Blow Movement 0.062A 250V SMD Gull Wing 10.16 X 6.35 X 4.19mm Thermoplastic Bulk CSA/UL Electric Indicator, Fast Blow, 0.062A, 250VAC, 50A (IR), Surface Mount",Slow Blow,RATED BREAKING CAPACITY AT 250 VAC: 50 A,Motor Circuit,FAST,6.35mm,4.19mm,9.45mm,0.062A,Thermoplastic,e0,0.00022J,Low,250V,NA,NA,Surface Mount,SURFACE MOUNT,2,50A
A180,"Indicator SubRed Slow Blow Movement 0.62A 250V SMD Gull Wing 10.16 X 6.35 X 4.19mm Thermoplastic T/R CSA/UL Electric Indicator, Fast Blow, 0.062A, 250VAC, 50A (IR), Surface Mount",Slow Blow,RATED BREAKING CAPACITY AT 250 VAC: 50 A,Motor Circuit,FAST,6.35mm,4.19mm,9.45mm,0.62A,Thermoplastic,e0,0.00022J,Low,250V,NA,NA,Surface Mount,SURFACE MOUNT,2,50A
A181,"Indicator SubRed Slow Blow Movement 0.125A 250V Radial DIP 10.16 X 6.35 X 4.19mm Thermoplastic Bulk CSA/UL Electric Indicator, Fast Blow, 0.125A, 250VAC, 50A (IR), Through Hole",Slow Blow,RATED BREAKING CAPACITY AT 250 VAC: 50 A,Motor Circuit,FAST,6.35mm,4.19mm,9.45mm,0.125A,Thermoplastic,e0,0.0018J,Low,250V,NA,NA,Through Hole,THROUGH HOLE,2,50A
A182,"Indicator SubRed Slow Blow Movement 0.125A 250V SMD Gull Wing 10.16 X 6.35 X 4.19mm Thermoplastic Bulk CSA/UL Electric Indicator, Fast Blow, 0.125A, 250VAC, 50A (IR), Surface Mount",Slow Blow,RATED BREAKING CAPACITY AT 250 VAC: 50 A,Motor Circuit,FAST,6.35mm,4.19mm,9.45mm,0.125A,Thermoplastic,e0,0.0018J,Low,250V,NA,NA,Surface Mount,SURFACE MOUNT,2,50A
A183,"Indicator SubRed Slow Blow Movement 0.125A 250V SMD Gull Wing 10.16 X 6.35 X 4.19mm Thermoplastic T/R CSA/UL Electric Indicator, Fast Blow, 0.125A, 250VAC, 50A (IR), Surface Mount",Slow Blow,RATED BREAKING CAPACITY AT 250 VAC: 50 A,Motor Circuit,FAST,6.35mm,4.19mm,9.45mm,0.125A,Thermoplastic,e0,0.0018J,Low,250V,NA,NA,Surface Mount,SURFACE MOUNT,2,50A
A184,"Indicator SubRed Slow Blow Movement 0.25A 250V Radial DIP 10.16 X 6.35 X 4.19mm Thermoplastic Bulk CSA/UL Electric Indicator, Fast Blow, 0.25A, 250VAC, 50A (IR), Through Hole",Slow Blow,RATED BREAKING CAPACITY AT 250 VAC: 50 A,Motor Circuit,FAST,6.35mm,4.19mm,9.45mm,0.25A,Thermoplastic,e0,0.0147J,Low,250V,NA,NA,Through Hole,THROUGH HOLE,2,50A
A185,"Indicator SubRed Slow Blow Movement 0.25A 250V SMD Gull Wing 10.16 X 6.35 X 4.19mm Thermoplastic Bulk CSA/UL Electric Indicator, Fast Blow, 0.25A, 250VAC, 50A (IR), Surface Mount",Slow Blow,RATED BREAKING CAPACITY AT 250 VAC: 50 A,Motor Circuit,FAST,6.35mm,4.19mm,9.45mm,0.25A,Thermoplastic,e0,0.0147J,Low,250V,NA,NA,Surface Mount,SURFACE MOUNT,2,50A
A186,"Indicator SubRed Slow Blow Movement 0.25A 250V SMD Gull Wing 10.16 X 6.35 X 4.19mm Thermoplastic T/R CSA/UL Electric Indicator, Fast Blow, 0.25A, 250VAC, 50A (IR), Surface Mount",Slow Blow,RATED BREAKING CAPACITY AT 250 VAC: 50 A,Motor Circuit,FAST,6.35mm,4.19mm,9.45mm,0.25A,Thermoplastic,e0,0.0147J,Low,250V,NA,NA,Surface Mount,SURFACE MOUNT,2,50A
A187,"Indicator SubRed Slow Blow Movement 0.5A 250V Radial DIP 10.16 X 6.35 X 4.19mm Thermoplastic Bulk CSA/UL Electric Indicator, Fast Blow, 0.5A, 250VAC, 50A (IR), Through Hole",Slow Blow,RATED BREAKING CAPACITY AT 250 VAC: 50 A,Motor Circuit,FAST,6.35mm,4.19mm,9.45mm,0.5A,Thermoplastic,e0,0.0363J,Low,250V,NA,NA,Through Hole,THROUGH HOLE,2,50A
A188,"Indicator SubRed Slow Blow Movement 0.5A 250V SMD Gull Wing 10.16 X 6.35 X 4.19mm Thermoplastic Bulk CSA/UL Electric Indicator, Fast Blow, 0.5A, 250VAC, 50A (IR), Surface Mount",Slow Blow,RATED BREAKING CAPACITY AT 250 VAC: 50 A,Motor Circuit,FAST,6.35mm,4.19mm,9.45mm,0.5A,Thermoplastic,e0,0.0363J,Low,250V,NA,NA,Surface Mount,SURFACE MOUNT,2,50A
A189,"Indicator SubRed Slow Blow Movement 0.5A 250V SMD Gull Wing 10.16 X 6.35 X 4.19mm Thermoplastic T/R CSA/UL Electric Indicator, Fast Blow, 0.5A, 250VAC, 50A (IR), Surface Mount",Slow Blow,RATED BREAKING CAPACITY AT 250 VAC: 50 A,Motor Circuit,FAST,6.35mm,4.19mm,9.45mm,0.5A,Thermoplastic,e0,0.0363J,Low,250V,NA,NA,Surface Mount,SURFACE MOUNT,2,50A
A190,"Indicator SubRed Slow Blow Movement 0.75A 250V Radial DIP 10.16 X 6.35 X 4.19mm Thermoplastic Bulk CSA/UL Electric Indicator, Fast Blow, 0.75A, 250VAC, 50A (IR), Through Hole",Slow Blow,RATED BREAKING CAPACITY AT 250 VAC: 50 A,Motor Circuit,FAST,6.35mm,4.19mm,9.45mm,0.75A,Thermoplastic,e0,0.098J,Low,250V,NA,NA,Through Hole,THROUGH HOLE,2,50A
A191,"Indicator SubRed Slow Blow Movement 0.75A 250V SMD Gull Wing 10.16 X 6.35 X 4.19mm Thermoplastic Bulk CSA/UL Electric Indicator, Fast Blow, 0.75A, 250VAC, 50A (IR), Surface Mount",Slow Blow,RATED BREAKING CAPACITY AT 250 VAC: 50 A,Motor Circuit,FAST,6.35mm,4.19mm,9.45mm,0.75A,Thermoplastic,e0,0.098J,Low,250V,NA,NA,Surface Mount,SURFACE MOUNT,2,50A
A192,"Indicator SubRed Slow Blow Movement 0.75A 250V SMD Gull Wing 10.16 X 6.35 X 4.19mm Thermoplastic T/R CSA/UL Electric Indicator, Fast Blow, 0.75A, 250VAC, 50A (IR), Surface Mount",Slow Blow,RATED BREAKING CAPACITY AT 250 VAC: 50 A,Motor Circuit,FAST,6.35mm,4.19mm,9.45mm,0.75A,Thermoplastic,e0,0.098J,Low,250V,NA,NA,Surface Mount,SURFACE MOUNT,2,50A
A193,"Indicator SubRed Slow Blow Movement 1A 250V SMD Gull Wing 10.16 X 6.35 X 4.19mm Thermoplastic Bulk CSA/UL Electric Indicator, Slow Blow, 1A, 250VAC, 50A (IR), Surface Mount",Slow Blow,RATED BREAKING CAPACITY AT 250 VAC: 50 A,Motor Circuit,SLOW,6.35mm,4.19mm,9.45mm,1A,Thermoplastic,e0,0.328J,Low,250V,NA,NA,Surface Mount,SURFACE MOUNT,2,50A
A194,"Indicator SubRed Slow Blow Movement 1A 250V SMD Gull Wing 10.16 X 6.35 X 4.19mm Thermoplastic T/R CSA/UL Electric Indicator, Slow Blow, 1A, 250VAC, 50A (IR), Surface Mount",Slow Blow,RATED BREAKING CAPACITY AT 250 VAC: 50 A,Motor Circuit,SLOW,6.35mm,4.19mm,9.45mm,1A,Thermoplastic,e0,0.328J,Low,250V,NA,NA,Surface Mount,SURFACE MOUNT,2,50A
A195,"Indicator SubRed Slow Blow Movement 2A 250V SMD Gull Wing 10.16 X 6.35 X 4.19mm Thermoplastic Bulk CSA/UL Electric Indicator, Slow Blow, 2A, 250VAC, 50A (IR), Surface Mount",Slow Blow,RATED BREAKING CAPACITY AT 250 VAC: 50 A,Motor Circuit,SLOW,6.35mm,4.19mm,9.45mm,2A,Thermoplastic,e0,1.7J,Low,250V,NA,NA,Surface Mount,SURFACE MOUNT,2,50A
A196,"Indicator SubRed Slow Blow Movement 2A 250V SMD Gull Wing 10.16 X 6.35 X 4.19mm Thermoplastic T/R CSA/UL Electric Indicator, Slow Blow, 2A, 250VAC, 50A (IR), Surface Mount",Slow Blow,RATED BREAKING CAPACITY AT 250 VAC: 50 A,Motor Circuit,SLOW,6.35mm,4.19mm,9.45mm,2A,Thermoplastic,e0,1.7J,Low,250V,NA,NA,Surface Mount,SURFACE MOUNT,2,50A
A197,"Indicator SubRed Slow Blow Movement 3A 250V SMD Gull Wing 10.16 X 6.35 X 4.19mm Thermoplastic Bulk CSA/UL Electric Indicator, Slow Blow, 3A, 250VAC, 50A (IR), Surface Mount",Slow Blow,RATED BREAKING CAPACITY AT 250 VAC: 50 A,Motor Circuit,SLOW,6.35mm,4.19mm,9.45mm,3A,Thermoplastic,e0,4.4J,Low,250V,NA,NA,Surface Mount,SURFACE MOUNT,2,50A
A198,"Indicator SubRed Slow Blow Movement 3A 250V SMD Gull Wing 10.16 X 6.35 X 4.19mm Thermoplastic T/R CSA/UL Electric Indicator, Slow Blow, 3A, 250VAC, 50A (IR), Surface Mount",Slow Blow,RATED BREAKING CAPACITY AT 250 VAC: 50 A,Motor Circuit,SLOW,6.35mm,4.19mm,9.45mm,3A,Thermoplastic,e0,4.4J,Low,250V,NA,NA,Surface Mount,SURFACE MOUNT,2,50A
A199,"Indicator SubRed Slow Blow Movement 4A 250V SMD Gull Wing 10.16 X 6.35 X 4.19mm Thermoplastic Bulk CSA/UL Electric Indicator, Slow Blow, 4A, 250VAC, 50A (IR), Surface Mount",Slow Blow,RATED BREAKING CAPACITY AT 250 VAC: 50 A,Motor Circuit,SLOW,6.35mm,4.19mm,9.45mm,4A,Thermoplastic,e0,8.75J,Low,250V,NA,NA,Surface Mount,SURFACE MOUNT,2,50A
A200,"Indicator SubRed Slow Blow Movement 4A 250V SMD Gull Wing 10.16 X 6.35 X 4.19mm Thermoplastic T/R CSA/UL Electric Indicator, Slow Blow, 4A, 250VAC, 50A (IR), Surface Mount",Slow Blow,RATED BREAKING CAPACITY AT 250 VAC: 50 A,Motor Circuit,SLOW,6.35mm,4.19mm,9.45mm,4A,Thermoplastic,e0,8.75J,Low,250V,NA,NA,Surface Mount,SURFACE MOUNT,2,50A
A201,"Indicator SubRed Slow Blow Movement 5A 250V SMD Gull Wing 10.16 X 6.35 X 4.19mm Thermoplastic Bulk CSA/UL Electric Indicator, Slow Blow, 5A, 250VAC, 50A (IR), Surface Mount",Slow Blow,RATED BREAKING CAPACITY AT 250 VAC: 50 A,Motor Circuit,SLOW,6.35mm,4.19mm,9.45mm,5A,Thermoplastic,e0,14.7J,Low,250V,NA,NA,Surface Mount,SURFACE MOUNT,2,50A
A202,"Indicator SubRed Slow Blow Movement 5A 250V SMD Gull Wing 10.16 X 6.35 X 4.19mm Thermoplastic T/R CSA/UL Electric Indicator, Slow Blow, 5A, 250VAC, 50A (IR), Surface Mount",Slow Blow,RATED BREAKING CAPACITY AT 250 VAC: 50 A,Motor Circuit,SLOW,6.35mm,4.19mm,9.45mm,5A,Thermoplastic,e0,14.7J,Low,250V,NA,NA,Surface Mount,SURFACE MOUNT,2,50A
A203,"Indicator SubRed Slow Blow Movement 1.5A 250V SMD Gull Wing 10.16 X 6.35 X 4.19mm Thermoplastic Bulk CSA/UL Electric Indicator, Slow Blow, 1.5A, 250VAC, 50A (IR), Surface Mount",Slow Blow,RATED BREAKING CAPACITY AT 250 VAC: 50 A,Motor Circuit,SLOW,6.35mm,4.19mm,9.45mm,1.5A,Thermoplastic,e0,0.85J,Low,250V,NA,NA,Surface Mount,SURFACE MOUNT,2,50A
A204,"Indicator SubRed Slow Blow Movement 1.5A 250V SMD Gull Wing 10.16 X 6.35 X 4.19mm Thermoplastic T/R CSA/UL Electric Indicator, Slow Blow, 1.5A, 250VAC, 50A (IR), Surface Mount",Slow Blow,RATED BREAKING CAPACITY AT 250 VAC: 50 A,Motor Circuit,SLOW,6.35mm,4.19mm,9.45mm,1.5A,Thermoplastic,e0,0.85J,Low,250V,NA,NA,Surface Mount,SURFACE MOUNT,2,50A
A205,"Indicator SubRed Slow Blow Movement 2.5A 250V SMD Gull Wing 10.16 X 6.35 X 4.19mm Thermoplastic Bulk CSA/UL Electric Indicator, Slow Blow, 2.5A, 250VAC, 50A (IR), Surface Mount",Slow Blow,RATED BREAKING CAPACITY AT 250 VAC: 50 A,Motor Circuit,SLOW,6.35mm,4.19mm,9.45mm,2.5A,Thermoplastic,e0,2.87J,Low,250V,NA,NA,Surface Mount,SURFACE MOUNT,2,50A
A206,"Indicator SubRed Slow Blow Movement 2.5A 250V SMD Gull Wing 10.16 X 6.35 X 4.19mm Thermoplastic T/R CSA/UL Electric Indicator, Slow Blow, 2.5A, 250VAC, 50A (IR), Surface Mount",Slow Blow,RATED BREAKING CAPACITY AT 250 VAC: 50 A,Motor Circuit,SLOW,6.35mm,4.19mm,9.45mm,2.5A,Thermoplastic,e0,2.87J,Low,250V,NA,NA,Surface Mount,SURFACE MOUNT,2,50A
A207,"Indicator SubRed Slow Blow Movement 0.25A 250V SMD Gull Wing 10.16 X 6.35 X 4.19mm Thermoplastic Bulk CSA/UL Electric Indicator, Slow Blow, 0.25A, 250VAC, 50A (IR), Surface Mount",Slow Blow,RATED BREAKING CAPACITY AT 250 VAC: 50 A,Motor Circuit,SLOW,6.35mm,4.19mm,9.45mm,0.25A,Thermoplastic,e0,0.0126J,Low,250V,NA,NA,Surface Mount,SURFACE MOUNT,2,50A
A208,"Indicator SubRed Slow Blow Movement 0.25A 250V SMD Gull Wing 10.16 X 6.35 X 4.19mm Thermoplastic T/R CSA/UL Electric Indicator, Slow Blow, 0.25A, 250VAC, 50A (IR), Surface Mount",Slow Blow,RATED BREAKING CAPACITY AT 250 VAC: 50 A,Motor Circuit,SLOW,6.35mm,4.19mm,9.45mm,0.25A,Thermoplastic,e0,0.0126J,Low,250V,NA,NA,Surface Mount,SURFACE MOUNT,2,50A
A209,"Indicator SubRed Slow Blow Movement 0.5A 250V SMD Gull Wing 10.16 X 6.35 X 4.19mm Thermoplastic Bulk CSA/UL Electric Indicator, Slow Blow, 0.5A, 250VAC, 50A (IR), Surface Mount",Slow Blow,RATED BREAKING CAPACITY AT 250 VAC: 50 A,Motor Circuit,SLOW,6.35mm,4.19mm,9.45mm,0.5A,Thermoplastic,e0,0.112J,Low,250V,NA,NA,Surface Mount,SURFACE MOUNT,2,50A
A210,"Indicator SubRed Slow Blow Movement 0.5A 250V SMD Gull Wing 10.16 X 6.35 X 4.19mm Thermoplastic T/R CSA/UL Electric Indicator, Slow Blow, 0.5A, 250VAC, 50A (IR), Surface Mount",Slow Blow,RATED BREAKING CAPACITY AT 250 VAC: 50 A,Motor Circuit,SLOW,6.35mm,4.19mm,9.45mm,0.5A,Thermoplastic,e0,0.112J,Low,250V,NA,NA,Surface Mount,SURFACE MOUNT,2,50A
A211,"Indicator SubRed Slow Blow Movement 0.75A 250V SMD Gull Wing 10.16 X 6.35 X 4.19mm Thermoplastic Bulk CSA/UL Electric Indicator, Slow Blow, 0.75A, 250VAC, 50A (IR), Surface Mount",Slow Blow,RATED BREAKING CAPACITY AT 250 VAC: 50 A,Motor Circuit,SLOW,6.35mm,4.19mm,9.45mm,0.75A,Thermoplastic,e0,0.327J,Low,250V,NA,NA,Surface Mount,SURFACE MOUNT,2,50A
A212,"Indicator SubRed Slow Blow Movement 0.75A 250V SMD Gull Wing 10.16 X 6.35 X 4.19mm Thermoplastic T/R CSA/UL Electric Indicator, Slow Blow, 0.75A, 250VAC, 50A (IR), Surface Mount",Slow Blow,RATED BREAKING CAPACITY AT 250 VAC: 50 A,Motor Circuit,SLOW,6.35mm,4.19mm,9.45mm,0.75A,Thermoplastic,e0,0.327J,Low,250V,NA,NA,Surface Mount,SURFACE MOUNT,2,50A
A213,"TIME LAG, 20mm, 5.2mm, 5x20mm, e3, 19.2J, High, INLINE/HOLDER, 125Cel, -55Cel",NA,NA,NA,TIME LAG,NA,20mm,5.2mm,NA,NA,e3,19.2J,High,NA,NA,NA,NA,INLINE/HOLDER,2,NA
A214,"TIME LAG, 20mm, 5.2mm, e3, 92.7J, Med, INLINE/HOLDER, 125Cel, -55Cel",NA,NA,NA,TIME LAG,NA,20mm,5.2mm,NA,NA,e3,92.7J,Med,NA,NA,NA,NA,INLINE/HOLDER,2,NA
A215,"TIME LAG, 20mm, 5.2mm, 314J, Low, INLINE/HOLDER, 125Cel, -55Cel",NA,NA,NA,TIME LAG,NA,20mm,5.2mm,NA,NA,NA,314J,Low,NA,NA,NA,NA,INLINE/HOLDER,2,NA
A216,"TIME LAG, 20mm, 5.2mm, 5x20mm, e3, 314J, High, INLINE/HOLDER, 125Cel, -55Cel",NA,NA,NA,TIME LAG,NA,20mm,5.2mm,NA,NA,e3,314J,High,NA,NA,NA,NA,INLINE/HOLDER,2,NA
A217,"Slow Blow, Motor Circuit, 5A, Glass, 5 X 20mm, 250V",Slow Blow,NA,Motor Circuit,NA,NA,5,20,5A,Glass,NA,NA,NA,250V,NA,NA,NA,NA,2,NA
A218,"TIME LAG, 20mm, 5.2mm, 44.2J, High, INLINE/HOLDER, 125Cel, -55Cel",NA,NA,NA,TIME LAG,NA,20mm,5.2mm,NA,NA,NA,44.2J,High,NA,NA,NA,NA,INLINE/HOLDER,2,NA
A219,"Indicator Red Slow Blow Movement 2.5A 250V Holder Plastic 5 X 20mm Glass Bulk BSI/CCC/CE/CSA/PSE/SEMKO/UL Electric Indicator, Time Lag Blow, 2.5A, 250VAC, 250VDC, 35A (IR), Through Hole, 5x20mm",Slow Blow,RATED BREAKING CAPACITY AT 250 VDC: 35 A,Supplementary Protection|Utilization Equipment to Provide Individual Protection,TIME LAG,NA,22.5mm,5.8mm,2.5A,Glass,e3,138J,Low,250V,250VDC,1.6(Typ)W,Holder,THROUGH HOLE,2,35A
A220,"TIME LAG, 20mm, 5.2mm, 138J, High, INLINE/HOLDER, 125Cel, -55Cel",NA,NA,NA,TIME LAG,NA,20mm,5.2mm,NA,NA,NA,138J,High,NA,NA,NA,NA,INLINE/HOLDER,2,NA
A221,"TIME LAG, 20mm, 5.2mm, 27.15J, High, INLINE/HOLDER, 125Cel, -55Cel",NA,NA,NA,TIME LAG,NA,20mm,5.2mm,NA,NA,NA,27.15J,High,NA,NA,NA,NA,INLINE/HOLDER,2,NA
A222,"Slow Blow, Motor Circuit, 0.2A, 5 X 20mm, 250V",Slow Blow,NA,Motor Circuit,NA,NA,5,20,0.2A,NA,NA,NA,NA,250V,NA,NA,NA,NA,2,NA
A223,"TIME LAG, 20mm, 5.2mm, 0.225J, High, INLINE/HOLDER, 125Cel, -55Cel",NA,NA,NA,TIME LAG,NA,20mm,5.2mm,NA,NA,NA,0.225J,High,NA,NA,NA,NA,INLINE/HOLDER,2,NA
A224,"TIME LAG, 20mm, 5.2mm, 0.555J, High, INLINE/HOLDER, 125Cel, -55Cel",NA,NA,NA,TIME LAG,NA,20mm,5.2mm,NA,NA,NA,0.555J,High,NA,NA,NA,NA,INLINE/HOLDER,2,NA
A225,"TIME LAG, 20mm, 5.2mm, e3, 202J, Low, INLINE/HOLDER, 125Cel, -55Cel",NA,NA,NA,TIME LAG,NA,20mm,5.2mm,NA,NA,e3,202J,Low,NA,NA,NA,NA,INLINE/HOLDER,2,NA
A226,"Slow Blow, Motor Circuit, 0.4A, 5 X 20mm, 250V",Slow Blow,NA,Motor Circuit,NA,NA,5,20,0.4A,NA,NA,NA,NA,250V,NA,NA,NA,NA,2,NA
A227,"TIME LAG, 20mm, 5.2mm, e3, 1.36J, High, INLINE/HOLDER, 125Cel, -55Cel",NA,NA,NA,TIME LAG,NA,20mm,5.2mm,NA,NA,e3,1.36J,High,NA,NA,NA,NA,INLINE/HOLDER,2,NA
A228,"Slow Blow, Motor Circuit, 0.5A, 5 X 20mm, 250V",Slow Blow,NA,Motor Circuit,NA,NA,5,20,0.5A,NA,NA,NA,NA,250V,NA,NA,NA,NA,2,NA
A229,"TIME LAG, 20mm, 5.2mm, 2.9J, High, INLINE/HOLDER, 125Cel, -55Cel",NA,NA,NA,TIME LAG,NA,20mm,5.2mm,NA,NA,NA,2.9J,High,NA,NA,NA,NA,INLINE/HOLDER,2,NA
A230,"Slow Blow, Motor Circuit, 0.63A, 5 X 20mm, 250V",Slow Blow,NA,Motor Circuit,NA,NA,5,20,0.63A,NA,NA,NA,NA,250V,NA,NA,NA,NA,2,NA
A231,"TIME LAG, 20mm, 5.2mm, 4.8J, High, INLINE/HOLDER, 125Cel, -55Cel",NA,NA,NA,TIME LAG,NA,20mm,5.2mm,NA,NA,NA,4.8J,High,NA,NA,NA,NA,INLINE/HOLDER,2,NA
A232,"TIME LAG, 20mm, 5.2mm, 9.42J, High, INLINE/HOLDER, 125Cel, -55Cel",NA,NA,NA,TIME LAG,NA,20mm,5.2mm,NA,NA,NA,9.42J,High,NA,NA,NA,NA,INLINE/HOLDER,2,NA
A233,"Indicator Red Slow Blow Movement 2A 250V Holder Plastic 5 X 20mm Ceramic Bulk CCC/CE/CSA/KC/PSE/SEMKO/UL/VDE Electric Indicator, Time Lag Blow, 2A, 250VAC, 1500A (IR), Supplemental, Inline/holder, 5x20mm",Slow Blow,RATED BREAKING CAPACITY AT 250 VAC: 1500 A,Supplementary Protection|Utilization Equipment to Provide Individual Protection,TIME LAG,NA,20mm,5.2mm,2A,Ceramic,e3,11.68J,Low,250V,NA,2.5W,Holder,INLINE/HOLDER,2,1500A
A234,"Indicator Red Slow Blow Movement 2A 250V Holder Plastic 5 X 20mm Ceramic Bulk CCC/CE/CSA/KC/PSE/SEMKO/UL/VDE Electric Indicator, Time Lag Blow, 2A, 250VAC, 250VDC, 1500A (IR), Inline/holder, 5x20mm",Slow Blow,PRE ARCHING TIME: OPEN WITHIN 10 MILLISEC AT 1000% RATED CURRENT,Supplementary Protection|Utilization Equipment to Provide Individual Protection,TIME LAG,NA,20mm,5.2mm,2A,Ceramic,NA,11.68J,Low,250V,250VDC,2.5W,Holder,INLINE/HOLDER,2,1500A
A235,"Indicator Red Slow Blow Movement 10A 250V Holder Plastic 5 X 20mm Ceramic Bulk CE/CSA/KC/PSE/SEMKO/UL/VDE Electric Indicator, Time Lag Blow, 10A, 1500A (IR), Supplemental, 5x20mm",Slow Blow,NA,Supplementary Protection|Utilization Equipment to Provide Individual Protection,TIME LAG,NA,20mm,5.2mm,10A,Ceramic,NA,NA,Low,250V,NA,4W,Holder,NA,2,1500A
A236,Low,NA,NA,NA,NA,NA,NA,NA,NA,NA,NA,NA,Low,NA,NA,NA,NA,NA,2,NA
A237,"Indicator Red Slow Blow Movement 12A 250V Axial 5 X 20mm Ceramic Bulk CE/CSA/PSE/SEMKO/UL Electric Indicator, Time Lag Blow, 12A, 250VAC, 250VDC, 1500A (IR), Through Hole, 5x20mm",Slow Blow,PRE ARCHING TIME: OPEN WITHIN 10 MILLISEC AT 1000% RATED CURRENT,Supplementary Protection|Utilization Equipment to Provide Individual Protection,TIME LAG,NA,22.5mm,5.8mm,12A,Ceramic,e3,515.5J,Low,250V,250VDC,4W,Through Hole,THROUGH HOLE,2,1500A
A238,"Slow Blow, Motor Circuit, 1.6A, Ceramic, 5 X 20mm, 250V, Holder, 2.0, 5.2mm, 20mm",Slow Blow,NA,Motor Circuit,NA,NA,5,20,1.6A,Ceramic,NA,NA,NA,250V,NA,NA,Holder,NA,2,NA
A239,"Indicator Red Slow Blow Movement 2.5A 250V Holder Plastic 5 X 20mm Ceramic Bulk BSI/CCC/CE/CSA/KC/PSE/SEMKO/UL/VDE Electric Indicator, Time Lag Blow, 2.5A, 250VAC, 250VDC, 1500A (IR), Inline/holder, 5x20mm",Slow Blow,PRE ARCHING TIME: OPEN WITHIN 10 MILLISEC AT 1000% RATED CURRENT,NA,TIME LAG,NA,20mm,5.2mm,2.5A,NA,NA,22.29J,Low,250VAC,250VDC,NA,Holder,INLINE/HOLDER,2,1500A
A240,"Slow Blow, Motor Circuit, 2.5A, Ceramic, 5 X 20mm, 250V, Holder, 2.0, 5.2mm, 20mm",Slow Blow,NA,Motor Circuit,NA,NA,5,20,2.5A,Ceramic,NA,NA,NA,250V,NA,NA,Holder,NA,2,NA
A241,"Indicator Red Slow Blow Movement 6.3A 250V Holder Plastic 5 X 20mm Ceramic Bulk CCC/CE/CSA/KC/PSE/SEMKO/UL/VDE Electric Indicator, Time Lag Blow, 6.3A, 250VAC, 250VDC, 1500A (IR), Inline/holder, 5x20mm",Slow Blow,PRE ARCHING TIME: OPEN WITHIN 10 MILLISEC AT 1000% RATED CURRENT,Supplementary Protection|Utilization Equipment to Provide Individual Protection,TIME LAG,NA,20mm,5.2mm,6.3A,Ceramic,NA,128.75J,Low,250V,250VDC,4W,Holder,INLINE/HOLDER,2,1500A
A242,"Indicator Red Fast Movement 1A 250V Holder Plastic Melf 5 X 20mm Ceramic CCC/CE/CSA/PSE/SEMKO/UL/VDE Electric Indicator, Fast Blow, 1A, 250VAC, 1500A (IR), Inline/holder",Fast,RATED BREAKING CAPACITY AT 250 VAC: 1500 A,Motor Circuit,FAST,NA,20mm,5.2mm,1A,Ceramic,e3,0.18J,Med,250V,NA,NA,Holder,INLINE/HOLDER,2,1500A
A243,"Indicator Red Fast Movement 2A 250V Holder Plastic Melf 5 X 20mm Ceramic CCC/CE/CSA/PSE/SEMKO/UL/VDE Electric Indicator, Fast Blow, 2A, 250VAC, 1500A (IR), Inline/holder",Fast,RATED BREAKING CAPACITY AT 250 VAC: 1500 A,Motor Circuit,FAST,NA,20mm,5.2mm,2A,Ceramic,e3,1.87J,High,250V,NA,NA,Holder,INLINE/HOLDER,2,1500A
A244,"Indicator Red Fast Movement 4A 250V Holder Plastic Melf 5 X 20mm Ceramic BSI/CCC/CE/CSA/KC/PSE/SEMKO/VDE/cULus Electric Indicator, Fast Blow, 4A, 250VAC, 1500A (IR), Inline/holder",Fast,RATED BREAKING CAPACITY AT 250 VAC: 1500 A,Motor Circuit,FAST,NA,20mm,5.2mm,4A,Ceramic,e3,14.995J,Med,250V,NA,NA,Holder,INLINE/HOLDER,2,1500A
A245,"Indicator Red Fast Movement 5A 250V Holder Plastic Melf 5 X 20mm Ceramic CCC/CE/CSA/PSE/SEMKO/UL/VDE Electric Indicator, Fast Blow, 5A, 250VAC, 1500A (IR), Inline/holder",Fast,RATED BREAKING CAPACITY AT 250 VAC: 1500 A,Motor Circuit,FAST,NA,20mm,5.2mm,5A,Ceramic,e3,27.46J,Med,250V,NA,NA,Holder,INLINE/HOLDER,2,1500A
A246,"Indicator Red Fast Movement 8A 250V Holder Plastic 5 X 20mm Ceramic Bulk CE/CSA/KC/PSE/SEMKO/TUV/VDE/cULus Electric Indicator, Fast Blow, 8A, 250VAC, 1500A (IR), Inline/holder, 5x20mm",Fast,RATED BREAKING CAPACITY AT 250 VAC: 1500 A,Supplementary Protection|Utilization Equipment to Provide Individual Protection,FAST,NA,20mm,5.2mm,8A,Ceramic,NA,64.315J,Low,250V,NA,4(Typ)W,Holder,INLINE/HOLDER,2,1500A
A247,"Indicator Red Fast Movement 8A 250V Holder Plastic Melf 5 X 20mm Ceramic CCC/CE/CSA/PSE/SEMKO/UL/VDE Electric Indicator, Fast Blow, 8A, 250VAC, 1500A (IR), Inline/holder",Fast,RATED BREAKING CAPACITY AT 250 VAC: 1500 A,Motor Circuit,FAST,NA,20mm,5.2mm,8A,Ceramic,e3,64.315J,Med,250V,NA,NA,Holder,INLINE/HOLDER,2,1500A
A248,"Fast, Supplementary Protection|Utilization Equipment to Provide Individual Protection, 8A, Ceramic, 5 X 20mm, 250V, 4(Typ)W, Holder, 2.0, 5.2mm, 20mm",Fast,NA,Supplementary Protection|Utilization Equipment to Provide Individual Protection,NA,NA,5,20,8A,Ceramic,NA,NA,NA,250V,NA,4(Typ)W,Holder,NA,2,NA
A249,"Indicator Red Fast Movement 10A 250V Holder Plastic 5 X 20mm Ceramic Bulk CE/CSA/KC/PSE/SEMKO/UL/VDE Electric Indicator, Fast Blow, 10A, 250VAC, 1500A (IR), Inline/holder, 5x20mm",Fast,RATED BREAKING CAPACITY AT 250 VAC: 1500 A,Supplementary Protection|Utilization Equipment to Provide Individual Protection,FAST,NA,20mm,5.2mm,10A,Ceramic,NA,154.34J,Low,250V,NA,4(Typ)W,Holder,INLINE/HOLDER,2,1500A
A250,"Indicator Red Fast Movement 10A 250V Holder Plastic Melf 5 X 20mm Ceramic CCC/CE/CSA/PSE/SEMKO/UL/VDE Electric Indicator, Fast Blow, 10A, 250VAC, 1500A (IR), Inline/holder",Fast,RATED BREAKING CAPACITY AT 250 VAC: 1500 A,Motor Circuit,FAST,NA,20mm,5.2mm,10A,Ceramic,e3,154.34J,High,250V,NA,NA,Holder,INLINE/HOLDER,2,1500A
A251,"FAST, 22.5mm, 5.8mm, e3, 1.005J, High, THROUGH HOLE, 125Cel, -55Cel, 5.8mm  x  22.5mm, 1200A, 1.6A, 250V",Fast,NA,NA,FAST,NA,22.5mm,5.8mm,1200A,NA,e3,1.005J,High,NA,NA,NA,NA,THROUGH HOLE,2,1200A
A252,"Indicator Red Fast Movement 1.6A 250V Axial 5 X 20mm Ceramic Bulk CCC/CE/CSA/KC/PSE/SEMKO/UL/VDE Electric Indicator, Fast Blow, 1.6A, 250VAC, 1500A (IR), Through Hole, 5x20mm",Fast,RATED BREAKING CAPACITY AT 250 VAC: 1500 A,Supplementary Protection|Utilization Equipment to Provide Individual Protection,FAST,NA,22.5mm,5.8mm,1.6A,Ceramic,e3,1.005J,Low,250V,NA,4(Typ)W,Through Hole,THROUGH HOLE,2,1500A
A253,"Indicator Red Fast Movement 1.6A 250V Holder Plastic 5 X 20mm Ceramic Bulk CCC/CE/CSA/KC/PSE/SEMKO/UL/VDE Electric Indicator, Fast Blow, 1.6A, 250VAC, 1500A (IR), Inline/holder, 5x20mm",Fast,RATED BREAKING CAPACITY AT 250 VAC: 1500 A,Supplementary Protection|Utilization Equipment to Provide Individual Protection,FAST,NA,20mm,5.2mm,1.6A,Ceramic,e3,1.005J,Low,250V,NA,4(Typ)W,Holder,INLINE/HOLDER,2,1500A
A254,"Indicator Red Fast Movement 1.6A 250V Holder Plastic Melf 5 X 20mm Ceramic CCC/CE/CSA/PSE/SEMKO/UL/VDE Electric Indicator, Fast Blow, 1.6A, 250VAC, 1500A (IR), Inline/holder",Fast,RATED BREAKING CAPACITY AT 250 VAC: 1500 A,Motor Circuit,FAST,NA,20mm,5.2mm,1.6A,Ceramic,e3,1.005J,High,250V,NA,NA,Holder,INLINE/HOLDER,2,1500A
A255,"Indicator Red Fast Movement 2.5A 250V Holder Plastic 5 X 20mm Ceramic Bulk CCC/CE/CSA/KC/PSE/SEMKO/UL/VDE Electric Indicator, Fast Blow, 2.5A, 250VAC, 1500A (IR), Inline/holder, 5x20mm",Fast,RATED BREAKING CAPACITY AT 250 VAC: 1500 A,Supplementary Protection|Utilization Equipment to Provide Individual Protection,FAST,NA,20mm,5.2mm,2.5A,Ceramic,e3,2.695J,Low,250V,NA,4(Typ)W,Holder,INLINE/HOLDER,2,1500A
A256,"Indicator Red Fast Movement 2.5A 250V Holder Plastic Melf 5 X 20mm Ceramic CCC/CE/CSA/PSE/SEMKO/UL/VDE Electric Indicator, Fast Blow, 2.5A, 250VAC, 1500A (IR), Inline/holder",Fast,RATED BREAKING CAPACITY AT 250 VAC: 1500 A,Motor Circuit,FAST,NA,20mm,5.2mm,2.5A,Ceramic,e3,2.695J,High,250V,NA,NA,Holder,INLINE/HOLDER,2,1500A
A257,"Indicator Red Fast Movement 0.05A 250V Holder Plastic Melf 5 X 20mm Ceramic CCC/CE/CSA/PSE/SEMKO/UL/VDE Electric Indicator, Fast Blow, 0.05A, 250VAC, 1500A (IR), Supplemental, Inline/holder",Fast,RATED BREAKING CAPACITY AT 250 VAC: 1500 A,Motor Circuit,FAST,NA,20mm,5.2mm,0.05A,Ceramic,e3,0.00019J,High,250V,NA,NA,Holder,INLINE/HOLDER,2,1500A
A258,"Indicator Red Fast Movement 6.3A 250V Holder Plastic 5 X 20mm Ceramic Bulk CCC/CE/CSA/KC/PSE/SEMKO/UL/VDE Electric Indicator, Fast Blow, 6.3A, 250VAC, 1500A (IR), Inline/holder, 5x20mm",Fast,RATED BREAKING CAPACITY AT 250 VAC: 1500 A,Supplementary Protection|Utilization Equipment to Provide Individual Protection,FAST,NA,20mm,5.2mm,6.3A,Ceramic,NA,56.43J,Low,250V,NA,4(Typ)W,Holder,INLINE/HOLDER,2,1500A
A259,"Indicator Red Fast Movement 6.3A 250V Holder Plastic 5 X 20mm Ceramic Bulk CCC/CE/CSA/KC/PSE/SEMKO/UL/VDE Electric Indicator, Fast Blow, 6.3A, 250VAC, 1500A (IR), Inline/holder, 5x20mm",Fast,RATED BREAKING CAPACITY AT 250 VAC: 1500 A,Supplementary Protection|Utilization Equipment to Provide Individual Protection,FAST,NA,20mm,5.2mm,6.3A,Ceramic,NA,56.43J,Low,250V,NA,4(Typ)W,Holder,INLINE/HOLDER,2,1500A
A260,"Indicator Red Fast Movement 0.063A 250V Holder Plastic Melf 5 X 20mm Ceramic CCC/CE/CSA/PSE/SEMKO/UL/VDE Electric Indicator, Fast Blow, 0.63A, 250VAC, 1500A (IR), Inline/holder",Fast,RATED BREAKING CAPACITY AT 250 VAC: 1500 A,Motor Circuit,FAST,NA,20mm,5.2mm,6.3A,Ceramic,e3,56.43J,High,250V,NA,NA,Holder,INLINE/HOLDER,2,1500A
A261,"Indicator 250V 5X20 6.3A Electric Indicator, Fast Blow, 6.3A, 1500A (IR), Supplemental, 5x20mm",NA,NA,NA,FAST,NA,20mm,5.2mm,6.3A,Ceramic,e3,NA,Low,250V,NA,NA,NA,NA,2,1500A
A263,"Indicator Red Fast Movement 0.08A 250V Holder Plastic Melf 5 X 20mm Ceramic CCC/CE/CSA/PSE/SEMKO/UL/VDE Electric Indicator, Fast Blow, 0.8A, 250VAC, 1500A (IR), Inline/holder",Fast,RATED BREAKING CAPACITY AT 250 VAC: 1500 A,Motor Circuit,FAST,NA,20mm,5.2mm,0.08A,Ceramic,e3,0.00084J,High,250V,NA,NA,Holder,INLINE/HOLDER,2,1500A
A264,"Indicator Red Fast Movement 0.1A 250V Axial 5 X 20mm Ceramic Bulk CCC/CE/CSA/SEMKO/UL/VDE Electric Indicator, Fast Blow, 0.1A, 250VAC, 1200A (IR), Through Hole",Fast,RATED BREAKING CAPACITY AT 250 VAC: 1200 A,Supplementary Protection|Utilization Equipment to Provide Individual Protection,FAST,NA,22.5mm,6mm,0.1A,Ceramic,e3,0.0045J,Med,250V,NA,1.6(Typ)W,Through Hole,THROUGH HOLE,2,1200A
A265,"Indicator Red Fast Movement 0.1A 250V Axial 5 X 20mm Ceramic Bulk CCC/CE/CSA/SEMKO/UL/VDE Electric Indicator, Fast Blow, 0.1A, 250VAC, 1500A (IR), Through Hole, 5x20mm",Fast,RATED BREAKING CAPACITY AT 250 VAC: 1500 A,Supplementary Protection|Utilization Equipment to Provide Individual Protection,FAST,NA,22.5mm,6mm,0.1A,Ceramic,e3,0.0045J,Low,250V,NA,1.6(Typ)W,Through Hole,THROUGH HOLE,2,1500A
A266,"Indicator Red Fast Movement 0.1A 250V Holder Plastic Melf 5 X 20mm Ceramic CCC/CE/CSA/PSE/SEMKO/UL/VDE Electric Indicator, Fast Blow, 0.1A, 250VAC, 1500A (IR), Inline/holder",Fast,RATED BREAKING CAPACITY AT 250 VAC: 1500 A,Motor Circuit,FAST,NA,20mm,5.2mm,0.1A,Ceramic,e3,0.0045J,High,250V,NA,NA,Holder,INLINE/HOLDER,2,1500A
A267,"Indicator Red Fast Movement 12.5A 250V Holder Plastic 5 X 20mm Ceramic Bulk CE/CSA/PSE/UL/VDE Electric Indicator, Fast Blow, 12.5A, 250VAC, 1500A (IR), Inline/holder, 5x20mm",Fast,RATED BREAKING CAPACITY AT 250 VAC: 1500 A,Supplementary Protection|Utilization Equipment to Provide Individual Protection,FAST,NA,20mm,5.2mm,12.5A,Ceramic,e3,235J,Low,250V,NA,4(Typ)W,Holder,INLINE/HOLDER,2,1500A
A268,"Indicator Red Fast Movement 0.125A 250V Holder Plastic Melf 5 X 20mm Ceramic CCC/CE/CSA/PSE/SEMKO/UL/VDE Electric Indicator, Fast Blow, 0.125A, 250VAC, 1500A (IR), Inline/holder",Fast,RATED BREAKING CAPACITY AT 250 VAC: 1500 A,Motor Circuit,FAST,NA,20mm,5.2mm,1.25A,Ceramic,e3,0.48J,High,250V,NA,NA,Holder,INLINE/HOLDER,2,1500A
A269,"Indicator Red Fast Movement 0.16A 250V Holder Plastic Melf 5 X 20mm Ceramic CCC/CE/CSA/PSE/SEMKO/UL/VDE Electric Indicator, Fast Blow, 0.16A, 250VAC, 1500A (IR), Inline/holder",Fast,RATED BREAKING CAPACITY AT 250 VAC: 1500 A,Motor Circuit,FAST,NA,20mm,5.2mm,0.16A,Ceramic,e3,0.00576J,Med,250V,NA,NA,Holder,INLINE/HOLDER,2,1500A
A270,"Indicator Red Fast Movement 0.2A 250V Holder Plastic 5 X 20mm Ceramic Bulk CCC/CE/CSA/SEMKO/UL/VDE Electric Indicator, Fast Blow, 0.2A, 250VAC, 1500A (IR), Inline/holder, 5x20mm",Fast,RATED BREAKING CAPACITY AT 250 VAC: 1500 A,Supplementary Protection|Utilization Equipment to Provide Individual Protection,FAST,NA,20mm,5.2mm,0.2A,Ceramic,e3,0.00439J,Low,250V,NA,1.6(Typ)W,Holder,INLINE/HOLDER,2,1500A
A271,"Indicator Red Fast Movement 0.2A 250V Holder Plastic Melf 5 X 20mm Ceramic CCC/CE/CSA/PSE/SEMKO/UL/VDE Electric Indicator, Fast Blow, 0.2A, 250VAC, 1500A (IR), Inline/holder",Fast,RATED BREAKING CAPACITY AT 250 VAC: 1500 A,Motor Circuit,FAST,NA,20mm,5.2mm,0.2A,Ceramic,e3,0.00439J,Med,250V,NA,NA,Holder,INLINE/HOLDER,2,1500A
A272,"Indicator Red Fast Movement 0.25A 250V Holder Plastic Melf 5 X 20mm Ceramic CCC/CE/CSA/PSE/SEMKO/UL/VDE Electric Indicator, Fast Blow, 0.25A, 250VAC, 1500A (IR), Supplemental, Inline/holder",Fast,RATED BREAKING CAPACITY AT 250 VAC: 1500 A,Motor Circuit,FAST,NA,20mm,5.2mm,0.25A,Ceramic,e3,0.00891J,High,250V,NA,NA,Holder,INLINE/HOLDER,2,1500A
A273,"Indicator Red Fast Movement 0.315A 250V Holder Plastic Melf 5 X 20mm Ceramic CCC/CE/CSA/PSE/SEMKO/UL/VDE Electric Indicator, Fast Blow, 0.315A, 250VAC, 1500A (IR), Supplemental, Inline/holder",Fast,RATED BREAKING CAPACITY AT 250 VAC: 1500 A,Motor Circuit,FAST,NA,20mm,5.2mm,3.15A,Ceramic,e3,6.7J,High,250V,NA,NA,Holder,INLINE/HOLDER,2,1500A
A274,"Indicator Red Fast Movement 0.4A 250V Holder Plastic Melf 5 X 20mm Ceramic CCC/CE/CSA/PSE/SEMKO/UL/VDE Electric Indicator, Fast Blow, 0.4A, 250VAC, 1500A (IR), Inline/holder",Fast,RATED BREAKING CAPACITY AT 250 VAC: 1500 A,Motor Circuit,FAST,NA,20mm,5.2mm,0.4A,Ceramic,e3,0.04J,High,250V,NA,NA,Holder,INLINE/HOLDER,2,1500A
A275,"Indicator Red Fast Movement 0.5A 250V Holder Plastic Melf 5 X 20mm Ceramic CCC/CE/CSA/PSE/SEMKO/UL/VDE Electric Indicator, Fast Blow, 0.5A, 250VAC, 1500A (IR), Inline/holder",Fast,RATED BREAKING CAPACITY AT 250 VAC: 1500 A,Motor Circuit,FAST,NA,20mm,5.2mm,0.5A,Ceramic,e3,0.165J,High,250V,NA,NA,Holder,INLINE/HOLDER,2,1500A
A276,"Indicator Red Fast Movement 0.63A 250V Holder Plastic 5 X 20mm Ceramic Bulk CCC/CE/CSA/SEMKO/UL/VDE Electric Indicator, Fast Blow, 0.63A, 250VAC, 1500A (IR), Inline/holder, 5x20mm",Fast,RATED BREAKING CAPACITY AT 250 VAC: 1500 A,Supplementary Protection|Utilization Equipment to Provide Individual Protection,FAST,NA,20mm,5.2mm,0.63A,Ceramic,e3,0.175J,Low,250V,NA,2.5(Typ)W,Holder,INLINE/HOLDER,2,1500A
A277,"Indicator Red Fast Movement 0.63A 250V Holder Plastic Melf 5 X 20mm Ceramic CCC/CE/CSA/PSE/SEMKO/UL/VDE Electric Indicator, Fast Blow, 0.63A, 250VAC, 1500A (IR), Inline/holder",Fast,RATED BREAKING CAPACITY AT 250 VAC: 1500 A,Motor Circuit,FAST,NA,20mm,5.2mm,0.63A,Ceramic,e3,0.175J,High,250V,NA,NA,Holder,INLINE/HOLDER,2,1500A
A278,"Indicator Red Fast Movement 0.8A 250V Holder Plastic Melf 5 X 20mm Ceramic CCC/CE/CSA/PSE/SEMKO/UL/VDE Electric Indicator, Fast Blow, 0.8A, 250VAC, 1500A (IR), Inline/holder",Fast,RATED BREAKING CAPACITY AT 250 VAC: 1500 A,Motor Circuit,FAST,NA,20mm,5.2mm,0.8A,Ceramic,e3,0.285J,High,250V,NA,NA,Holder,INLINE/HOLDER,2,1500A
A279,"Fast, Motor Circuit, 3A, Glass, 5 X 20mm, 250V, Holder, 2.0, 5.2mm, 20mm",Fast,NA,Motor Circuit,NA,NA,5,20,3A,Glass,NA,NA,NA,250V,NA,NA,Holder,NA,2,NA
A280,"Fast, Motor Circuit, 4A, Glass, 5 X 20mm, 250V, Holder, 2.0, 5.2mm, 20mm",Fast,NA,Motor Circuit,NA,NA,5,20,4A,Glass,NA,NA,NA,250V,NA,NA,Holder,NA,2,NA
A281,"Fast, Motor Circuit, 5A, Glass, 5 X 20mm, 250V, Holder, 2.0, 5.2mm, 20mm",Fast,NA,Motor Circuit,NA,NA,5,20,5A,Glass,NA,NA,NA,250V,NA,NA,Holder,NA,2,NA
A282,"Fast, Motor Circuit, 8A, Glass, 5 X 20mm, 250V, Holder, 2.0, 5.2mm, 20mm",Fast,NA,Motor Circuit,NA,NA,5,20,8A,Glass,NA,NA,NA,250V,NA,NA,Holder,NA,2,NA
A283,"Fast, Motor Circuit, 10A, Glass, 5 X 20mm, 250V, Holder, 2.0, 5.2mm, 20mm",Fast,NA,Motor Circuit,NA,NA,5,20,10A,Glass,NA,NA,NA,250V,NA,NA,Holder,NA,2,NA
A284,"Fast, Motor Circuit, 1.5A, Glass, 5 X 20mm, 250V, Holder, 2.0, 5.2mm, 20mm",Fast,NA,Motor Circuit,NA,NA,5,20,1.5A,Glass,NA,NA,NA,250V,NA,NA,Holder,NA,2,NA
A285,"Fast, Supplementary Protection|Utilization Equipment to Provide Individual Protection, 1.6A, Glass, 5 X 20mm, 250V, 1.6(Typ)W, Holder, 2.0, 5.2mm, 20mm",Fast,NA,Supplementary Protection|Utilization Equipment to Provide Individual Protection,NA,NA,5,20,1.6A,Glass,NA,NA,NA,250V,NA,1.6(Typ)W,Holder,NA,2,NA
A286,"Indicator Red Fast Movement 0.2A 250V Holder Plastic 5 X 20mm Glass Bulk CCC/CE/CSA/KC/SEMKO/UL/VDE Electric Indicator, Fast Blow, 0.2A, 250VAC, 250VDC, 35A (IR), Inline/holder, 5x20mm",Fast,RATED BREAKING CAPACITY AT 250 VDC: 35 A,Supplementary Protection|Utilization Equipment to Provide Individual Protection,FAST,NA,20mm,5.2mm,0.2A,Glass,e3,0.02J,Low,250V,250VDC,1.6(Typ)W,Holder,INLINE/HOLDER,2,35A
A287,"Indicator Red Fast Movement 0.25A 250V Holder Plastic 5 X 20mm Glass Bulk CCC/CE/CSA/KC/SEMKO/UL/VDE Electric Indicator, Fast Blow, 0.25A, 250VAC, 250VDC, 35A (IR), Inline/holder, 5x20mm",Fast,RATED BREAKING CAPACITY AT 250 VDC: 35 A,Supplementary Protection|Utilization Equipment to Provide Individual Protection,FAST,NA,20mm,5.2mm,0.25A,Glass,e3,0.04J,Low,250V,250VDC,1.6(Typ)W,Holder,INLINE/HOLDER,2,35A
A288,"Indicator Red Fast Movement 0.5A 250V Holder Plastic 5 X 20mm Glass Bulk BSI/CCC/CE/CSA/KC/SEMKO/UL/VDE Electric Indicator, Fast Blow, 0.5A, 250VAC, 250VDC, 35A (IR), Inline/holder, 5x20mm",Fast,RATED BREAKING CAPACITY AT 250 VDC: 35 A,Supplementary Protection|Utilization Equipment to Provide Individual Protection,FAST,NA,20mm,5.2mm,0.5A,Glass,NA,0.215J,Low,250V,250VDC,1.6(Typ)W,Holder,INLINE/HOLDER,2,35A
A289,"Fast, Supplementary Protection|Utilization Equipment to Provide Individual Protection, 0.5A, Glass, 5 X 20mm, 250V, 1.6(Typ)W, Holder, 2.0, 5.2mm, 20mm",Fast,NA,Supplementary Protection|Utilization Equipment to Provide Individual Protection,NA,NA,5,20,0.5A,Glass,NA,NA,NA,250V,NA,1.6(Typ)W,Holder,NA,2,NA
A290,"Fast, Motor Circuit, 0.6A, Glass, 5 X 20mm, 250V, Holder, 2.0, 5.2mm, 20mm",Fast,NA,Motor Circuit,NA,NA,5,20,0.6A,Glass,NA,NA,NA,250V,NA,NA,Holder,NA,2,NA
A291,Indicator Red Fast Movement 0.8A 250V Holder Plastic 5 X 20mm Glass Bulk CCC/CE/CSA/KC/SEMKO/UL/VDE ELECTRIC Indicator,Fast,NA,Supplementary Protection|Utilization Equipment to Provide Individual Protection,NA,NA,5,20,0.8A,Glass,NA,NA,Low,250V,NA,1.6(Typ)W,Holder,NA,2,NA
A292,"Indicator Red Fast Movement 0.8A 250V Holder Plastic 5 X 20mm Glass Bulk CCC/CE/CSA/KC/SEMKO/UL/VDE Electric Indicator, Fast Blow, 0.8A, 250VAC, 250VDC, 35A (IR), Inline/holder, 5x20mm",Fast,RATED BREAKING CAPACITY AT 250 VDC: 35 A,Supplementary Protection|Utilization Equipment to Provide Individual Protection,FAST,NA,20mm,5.2mm,0.8A,Glass,e3,0.85J,Low,250V,250VDC,1.6(Typ)W,Holder,INLINE/HOLDER,2,35A
A293,"Indicator Red Slow Blow Movement 1A 250V Holder Plastic 5 X 20mm Glass Bulk CCC/CE/CSA/KC/PSE/SEMKO/UL/VDE Electric Indicator, Time Lag Blow, 1A, 250VAC, 35A (IR), Supplemental, Inline/holder, 5x20mm",Slow Blow,RATED BREAKING CAPACITY AT 250 VAC: 35 A,Supplementary Protection|Utilization Equipment to Provide Individual Protection,TIME LAG,NA,20mm,5.2mm,1A,Glass,NA,6.73J,Low,250V,NA,1.6(Typ)W,Holder,INLINE/HOLDER,2,35A
A294,"Indicator Red Slow Blow Movement 1A 250V Holder Axial Melf 5 X 20mm Glass T/R Automotive CCC/CE/CSA/KC/PSE/SEMKO/UL/VDE Electric Indicator, Time Lag Blow, 1A, 35A (IR), Supplemental, 5x20mm",Slow Blow,NA,Supplementary Protection|Utilization Equipment to Provide Individual Protection,TIME LAG,NA,20mm,20mm,1A,Glass,NA,NA,Low,250V,NA,1.6(Typ)W,Holder,NA,2,35A
A295,"Indicator Red Slow Blow Movement 2A 250V Holder Plastic 5 X 20mm Glass Bulk CCC/CE/CSA/KC/PSE/SEMKO/UL/VDE Electric Indicator, Time Lag Blow, 2A, 250VAC, 35A (IR), Supplemental, Inline/holder, 5x20mm",Slow Blow,RATED BREAKING CAPACITY AT 250 VAC: 35 A,Supplementary Protection|Utilization Equipment to Provide Individual Protection,TIME LAG,NA,20mm,5.2mm,2A,Glass,e3,14.45J,Low,250V,NA,1.6(Typ)W,Holder,INLINE/HOLDER,2,35A
A296,"Indicator Red Slow Blow Movement 2A 250V Holder Axial Melf 5 X 20mm Glass T/R Automotive CCC/CE/CSA/KC/PSE/SEMKO/UL/VDE Electric Indicator, Time Lag Blow, 2A, 35A (IR), Supplemental, 5x20mm",Slow Blow,NA,Supplementary Protection|Utilization Equipment to Provide Individual Protection,TIME LAG,NA,20mm,20mm,2A,Glass,NA,NA,Low,250V,NA,1.6(Typ)W,Holder,NA,2,35A
A297,"Indicator Red Slow Blow Movement 4A 250V Holder Plastic 5 X 20mm Glass Bulk CCC/CE/CSA/KC/PSE/SEMKO/UL/VDE Electric Indicator, Time Lag Blow, 4A, 250VAC, 40A (IR), Supplemental, Inline/holder, 5x20mm",Slow Blow,RATED BREAKING CAPACITY AT 250 VAC: 40 A,Supplementary Protection|Utilization Equipment to Provide Individual Protection,TIME LAG,NA,20mm,5.2mm,4A,Glass,NA,69.1J,Low,250V,NA,1.6(Typ)W,Holder,INLINE/HOLDER,2,40A
A298,"Indicator Red Slow Blow Movement 4A 250V Holder Axial Melf 5 X 20mm Glass T/R Automotive CCC/CE/CSA/KC/PSE/SEMKO/UL/VDE Electric Indicator, Time Lag Blow, 4A, 40A (IR), Supplemental, 5x20mm",Slow Blow,NA,Supplementary Protection|Utilization Equipment to Provide Individual Protection,TIME LAG,NA,20mm,5.2mm,4A,Glass,NA,NA,Low,250V,NA,1.6(Typ)W,Holder,NA,2,40A
A299,"Indicator Red Slow Blow Movement 5A 250V Holder Plastic 5 X 20mm Glass Bulk CCC/CE/CSA/KC/PSE/SEMKO/UL/VDE Electric Indicator, Time Lag Blow, 5A, 250VAC, 50A (IR), Supplemental, Inline/holder, 5x20mm",Slow Blow,RATED BREAKING CAPACITY AT 250 VAC: 50 A,Supplementary Protection|Utilization Equipment to Provide Individual Protection,TIME LAG,NA,20mm,5.2mm,5A,Glass,NA,111J,Low,250V,NA,1.6(Typ)W,Holder,INLINE/HOLDER,2,50A
A300,"Slow Blow, Supplementary Protection|Utilization Equipment to Provide Individual Protection, 5A, Glass, 5 X 20mm, 250V, 1.6(Typ)W, Holder, 2.0, 4.7mm, 20mm",Slow Blow,NA,Supplementary Protection|Utilization Equipment to Provide Individual Protection,NA,NA,5,20,5A,Glass,NA,NA,NA,250V,NA,1.6(Typ)W,Holder,NA,2,NA
A301,"Indicator Red Slow Blow Movement 8A 250V Holder Plastic 5 X 20mm Glass Bulk CE/CSA/KC/PSE/UL/VDE Electric Indicator, Time Lag Blow, 8A, 250VAC, 80A (IR), Supplemental, Inline/holder, 5x20mm",Slow Blow,RATED BREAKING CAPACITY AT 250 VAC: 80 A,Supplementary Protection|Utilization Equipment to Provide Individual Protection,TIME LAG,NA,20mm,5.2mm,8A,Glass,NA,341.5J,Low,250V,NA,4(Typ)W,Holder,INLINE/HOLDER,2,80A
A302,"Indicator Red Slow Blow Movement 8A 250V Holder Axial Melf 5 X 20mm Glass T/R Automotive CE/CSA/KC/PSE/UL/VDE Electric Indicator, Time Lag Blow, 8A, 80A (IR), Supplemental, 5x20mm",Slow Blow,NA,Supplementary Protection|Utilization Equipment to Provide Individual Protection,TIME LAG,NA,20mm,5.2mm,8A,Glass,e3,NA,Low,250V,NA,4(Typ)W,Holder,NA,2,80A
A303,"Indicator Red Slow Blow Movement 10A 250V Holder Plastic 5 X 20mm Glass Bulk CE/CSA/KC/PSE/UL/VDE Electric Indicator, Time Lag Blow, 10A, 250VAC, 100A (IR), Supplemental, Inline/holder, 5x20mm",Slow Blow,RATED BREAKING CAPACITY AT 250 VAC: 100 A,Supplementary Protection|Utilization Equipment to Provide Individual Protection,TIME LAG,NA,20mm,5.2mm,10A,Glass,NA,568J,Low,250V,NA,4(Typ)W,Holder,INLINE/HOLDER,2,100A
A304,"Indicator Red Slow Blow Movement 10A 250V Holder Axial Melf 5 X 20mm Glass T/R Automotive CE/CSA/KC/PSE/UL/VDE Electric Indicator, Time Lag Blow, 10A, 100A (IR), Supplemental, 5x20mm",Slow Blow,NA,Supplementary Protection|Utilization Equipment to Provide Individual Protection,TIME LAG,NA,20mm,5.2mm,10A,Glass,e3,NA,Low,250V,NA,4(Typ)W,Holder,NA,2,100A
A305,"Slow Blow, Motor Circuit, 15A, Glass, 5 X 20mm, 250V, 1.6W, Holder, 2.0, 4.7mm, 20mm",Slow Blow,NA,Motor Circuit,NA,NA,5,20,15A,Glass,NA,NA,NA,250V,NA,1.6W,Holder,NA,2,NA
A306,"Indicator Red Slow Blow Movement 1.6A 250V Holder Plastic 5 X 20mm Glass Bulk CCC/CE/CSA/KC/PSE/SEMKO/UL/VDE Electric Indicator, Time Lag Blow, 1.6A, 250VAC, 35A (IR), Supplemental, Inline/holder, 5x20mm",Slow Blow,RATED BREAKING CAPACITY AT 250 VAC: 35 A,Supplementary Protection|Utilization Equipment to Provide Individual Protection,TIME LAG,NA,20mm,5.2mm,1.6A,Glass,NA,23.35J,Low,250V,NA,1.6(Typ)W,Holder,INLINE/HOLDER,2,35A
A307,"Indicator Red Slow Blow Movement 1.6A 250V Holder Axial Melf 5 X 20mm Glass T/R Automotive CCC/CE/CSA/KC/PSE/SEMKO/UL/VDE Electric Indicator, Time Lag Blow, 1.6A, 35A (IR), Supplemental, 5x20mm",Slow Blow,NA,Supplementary Protection|Utilization Equipment to Provide Individual Protection,TIME LAG,NA,20mm,5.2mm,1.6A,Glass,e3,NA,Low,250V,NA,1.6W,Holder,NA,2,35A
A308,"Indicator Red Slow Blow Movement 2.5A 250V Holder Plastic 5 X 20mm Glass Bulk CCC/CE/CSA/KC/PSE/SEMKO/UL/VDE Electric Indicator, Time Lag Blow, 2.5A, 250VAC, 35A (IR), Inline/holder",Slow Blow,RATED BREAKING CAPACITY AT 250 VAC: 35 A,Supplementary Protection|Utilization Equipment to Provide Individual Protection,TIME LAG,NA,20mm,5.2mm,2.5A,Glass,NA,23.25J,Low,250V,NA,1.6(Typ)W,Holder,INLINE/HOLDER,2,35A
A309,"Indicator Red Slow Blow Movement 2.5A 250V Holder Axial Melf 5 X 20mm Glass T/R Automotive CCC/CE/CSA/KC/PSE/SEMKO/UL/VDE Electric Indicator, Time Lag Blow, 2.5A, 35A (IR), Supplemental, 5x20mm",Slow Blow,NA,Supplementary Protection|Utilization Equipment to Provide Individual Protection,TIME LAG,NA,20mm,5.2mm,2.5A,Glass,e3,NA,Low,250V,NA,1.6(Typ)W,Holder,NA,2,35A
A310,"Slow Blow, Motor Circuit, 0.032A, Glass, 5 X 20mm, 250V, Holder, 2.0, 4.7mm, 20mm",Slow Blow,NA,Motor Circuit,NA,NA,5,20,0.032A,Glass,NA,NA,NA,250V,NA,NA,Holder,NA,2,NA
A311,"Slow Blow, Motor Circuit, 0.04A, Glass, 5 X 20mm, 250V, 1.6W, Holder, 2.0, 4.7mm, 20mm",Slow Blow,NA,Motor Circuit,NA,NA,5,20,0.04A,Glass,NA,NA,NA,250V,NA,1.6W,Holder,NA,2,NA
A312,"Indicator Red Slow Blow Movement 0.05A 250V Holder Axial Melf 5 X 20mm Glass Bulk CCC/CE/CSA/KC/SEMKO/UL/VDE Electric Indicator, Time Lag Blow, 0.05A, 35A (IR), Supplemental, 5x20mm",Slow Blow,NA,Motor Circuit,TIME LAG,NA,20mm,5.2mm,0.05A,Glass,e3,NA,Low,250V,NA,1.6W,Holder,NA,2,35A
A313,"Indicator Red Slow Blow Movement 6.3A 250V Holder Plastic 5 X 20mm Glass Bulk CCC/CE/CSA/KC/PSE/SEMKO/UL/VDE Electric Indicator, Time Lag Blow, 6.3A, 250VAC, 63A (IR), Supplemental, Inline/holder, 5x20mm",Slow Blow,RATED BREAKING CAPACITY AT 250 VAC: 63 A,Supplementary Protection|Utilization Equipment to Provide Individual Protection,TIME LAG,NA,20mm,5.2mm,6.3A,Glass,NA,198.5J,Low,250V,NA,1.6(Typ)W,Holder,INLINE/HOLDER,2,63A
A314,"Indicator Red Slow Blow Movement 6.3A 250V Holder Axial Melf 5 X 20mm Glass T/R Automotive CCC/CE/CSA/KC/PSE/SEMKO/UL/VDE Electric Indicator, Time Lag Blow, 6.3A, 63A (IR), Supplemental, 5x20mm",Slow Blow,NA,Supplementary Protection|Utilization Equipment to Provide Individual Protection,TIME LAG,NA,20mm,5.2mm,0.063A,Glass,e3,NA,Low,250V,NA,1.6(Typ)W,Holder,NA,2,63A
A315,"Slow Blow, Supplementary Protection|Utilization Equipment to Provide Individual Protection, 0.08A, Glass, 5 X 20mm, 250V, Holder, 2.0, 4.7mm, 20mm",Slow Blow,NA,Supplementary Protection|Utilization Equipment to Provide Individual Protection,NA,NA,5,20,0.08A,Glass,NA,NA,NA,250V,NA,NA,Holder,NA,2,NA
A316,"Indicator Red Slow Blow Movement 0.1A 250V Holder Axial Melf 5 X 20mm Glass T/R CCC/CE/CSA/KC/SEMKO/UL/VDE Electric Indicator, Time Lag Blow, 0.1A, 35A (IR), Supplemental, 5x20mm",Slow Blow,NA,Supplementary Protection|Utilization Equipment to Provide Individual Protection,TIME LAG,NA,20mm,5.2mm,0.1A,Glass,e3,NA,Low,250V,NA,1.6(Typ)W,Holder,NA,2,35A
A317,"Indicator Red Slow Blow Movement 0.125A 250V Holder Plastic 5 X 20mm Glass Bulk CCC/CE/CSA/KC/SEMKO/UL/VDE Electric Indicator, Time Lag Blow, 0.125A, 250VAC, 35A (IR), Supplemental, Inline/holder, 5x20mm",Slow Blow,RATED BREAKING CAPACITY AT 250 VAC: 35 A,Supplementary Protection|Utilization Equipment to Provide Individual Protection,TIME LAG,NA,20mm,5.2mm,0.125A,Glass,NA,0.1465J,Low,250V,NA,1.6(Typ)W,Holder,INLINE/HOLDER,2,35A
A318,"Indicator Red Slow Blow Movement 0.125A 250V Holder Plastic 5 X 20mm Glass Bulk CCC/CE/CSA/KC/SEMKO/UL/VDE Electric Indicator, Time Lag Blow, 0.125A, 250VAC, 35A (IR), Supplemental, Inline/holder, 5x20mm",Slow Blow,RATED BREAKING CAPACITY AT 250 VAC: 35 A,Supplementary Protection|Utilization Equipment to Provide Individual Protection,TIME LAG,NA,20mm,5.2mm,0.125A,Glass,NA,0.1465J,Low,250V,NA,1.6(Typ)W,Holder,INLINE/HOLDER,2,35A
A319,"Indicator Red Slow Blow Movement 0.125A 250V Holder Axial Melf 5 X 20mm Glass T/R CCC/CE/CSA/KC/SEMKO/UL/VDE Electric Indicator, Time Lag Blow, 0.125A, 35A (IR), Supplemental, 5x20mm",Slow Blow,NA,Supplementary Protection|Utilization Equipment to Provide Individual Protection,TIME LAG,NA,20mm,5.2mm,0.125A,Glass,e3,NA,Low,250V,NA,1.6W,Holder,NA,2,35A
A320,"Indicator Red Slow Blow Movement 0.2A 250V Holder Axial Melf 5 X 20mm Glass Bulk CCC/CE/CSA/KC/SEMKO/UL/VDE Electric Indicator, Time Lag Blow, 0.2A, 35A (IR), Supplemental, 5x20mm",Slow Blow,NA,Supplementary Protection|Utilization Equipment to Provide Individual Protection,TIME LAG,NA,20mm,5.2mm,0.2A,Glass,e3,NA,Low,250V,NA,1.6W,Holder,NA,2,35A
A321,"Indicator Red Slow Blow Movement 0.25A 250V Holder Plastic 5 X 20mm Glass Bulk CCC/CE/CSA/KC/SEMKO/UL/VDE Electric Indicator, Time Lag Blow, 0.25A, 250VAC, 35A (IR), Supplemental, Inline/holder, 5x20mm",Slow Blow,RATED BREAKING CAPACITY AT 250 VAC: 35 A,Supplementary Protection|Utilization Equipment to Provide Individual Protection,TIME LAG,NA,20mm,5.2mm,0.25A,Glass,NA,0.5405J,Low,250V,NA,1.6(Typ)W,Holder,INLINE/HOLDER,2,35A
A322,"Indicator Red Slow Blow Movement 0.25A 250V Holder Axial Melf 5 X 20mm Glass T/R CCC/CE/CSA/KC/SEMKO/UL/VDE Electric Indicator, Time Lag Blow, 0.25A, 35A (IR), Supplemental, 5x20mm",Slow Blow,NA,Supplementary Protection|Utilization Equipment to Provide Individual Protection,TIME LAG,NA,20mm,5.2mm,0.25A,Glass,e3,NA,Low,250V,NA,1.6(Typ)W,Holder,NA,2,35A
A323,"Slow Blow, Supplementary Protection|Utilization Equipment to Provide Individual Protection, 0.25A, Glass, 5 X 20mm, 250V, 1.6(Typ)W, Holder, 2.0, 5.2mm, 20mm",Slow Blow,NA,Supplementary Protection|Utilization Equipment to Provide Individual Protection,NA,NA,5,20,0.25A,Glass,NA,NA,NA,250V,NA,1.6(Typ)W,Holder,NA,2,NA
A324,"Indicator Red Slow Blow Movement 3.15A 250V Holder Plastic 5 X 20mm Glass Bulk CCC/CE/CSA/KC/PSE/SEMKO/UL/VDE Electric Indicator, Time Lag Blow, 3.15A, 250VAC, 35A (IR), Supplemental, Inline/holder, 5x20mm",Slow Blow,RATED BREAKING CAPACITY AT 250 VAC: 35 A,Supplementary Protection|Utilization Equipment to Provide Individual Protection,TIME LAG,NA,20mm,5.2mm,3.15A,Glass,NA,38.15J,Low,250V,NA,1.6(Typ)W,Holder,INLINE/HOLDER,2,35A
A325,"Indicator Red Slow Blow Movement 3.15A 250V Holder Axial Melf 5 X 20mm Glass T/R Automotive CCC/CE/CSA/KC/PSE/SEMKO/UL/VDE Electric Indicator, Time Lag Blow, 0.315A, 35A (IR), Supplemental, 5x20mm",Slow Blow,NA,Supplementary Protection|Utilization Equipment to Provide Individual Protection,TIME LAG,NA,20mm,5.2mm,0.315A,Glass,e3,NA,Low,250V,NA,1.6(Typ)W,Holder,NA,2,35A
A326,"Indicator Red Slow Blow Movement 0.4A 250V Axial 5 X 20mm Glass Bulk CCC/CE/CSA/SEMKO/UL/VDE Electric Indicator, Time Lag Blow, 0.4A, 250VAC, 35A (IR), Supplemental, Through Hole, 5x20mm",Slow Blow,RATED BREAKING CAPACITY AT 250 VAC: 35 A,Supplementary Protection|Utilization Equipment to Provide Individual Protection,TIME LAG,NA,22.5mm,5.8mm,0.4A,Glass,e3,1.325J,Low,250V,NA,1.6(Typ)W,Through Hole,THROUGH HOLE,2,35A
A327,"Indicator Red Slow Blow Movement 0.4A 250V Holder Plastic 5 X 20mm Glass Bulk CCC/CE/CSA/SEMKO/UL/VDE Electric Indicator, Time Lag Blow, 0.4A, 250VAC, 35A (IR), Supplemental, Inline/holder, 5x20mm",Slow Blow,RATED BREAKING CAPACITY AT 250 VAC: 35 A,Supplementary Protection|Utilization Equipment to Provide Individual Protection,TIME LAG,NA,20mm,5.2mm,0.4A,Glass,NA,1.325J,Low,250V,NA,1.6(Typ)W,Holder,INLINE/HOLDER,2,35A
A328,"Indicator Red Slow Blow Movement 0.4A 250V Holder Axial Melf 5 X 20mm Glass T/R CCC/CE/CSA/PSE/SEMKO/UL/VDE Electric Indicator, Time Lag Blow, 0.4A, 35A (IR), Supplemental, 5x20mm",Slow Blow,NA,Supplementary Protection|Utilization Equipment to Provide Individual Protection,TIME LAG,NA,20mm,5.2mm,0.4A,Glass,e3,NA,Low,250V,NA,NA,Holder,NA,2,35A
A329,"Indicator Red Slow Blow Movement 0.5A 250V Holder Axial Melf 5 X 20mm Glass T/R Automotive CCC/CE/CSA/KC/SEMKO/UL/VDE Electric Indicator, Time Lag Blow, 0.5A, 35A (IR), Supplemental, 5x20mm",Slow Blow,NA,Supplementary Protection|Utilization Equipment to Provide Individual Protection,TIME LAG,NA,20mm,5.2mm,0.5A,Glass,NA,NA,Low,250V,NA,1.6(Typ)W,Holder,NA,2,35A
A330,"Indicator Red Slow Blow Movement 0.63A 250V Holder Axial Melf 5 X 20mm Glass T/R Automotive CCC/CE/CSA/KC/SEMKO/UL/VDE Electric Indicator, Time Lag Blow, 0.63A, 35A (IR), Supplemental, 5x20mm",Slow Blow,NA,Supplementary Protection|Utilization Equipment to Provide Individual Protection,TIME LAG,NA,20mm,5.2mm,0.63A,Glass,e3,NA,Low,250V,NA,1.6(Typ)W,Holder,NA,2,35A
A331,"Indicator Red Slow Blow Movement 0.8A 250V Holder Plastic 5 X 20mm Glass Bulk CCC/CE/CSA/KC/SEMKO/UL/VDE Electric Indicator, Time Lag Blow, 0.8A, 250VAC, 35A (IR), Supplemental, Inline/holder, 5x20mm",Slow Blow,RATED BREAKING CAPACITY AT 250 VAC: 35 A,Supplementary Protection|Utilization Equipment to Provide Individual Protection,TIME LAG,NA,20mm,5.2mm,0.8A,Glass,NA,3.37J,Low,250V,NA,1.6(Typ)W,Holder,INLINE/HOLDER,2,35A
A332,"Indicator Red Slow Blow Movement 0.8A 250V Holder Axial Melf 5 X 20mm Glass T/R Automotive CCC/CE/CSA/KC/SEMKO/UL/VDE Electric Indicator, Time Lag Blow, 0.8A, 35A (IR), Supplemental, 5x20mm",Slow Blow,NA,Supplementary Protection|Utilization Equipment to Provide Individual Protection,TIME LAG,NA,20mm,5.2mm,0.8A,Glass,NA,NA,Low,250V,NA,1.6W,Holder,NA,2,35A
A333,"TIME LAG, 20mm, 5.2mm, 3.33J, Low, INLINE/HOLDER, 5.2mm  x  20mm, 150A, 1A, 250V",NA,NA,NA,TIME LAG,NA,20mm,5.2mm,150A,NA,NA,3.33J,Low,NA,NA,NA,NA,INLINE/HOLDER,2,150A
A334,"Slow Blow, Motor Circuit, 1A, 5 X 20mm, 250V, Holder, 2.0, 5.2mm, 20mm",Slow Blow,NA,Motor Circuit,NA,NA,5,20,1A,NA,NA,NA,NA,250V,NA,NA,Holder,NA,2,NA
A335,"TIME LAG, 20mm, 5.2mm, 70.95J, Low, INLINE/HOLDER, 5.2mm  x  20mm, 150A, 4A, 250V",NA,NA,NA,TIME LAG,NA,20mm,5.2mm,150A,NA,NA,70.95J,Low,NA,NA,NA,NA,INLINE/HOLDER,2,150A
A336,"Slow Blow, 5 X 20mm",Slow Blow,NA,NA,NA,NA,5,20,NA,NA,NA,NA,NA,NA,NA,NA,NA,NA,2,NA
A337,"Indicator Red Slow Blow Movement 4A 250V Holder Plastic 5 X 20mm Bulk CCC/CSA/PSE/SEMKO/UL Electric Indicator, Time Lag Blow, 4A, 250VAC, 150A (IR), Inline/holder, 5x20mm",Slow Blow,RATED BREAKING CAPACITY AT 250 VAC: 150 A,Supplementary Protection|Utilization Equipment to Provide Individual Protection,TIME LAG,NA,20mm,5.2mm,4A,NA,NA,330J,Low,250V,NA,1.6W,Holder,INLINE/HOLDER,2,150A
A338,"Slow Blow, Motor Circuit, 4A, 5 X 20mm, 250V, Holder, 2.0, 5.2mm, 20mm",Slow Blow,NA,Motor Circuit,NA,NA,5,20,4A,NA,NA,NA,NA,250V,NA,NA,Holder,NA,2,NA
A339,"TIME LAG, 20mm, 5.2mm, 114J, Low, INLINE/HOLDER, 5.2mm  x  20mm, 150A, 5A, 250V",NA,NA,NA,TIME LAG,NA,20mm,5.2mm,150A,NA,NA,114J,Low,NA,NA,NA,NA,INLINE/HOLDER,2,150A
A340,"Slow Blow, 5 X 20mm",Slow Blow,NA,NA,NA,NA,5,20,NA,NA,NA,NA,NA,NA,NA,NA,NA,NA,2,NA
A341,"Indicator Red Slow Blow Movement 2.5A 250V Holder Plastic 5 X 20mm Glass Bulk CCC/CE/CSA/PSE/SEMKO/UL/VDE Electric Indicator, Time Lag Blow, 2.5A, 250VAC, 150A (IR), Inline/holder, 5x20mm",Slow Blow,RATED BREAKING CAPACITY AT 250 VAC: 150 A,Supplementary Protection|Utilization Equipment to Provide Individual Protection,TIME LAG,NA,20mm,5.2mm,2.5A,Glass,NA,138J,Low,250V,NA,1.6(Typ)W,Holder,INLINE/HOLDER,2,150A
A342,Low,NA,NA,NA,NA,NA,NA,NA,NA,NA,NA,NA,Low,NA,NA,NA,NA,NA,2,NA
A343,"Slow Blow, Motor Circuit, 0.63A, 5 X 20mm, 250V, Holder, 2.0, 5.2mm, 20mm",Slow Blow,NA,Motor Circuit,NA,NA,5,20,0.63A,NA,NA,NA,NA,250V,NA,NA,Holder,NA,2,NA
A344,"Fast, Motor Circuit, 4A, Glass, 6.3 X 32mm, 250V, Holder, 2.0, 4.5mm, 14.48mm",Fast,NA,Motor Circuit,NA,NA,6.3,32,4A,Glass,NA,NA,NA,250V,NA,NA,Holder,NA,2,NA
A345,"FAST, 14.48mm, 4.5mm, 2AG, 9.4J, Low, INLINE/HOLDER, 125Cel, -55Cel, 4.5mm  x  14.48mm, 500A, 4A, 125V, 125V, 125V",Fast,NA,NA,FAST,NA,14.48mm,4.5mm,500A,NA,NA,9.4J,Low,NA,NA,NA,NA,INLINE/HOLDER,2,500A
A346,"Fast, Motor Circuit, 5A, Glass, 6.3 X 32mm, 125V, Holder, 2.0, 4.5mm, 14.48mm",Fast,NA,Motor Circuit,NA,NA,6.3,32,5A,Glass,NA,NA,NA,125V,NA,NA,Holder,NA,2,NA
A347,"FAST, 14.48mm, 4.5mm, 2AG, e3, 17J, Low, INLINE/HOLDER, 125Cel, -55Cel, 4.5mm  x  14.48mm, 500A, 5A, 250V, 125V, 125V",Fast,NA,NA,FAST,NA,14.48mm,4.5mm,500A,NA,e3,17J,Low,NA,NA,NA,NA,INLINE/HOLDER,2,500A
A348,"Fast, Motor Circuit, 6A, Glass, 6.3 X 32mm, 250V, Holder, 2.0, 4.5mm, 14.48mm",Fast,NA,Motor Circuit,NA,NA,6.3,32,6A,Glass,NA,NA,NA,250V,NA,NA,Holder,NA,2,NA
A349,"FAST, 14.48mm, 4.5mm, 2AG, e3, 22.1J, Low, INLINE/HOLDER, 125Cel, -55Cel, 4.5mm  x  14.48mm, 500A, 6A, 125V, 125V, 125V",Fast,NA,NA,FAST,NA,14.48mm,4.5mm,500A,NA,e3,22.1J,Low,NA,NA,NA,NA,INLINE/HOLDER,2,500A
A350,"Fast, Motor Circuit, 7A, Glass, 6.3 X 32mm, 250V, Holder, 2.0, 4.5mm, 14.48mm",Fast,NA,Motor Circuit,NA,NA,6.3,32,7A,Glass,NA,NA,NA,250V,NA,NA,Holder,NA,2,NA
A351,"FAST, 14.48mm, 4.5mm, 2AG, e3, 40J, Low, INLINE/HOLDER, 125Cel, -55Cel, 4.5mm  x  14.48mm, 500A, 7A, 125V, 125V, 125V",Fast,NA,NA,FAST,NA,14.48mm,4.5mm,500A,NA,e3,40J,Low,NA,NA,NA,NA,INLINE/HOLDER,2,500A
A352,"Fast, Motor Circuit, 8A, Glass, 6.3 X 32mm, 250V, Holder, 2.0, 4.5mm, 14.48mm",Fast,NA,Motor Circuit,NA,NA,6.3,32,8A,Glass,NA,NA,NA,250V,NA,NA,Holder,NA,2,NA
A353,"FAST, 14.48mm, 4.5mm, 2AG, e3, 56J, Low, INLINE/HOLDER, 125Cel, -55Cel, 4.5mm  x  14.48mm, 500A, 8A, 125V, 125V, 125V",Fast,NA,NA,FAST,NA,14.48mm,4.5mm,500A,NA,e3,56J,Low,NA,NA,NA,NA,INLINE/HOLDER,2,500A
A354,"Fast, Supplementary Protection|Utilization Equipment to Provide Individual Protection, 10A, Glass, 5 X 15mm, 125V, 125V, Holder, 2.0, 4.5mm, 14.48mm",Fast,NA,Supplementary Protection|Utilization Equipment to Provide Individual Protection,NA,NA,5,15,10A,Glass,NA,NA,NA,125V,125V,NA,Holder,NA,2,NA
A355,"FAST, 14.48mm, 4.5mm, 2AG, 116J, Low, INLINE/HOLDER, 125Cel, -55Cel, 4.5mm  x  14.48mm, 500A, 10A, 125V, 125V, 125V",Fast,NA,NA,FAST,NA,14.48mm,4.5mm,500A,NA,NA,116J,Low,NA,NA,NA,NA,INLINE/HOLDER,2,500A
A356,"Slow Blow, Telecom Industry, 2.5A, Glass, 5 X 15mm, 250V",Slow Blow,NA,Telecom Industry,NA,NA,5,15,2.5A,Glass,NA,NA,NA,250V,NA,NA,NA,NA,2,NA
A357,"Medium Time Delay, Motor Circuit, 1A, Glass, 5 X 20mm, 250V",Medium Time Delay,NA,Motor Circuit,NA,NA,5,20,1A,Glass,NA,NA,NA,250V,NA,NA,NA,NA,2,NA
A358,"Medium Time Delay, Motor Circuit, 2A, Glass, 5 X 20mm, 250V",Medium Time Delay,NA,Motor Circuit,NA,NA,5,20,2A,Glass,NA,NA,NA,250V,NA,NA,NA,NA,2,NA
A359,"Medium Time Delay, Motor Circuit, 3A, Glass, 5 X 20mm, 250V",Medium Time Delay,NA,Motor Circuit,NA,NA,5,20,3A,Glass,NA,NA,NA,250V,NA,NA,NA,NA,2,NA
A360,"Medium Time Delay, Motor Circuit, 4A, Glass, 5 X 20mm, 250V",Medium Time Delay,NA,Motor Circuit,NA,NA,5,20,4A,Glass,NA,NA,NA,250V,NA,NA,NA,NA,2,NA
A361,"Medium Time Delay, Motor Circuit, 5A, Glass, 5 X 20mm, 250V",Medium Time Delay,NA,Motor Circuit,NA,NA,5,20,5A,Glass,NA,NA,NA,250V,NA,NA,NA,NA,2,NA
A362,"Medium Time Delay, Motor Circuit, 8A, Glass, 5 X 20mm, 250V",Medium Time Delay,NA,Motor Circuit,NA,NA,5,20,8A,Glass,NA,NA,NA,250V,NA,NA,NA,NA,2,NA
A363,"Medium Time Delay, Motor Circuit, 10A, Glass, 5 X 20mm, 250V",Medium Time Delay,NA,Motor Circuit,NA,NA,5,20,10A,Glass,NA,NA,NA,250V,NA,NA,NA,NA,2,NA
A364,"MEDIUM, 20mm, 5.2mm, 6.144J, Low, INLINE/HOLDER, 125Cel, -55Cel",NA,NA,NA,MEDIUM,NA,20mm,5.2mm,NA,NA,NA,6.144J,Low,NA,NA,NA,NA,INLINE/HOLDER,2,NA
A365,"Medium Time Delay, Supplementary Protection|Utilization Equipment to Provide Individual Protection, 1.6A, Glass, 5 X 20mm, 125V, Holder, 2.0, 5.2mm, 20mm",Medium Time Delay,NA,Supplementary Protection|Utilization Equipment to Provide Individual Protection,NA,NA,5,20,1.6A,Glass,NA,NA,NA,125V,NA,NA,Holder,NA,2,NA
A366,"MEDIUM, 20mm, 5.2mm, 17.041J, Low, INLINE/HOLDER, 125Cel, -55Cel",NA,NA,NA,MEDIUM,NA,20mm,5.2mm,NA,NA,NA,17.041J,Low,NA,NA,NA,NA,INLINE/HOLDER,2,NA
A367,"Medium Time Delay, Supplementary Protection|Utilization Equipment to Provide Individual Protection, 2.5A, Glass, 5 X 20mm, 125V, Holder, 2.0, 5.2mm, 20mm",Medium Time Delay,NA,Supplementary Protection|Utilization Equipment to Provide Individual Protection,NA,NA,5,20,2.5A,Glass,NA,NA,NA,125V,NA,NA,Holder,NA,2,NA
A368,"MEDIUM, 20mm, 5.2mm, 36.272J, Low, INLINE/HOLDER, 125Cel, -55Cel",NA,NA,NA,MEDIUM,NA,20mm,5.2mm,NA,NA,NA,36.272J,Low,NA,NA,NA,NA,INLINE/HOLDER,2,NA
A369,"Medium Time Delay, Supplementary Protection|Utilization Equipment to Provide Individual Protection, 3.5A, Glass, 5 X 20mm, 125V, Holder, 2.0, 5.2mm, 20mm",Medium Time Delay,NA,Supplementary Protection|Utilization Equipment to Provide Individual Protection,NA,NA,5,20,3.5A,Glass,NA,NA,NA,125V,NA,NA,Holder,NA,2,NA
A370,"MEDIUM, 20mm, 5.2mm, 151.905J, Low, INLINE/HOLDER, 125Cel, -55Cel",NA,NA,NA,MEDIUM,NA,20mm,5.2mm,NA,NA,NA,151.905J,Low,NA,NA,NA,NA,INLINE/HOLDER,2,NA
A371,"Medium Time Delay, Supplementary Protection|Utilization Equipment to Provide Individual Protection, 6.3A, Glass, 5 X 20mm, 125V, Holder, 2.0, 5.2mm, 20mm",Medium Time Delay,NA,Supplementary Protection|Utilization Equipment to Provide Individual Protection,NA,NA,5,20,6.3A,Glass,NA,NA,NA,125V,NA,NA,Holder,NA,2,NA
A372,"MEDIUM, 20mm, 5.2mm, 3.389J, Low, INLINE/HOLDER, 125Cel, -55Cel",NA,NA,NA,MEDIUM,NA,20mm,5.2mm,NA,NA,NA,3.389J,Low,NA,NA,NA,NA,INLINE/HOLDER,2,NA
A373,"Medium Time Delay, Supplementary Protection|Utilization Equipment to Provide Individual Protection, 1.25A, Glass, 5 X 20mm, 125V, Holder, 2.0, 5.2mm, 20mm",Medium Time Delay,NA,Supplementary Protection|Utilization Equipment to Provide Individual Protection,NA,NA,5,20,1.25A,Glass,NA,NA,NA,125V,NA,NA,Holder,NA,2,NA
A374,"MEDIUM, 20mm, 5.2mm, 29.797J, Low, INLINE/HOLDER, 125Cel, -55Cel",NA,NA,NA,MEDIUM,NA,20mm,5.2mm,NA,NA,NA,29.797J,Low,NA,NA,NA,NA,INLINE/HOLDER,2,NA
A375,"Medium Time Delay, Supplementary Protection|Utilization Equipment to Provide Individual Protection, 3.15A, Glass, 5 X 20mm, 125V, Holder, 2.0, 5.2mm, 20mm",Medium Time Delay,NA,Supplementary Protection|Utilization Equipment to Provide Individual Protection,NA,NA,5,20,3.15A,Glass,NA,NA,NA,125V,NA,NA,Holder,NA,2,NA
A376,"Indicator Red Medium Time Delay Movement 3.15A 125V Holder Axial Melf 5 X 20mm Glass CE/CSA/KC/PSE/UL Electric Indicator, Medium Blow, 3.15A, 125VAC, 10000A (IR), Inline/holder",Medium Time Delay,RATED BREAKING CAPACITY AT 125 VAC: 10000 A,Supplementary Protection|Utilization Equipment to Provide Individual Protection,MEDIUM,NA,20mm,5.2mm,3.15A,Glass,NA,30.6J,High,125V,NA,NA,Holder,INLINE/HOLDER,2,NA
A377,"PRE-ARCING TIME: OPEN WITHIN 0.4 SEC. AT 200% RATED CURRENT, MEDIUM, 20mm, 5.2mm, 2.03J, Low, INLINE/HOLDER, 125Cel, -55Cel",NA,PRE-ARCING TIME: OPEN WITHIN 0.4 SEC. AT 200% RATED CURRENT,NA,MEDIUM,NA,20mm,5.2mm,NA,NA,NA,2.03J,Low,NA,NA,NA,NA,INLINE/HOLDER,2,NA
A378,"Medium Time Delay, Motor Circuit, 1A, Glass, 5 X 20mm, 250V, Holder, 2.0, 5.2mm, 20mm",Medium Time Delay,NA,Motor Circuit,NA,NA,5,20,1A,Glass,NA,NA,NA,250V,NA,NA,Holder,NA,2,NA
A379,"PRE-ARCING TIME: OPEN WITHIN 0.4 SEC. AT 200% RATED CURRENT, MEDIUM, 20mm, 5.2mm, 10.2J, Low, INLINE/HOLDER, 125Cel, -55Cel",NA,PRE-ARCING TIME: OPEN WITHIN 0.4 SEC. AT 200% RATED CURRENT,NA,MEDIUM,NA,20mm,5.2mm,NA,NA,NA,10.2J,Low,NA,NA,NA,NA,INLINE/HOLDER,2,NA
A380,"Medium Time Delay, Motor Circuit, 2A, Glass, 5 X 20mm, 250V, Holder, 2.0, 5.2mm, 20mm",Medium Time Delay,NA,Motor Circuit,NA,NA,5,20,2A,Glass,NA,NA,NA,250V,NA,NA,Holder,NA,2,NA
A381,"Indicator 2A 250V Medium Time Delay Movement 2-Pin Bulk Electric Indicator, Medium Blow, 2A, 250VAC, 100A (IR), Inline/holder",Medium Time Delay,PRE-ARCING TIME: OPEN WITHIN 0.4 SEC. AT 200% RATED CURRENT,Supplementary Protection,MEDIUM,NA,20mm,5.2mm,2A,Glass,NA,10.2J,Low,250V,NA,NA,Through Hole,INLINE/HOLDER,2,NA
A382,"PRE-ARCING TIME: OPEN WITHIN 0.4 SEC. AT 200% RATED CURRENT, MEDIUM, 20mm, 5.2mm, 27J, Low, INLINE/HOLDER, 125Cel, -55Cel",NA,PRE-ARCING TIME: OPEN WITHIN 0.4 SEC. AT 200% RATED CURRENT,NA,MEDIUM,NA,20mm,5.2mm,NA,NA,NA,27J,Low,NA,NA,NA,NA,INLINE/HOLDER,2,NA
A383,"Medium Time Delay, Motor Circuit, 3A, Glass, 5 X 20mm, 250V, Holder, 2.0, 5.2mm, 20mm",Medium Time Delay,NA,Motor Circuit,NA,NA,5,20,3A,Glass,NA,NA,NA,250V,NA,NA,Holder,NA,2,NA
A384,"PRE-ARCING TIME: OPEN WITHIN 0.4 SEC. AT 200% RATED CURRENT, MEDIUM, 20mm, 5.2mm, 10.7J, Low, INLINE/HOLDER, 125Cel, -55Cel",NA,PRE-ARCING TIME: OPEN WITHIN 0.4 SEC. AT 200% RATED CURRENT,NA,MEDIUM,NA,20mm,5.2mm,NA,NA,NA,10.7J,Low,NA,NA,NA,NA,INLINE/HOLDER,2,NA
A385,"Medium Time Delay, Motor Circuit, 4A, Ceramic, 5 X 20mm, 250V, Holder, 2.0, 5.2mm, 20mm",Medium Time Delay,NA,Motor Circuit,NA,NA,5,20,4A,Ceramic,NA,NA,NA,250V,NA,NA,Holder,NA,2,NA
A386,"PRE-ARCING TIME: OPEN WITHIN 0.4 SEC. AT 200% RATED CURRENT, MEDIUM, 20mm, 5.2mm, 21.2J, Low, INLINE/HOLDER, 125Cel, -55Cel",NA,PRE-ARCING TIME: OPEN WITHIN 0.4 SEC. AT 200% RATED CURRENT,NA,MEDIUM,NA,20mm,5.2mm,NA,NA,NA,21.2J,Low,NA,NA,NA,NA,INLINE/HOLDER,2,NA
A387,"Medium Time Delay, Motor Circuit, 5A, Ceramic, 5 X 20mm, 250V, Holder, 2.0, 5.2mm, 20mm",Medium Time Delay,NA,Motor Circuit,NA,NA,5,20,5A,Ceramic,NA,NA,NA,250V,NA,NA,Holder,NA,2,NA
A388,"PRE-ARCING TIME: OPEN WITHIN 0.4 SEC. AT 200% RATED CURRENT, MEDIUM, 20mm, 5.2mm, 33.9J, Low, INLINE/HOLDER, 125Cel, -55Cel",NA,PRE-ARCING TIME: OPEN WITHIN 0.4 SEC. AT 200% RATED CURRENT,NA,MEDIUM,NA,20mm,5.2mm,NA,NA,NA,33.9J,Low,NA,NA,NA,NA,INLINE/HOLDER,2,NA
A389,"Medium Time Delay, Motor Circuit, 6A, Ceramic, 5 X 20mm, 250V, Holder, 2.0, 5.2mm, 20mm",Medium Time Delay,NA,Motor Circuit,NA,NA,5,20,6A,Ceramic,NA,NA,NA,250V,NA,NA,Holder,NA,2,NA
A390,"PRE-ARCING TIME: OPEN WITHIN 0.4 SEC. AT 200% RATED CURRENT, MEDIUM, 20mm, 5.2mm, 82.9J, Low, INLINE/HOLDER, 125Cel, -55Cel",NA,PRE-ARCING TIME: OPEN WITHIN 0.4 SEC. AT 200% RATED CURRENT,NA,MEDIUM,NA,20mm,5.2mm,NA,NA,NA,82.9J,Low,NA,NA,NA,NA,INLINE/HOLDER,2,NA
A391,"Medium Time Delay, Motor Circuit, 8A, Ceramic, 5 X 20mm, 250V, Holder, 2.0, 5.2mm, 20mm",Medium Time Delay,NA,Motor Circuit,NA,NA,5,20,8A,Ceramic,NA,NA,NA,250V,NA,NA,Holder,NA,2,NA
A392,"PRE-ARCING TIME: OPEN WITHIN 0.4 SEC. AT 200% RATED CURRENT, MEDIUM, 20mm, 5.2mm, 133J, Low, INLINE/HOLDER, 125Cel, -55Cel",NA,PRE-ARCING TIME: OPEN WITHIN 0.4 SEC. AT 200% RATED CURRENT,NA,MEDIUM,NA,20mm,5.2mm,NA,NA,NA,133J,Low,NA,NA,NA,NA,INLINE/HOLDER,2,NA
A393,"Medium Time Delay, Motor Circuit, 10A, Ceramic, 5 X 20mm, 250V, Holder, 2.0, 5.2mm, 20mm",Medium Time Delay,NA,Motor Circuit,NA,NA,5,20,10A,Ceramic,NA,NA,NA,250V,NA,NA,Holder,NA,2,NA
A394,"PRE-ARCING TIME: OPEN WITHIN 0.4 SEC. AT 200% RATED CURRENT, MEDIUM, 20mm, 5.2mm, 6.31J, Low, INLINE/HOLDER, 125Cel, -55Cel",NA,PRE-ARCING TIME: OPEN WITHIN 0.4 SEC. AT 200% RATED CURRENT,NA,MEDIUM,NA,20mm,5.2mm,NA,NA,NA,6.31J,Low,NA,NA,NA,NA,INLINE/HOLDER,2,NA
A395,"Medium Time Delay, Motor Circuit, 1.6A, Glass, 5 X 20mm, 250V, Holder, 2.0, 5.2mm, 20mm",Medium Time Delay,NA,Motor Circuit,NA,NA,5,20,1.6A,Glass,NA,NA,NA,250V,NA,NA,Holder,NA,2,NA
A396,"PRE-ARCING TIME: OPEN WITHIN 0.4 SEC. AT 200% RATED CURRENT, MEDIUM, 20mm, 5.2mm, 17.5J, Low, INLINE/HOLDER, 125Cel, -55Cel",NA,PRE-ARCING TIME: OPEN WITHIN 0.4 SEC. AT 200% RATED CURRENT,NA,MEDIUM,NA,20mm,5.2mm,NA,NA,NA,17.5J,Low,NA,NA,NA,NA,INLINE/HOLDER,2,NA
A397,"Medium Time Delay, Motor Circuit, 2.5A, Glass, 5 X 20mm, 250V, Holder, 2.0, 5.2mm, 20mm",Medium Time Delay,NA,Motor Circuit,NA,NA,5,20,2.5A,Glass,NA,NA,NA,250V,NA,NA,Holder,NA,2,NA
A398,"PRE-ARCING TIME: OPEN WITHIN 0.4 SEC. AT 200% RATED CURRENT, MEDIUM, 20mm, 5.2mm, 37.3J, Low, INLINE/HOLDER, 125Cel, -55Cel",NA,PRE-ARCING TIME: OPEN WITHIN 0.4 SEC. AT 200% RATED CURRENT,NA,MEDIUM,NA,20mm,5.2mm,NA,NA,NA,37.3J,Low,NA,NA,NA,NA,INLINE/HOLDER,2,NA
A399,"Medium Time Delay, Motor Circuit, 3.5A, Glass, 5 X 20mm, 250V, Holder, 2.0, 5.2mm, 20mm",Medium Time Delay,NA,Motor Circuit,NA,NA,5,20,3.5A,Glass,NA,NA,NA,250V,NA,NA,Holder,NA,2,NA
A400,"PRE-ARCING TIME: OPEN WITHIN 0.4 SEC. AT 200% RATED CURRENT, MEDIUM, 20mm, 5.2mm, 37.3J, Low, INLINE/HOLDER, 125Cel, -55Cel",NA,PRE-ARCING TIME: OPEN WITHIN 0.4 SEC. AT 200% RATED CURRENT,NA,MEDIUM,NA,20mm,5.2mm,NA,NA,NA,37.3J,Low,NA,NA,NA,NA,INLINE/HOLDER,2,NA
A401,"PRE-ARCING TIME: OPEN WITHIN 0.4 SEC. AT 200% RATED CURRENT, MEDIUM, 20mm, 5.2mm, 38.7J, Low, INLINE/HOLDER, 125Cel, -55Cel",NA,PRE-ARCING TIME: OPEN WITHIN 0.4 SEC. AT 200% RATED CURRENT,NA,MEDIUM,NA,20mm,5.2mm,NA,NA,NA,38.7J,Low,NA,NA,NA,NA,INLINE/HOLDER,2,NA
A402,"Medium Time Delay, Motor Circuit, 6.3A, Ceramic, 5 X 20mm, 250V, Holder, 2.0, 5.2mm, 20mm",Medium Time Delay,NA,Motor Circuit,NA,NA,5,20,6.3A,Ceramic,NA,NA,NA,250V,NA,NA,Holder,NA,2,NA
A403,"PRE-ARCING TIME: OPEN WITHIN 0.4 SEC. AT 200% RATED CURRENT, MEDIUM, 20mm, 5.2mm, 3.48J, Low, INLINE/HOLDER, 125Cel, -55Cel",NA,PRE-ARCING TIME: OPEN WITHIN 0.4 SEC. AT 200% RATED CURRENT,NA,MEDIUM,NA,20mm,5.2mm,NA,NA,NA,3.48J,Low,NA,NA,NA,NA,INLINE/HOLDER,2,NA
A404,"Medium Time Delay, Motor Circuit, 1.25A, Glass, 5 X 20mm, 250V, Holder, 2.0, 5.2mm, 20mm",Medium Time Delay,NA,Motor Circuit,NA,NA,5,20,1.25A,Glass,NA,NA,NA,250V,NA,NA,Holder,NA,2,NA
A405,"PRE-ARCING TIME: OPEN WITHIN 0.4 SEC. AT 200% RATED CURRENT, MEDIUM, 20mm, 5.2mm, 30.6J, Low, INLINE/HOLDER, 125Cel, -55Cel",NA,PRE-ARCING TIME: OPEN WITHIN 0.4 SEC. AT 200% RATED CURRENT,NA,MEDIUM,NA,20mm,5.2mm,NA,NA,NA,30.6J,Low,NA,NA,NA,NA,INLINE/HOLDER,2,NA
A406,"Medium Time Delay, Motor Circuit, 3.15A, Glass, 5 X 20mm, 250V, Holder, 2.0, 5.2mm, 20mm",Medium Time Delay,NA,Motor Circuit,NA,NA,5,20,3.15A,Glass,NA,NA,NA,250V,NA,NA,Holder,NA,2,NA
A407,"Indicator Red Fast Movement 1A 250V Holder Plastic 5 X 20mm Glass Bulk CE/CSA/KC/PSE/UL Electric Indicator, Fast Blow, 1A, 250VAC, 100A (IR), Inline/holder",Fast,RATED BREAKING CAPACITY AT 250 VAC: 100 A,Supplementary Protection|Utilization Equipment to Provide Individual Protection,FAST,NA,5.2mm,20mm,1A,Glass,NA,0.4675J,Low,250V,NA,NA,Holder,INLINE/HOLDER,2,100A
A408,"Indicator Red Slow Blow Movement 2.5A 250V Holder Plastic 5 X 20mm Glass Bulk CE/CSA/KC/PSE/UL Electric Indicator, Time Lag Blow, 2.5A, 250VAC, 100A (IR), Supplemental, Inline/holder, 5x20mm",Slow Blow,RATED BREAKING CAPACITY AT 250 VAC: 100 A,Supplementary Protection|Utilization Equipment to Provide Individual Protection,TIME LAG,NA,20mm,5.2mm,2.5A,Glass,NA,79.705J,Low,250V,NA,NA,Holder,INLINE/HOLDER,2,100A
A409,"Indicator Red Slow Blow Movement 0.5A 250V Holder Plastic 5 X 20mm Glass Bulk CE/CSA/KC/PSE/UL Electric Indicator, Time Lag Blow, 0.5A, 250VAC, 35A (IR), Supplemental, Inline/holder, 5x20mm",Slow Blow,RATED BREAKING CAPACITY AT 250 VAC: 35 A,Supplementary Protection|Utilization Equipment to Provide Individual Protection,TIME LAG,NA,20mm,5.2mm,0.5A,Glass,NA,1.985J,Low,250V,NA,NA,Holder,INLINE/HOLDER,2,35A
A410,"Indicator Fast Movement 0.05A 250V Holder Plastic 3.02 X 8.4mm T/R UL Electric Indicator, 0.05A, 250VAC, 250VDC, 4000A (IR), Surface Mount",Fast,RATED BREAKING CAPACITY AT 250 VDC: 4000A,Electrical Connections,NA,NA,8.4mm,3.02mm,0.05A,NA,e4,0.0001J,Low,250V,250V,NA,Holder,SURFACE MOUNT,2,4000A
A411,"Indicator Fast Movement 0.08A 250V Holder Plastic 3.02 X 8.4mm T/R UL Electric Indicator, 0.08A, 250VAC, 250VDC, 4000A (IR), Surface Mount",Fast,RATED BREAKING CAPACITY AT 250 VDC: 4000A,Electrical Connections,NA,NA,8.4mm,3.02mm,0.08A,NA,e3,0.00021J,Low,250V,250V,NA,Holder,SURFACE MOUNT,2,4000A
A412,"Indicator Fast Movement 0.1A 250V Holder Plastic 3.02 X 8.4mm T/R UL Electric Indicator, 0.1A, 250VAC, 250VDC, 4000A (IR), Surface Mount",Fast,RATED BREAKING CAPACITY AT 250 VDC: 4000A,Electrical Connections,NA,NA,8.4mm,3.02mm,0.1A,NA,e3,0.00098J,Low,250V,250V,NA,Holder,SURFACE MOUNT,2,4000A
A413,"Indicator SubRed Very Fast Movement 7A 125V Axial 2.8 X 7.11mm Epoxy Coated CCC/CSA/PSE/QPL/TUV/UL Electric Indicator, Very Fast Blow, 7A, 125VAC, 125VDC, 50A (IR), Through Hole",Very Fast,RATED BREAKING CAPACITY AT 125 VDC: 300 A,Audio/Video System|Flat Panel Display TV|LCD Monitor|Office Machine|Power Supply,VERY FAST,NA,7.11mm,2.41mm,7A,Epoxy Coated,e3,10.4J,High,125V,125VDC,NA,Through Hole,THROUGH HOLE,2,50A
A414,"Indicator SubRed Very Fast Movement 10A 125V Axial 2.8 X 7.11mm Epoxy Coated CCC/CSA/PSE/QPL/TUV/UL Electric Indicator, Very Fast Blow, 10A, 125VAC, 125VDC, 50A (IR), Through Hole",Very Fast,RATED BREAKING CAPACITY AT 125 VDC: 300 A,Audio/Video System|Flat Panel Display TV|LCD Monitor|Office Machine|Power Supply,VERY FAST,NA,7.11mm,2.41mm,10A,Epoxy Coated,e3,25.5J,High,125V,125VDC,NA,Through Hole,THROUGH HOLE,2,50A
A415,"Indicator SubRed Very Fast Movement 10A 125V Axial 2.8 X 7.11mm Ceramic T/R CSA/TUV/UL Electric Indicator, Very Fast Blow, 10A, 125VAC, 125VDC, 50A (IR), Supplemental, Through Hole, PICO",Very Fast,RATED BREAKING CAPACITY AT 125 VDC: 300 A,Audio/Video System|Flat Panel Display TV|LCD Monitor|Office Machine|Power Supply,VERY FAST,NA,7.11mm,2.8mm,10A,Ceramic,e3,25.5J,Low,125V,125VDC,NA,Through Hole,THROUGH HOLE,2,50A
A416,"Indicator SubRed Very Fast Movement 10A 125V Axial 2.8 X 7.11mm Ceramic T/R CSA/TUV/UL Electric Indicator, Very Fast Blow, 10A, 125VAC, 125VDC, 50A (IR), Supplemental, Through Hole, PICO",Very Fast,RATED BREAKING CAPACITY AT 125 VDC: 300 A,Audio/Video System|Flat Panel Display TV|LCD Monitor|Office Machine|Power Supply,VERY FAST,NA,7.11mm,2.8mm,10A,Ceramic,e3,25.5J,Low,125V,125VDC,NA,Through Hole,THROUGH HOLE,2,50A
A417,"RATED BREAKING CAPACITY AT 32 VDC: 300 A, VERY FAST, 7.11mm, 2.8mm, e3, 68.8J, Low, THROUGH HOLE, 125Cel, -55Cel, 2.8mm  x  7.11mm, 50A, 15A, 32V, 32V",NA,RATED BREAKING CAPACITY AT 32 VDC: 300 A,NA,VERY FAST,NA,7.11mm,2.8mm,300A,NA,e3,68.8J,Low,NA,32VDC,NA,NA,THROUGH HOLE,2,50A
A418,"Indicator SubRed Very Fast Movement 0.062A 125V Axial 2.8 X 7.11mm Ceramic Ammo CSA/UL Electric Indicator, Very Fast Blow, 0.062A, 125VAC, 125VDC, 50A (IR), Through Hole",Very Fast,RATED BREAKING CAPACITY AT 125 VDC: 300 A,Audio/Video System|Flat Panel Display TV|LCD Monitor|Office Machine|Power Supply,VERY FAST,NA,7.11mm,2.8mm,0.062A,Ceramic,e3,0.00011J,Low,125V,125VDC,NA,Through Hole,THROUGH HOLE,2,50A
A419,"Indicator SubRed Very Fast Movement 0.062A 125V Axial 2.8 X 7.11mm Ceramic Ammo CSA/UL Electric Indicator, Very Fast Blow, 0.062A, 125VAC, 125VDC, 50A (IR), Through Hole",Very Fast,RATED BREAKING CAPACITY AT 125 VDC: 300 A,Audio/Video System|Flat Panel Display TV|LCD Monitor|Office Machine|Power Supply,VERY FAST,NA,7.11mm,2.8mm,0.062A,Ceramic,e3,0.00011J,Low,125V,125VDC,NA,Through Hole,THROUGH HOLE,2,50A
A420,"Indicator SubRed Very Fast Movement 0.062A 125V Axial 2.8 X 7.11mm Ceramic T/R CSA/UL Electric Indicator, Very Fast Blow, 0.062A, 125VAC, 125VDC, 50A (IR), Supplemental, Through Hole, PICO",Very Fast,RATED BREAKING CAPACITY AT 125 VDC: 300 A,Audio/Video System|Flat Panel Display TV|LCD Monitor|Office Machine|Power Supply,VERY FAST,NA,7.11mm,2.8mm,0.062A,Ceramic,e3,0.00011J,Low,125V,125VDC,NA,Through Hole,THROUGH HOLE,2,50A
A421,"Very Fast, Audio/Video System|Flat Panel Display TV|LCD Monitor|Office Machine|Power Supply, 0.125A, Epoxy Coated, 2.8 X 7.11mm, 125V",Very Fast,NA,Audio/Video System|Flat Panel Display TV|LCD Monitor|Office Machine|Power Supply,NA,NA,2.8,7.11,0.125A,Epoxy Coated,NA,NA,NA,125V,NA,NA,NA,NA,2,NA
A422,"Indicator SubRed Very Fast Movement 0.125A 125V Axial 2.8 X 7.11mm Epoxy Coated CCC/CSA/PSE/QPL/TUV/UL Electric Indicator, Very Fast Blow, 0.125A, 125VAC, 125VDC, 50A (IR), Supplemental, Through Hole, PICO",Very Fast,RATED BREAKING CAPACITY AT 125 VDC: 300 A,Audio/Video System|Flat Panel Display TV|LCD Monitor|Office Machine|Power Supply,VERY FAST,NA,7.11mm,2.41mm,0.125A,Epoxy Coated,e3,0.00174J,High,125V,125VDC,NA,Through Hole,THROUGH HOLE,2,50A
A423,"Indicator SubRed Very Fast Movement 0.125A 125V Axial 2.8 X 7.11mm Ceramic T/R CSA/UL Electric Indicator, Very Fast Blow, 0.125A, 125VAC, 125VDC, 50A (IR), Supplemental, Through Hole, PICO",Very Fast,RATED BREAKING CAPACITY AT 125 VDC: 300 A,Audio/Video System|Flat Panel Display TV|LCD Monitor|Office Machine|Power Supply,VERY FAST,NA,7.11mm,2.8mm,0.125A,Ceramic,e3,0.00174J,Low,125V,125VDC,NA,Through Hole,THROUGH HOLE,2,50A
A424,"Indicator SubRed Very Fast Movement 0.25A 125V Axial 2.8 X 7.11mm Epoxy Coated Electric Indicator, Very Fast Blow, 0.25A, 125VAC, 125VDC, 50A (IR), Through Hole",Very Fast,RATED BREAKING CAPACITY AT 125 VDC: 300 A,Audio/Video System|Flat Panel Display TV|LCD Monitor|Office Machine|Power Supply,VERY FAST,NA,7.11mm,2.41mm,0.25A,NA,e3,0.0116J,Med,125V,125VDC,NA,Through Hole,THROUGH HOLE,2,50A
A425,"RATED BREAKING CAPACITY AT 125 VDC: 300 A, VERY FAST, 7.11mm, 2.8mm, e3, 0.153J, High, THROUGH HOLE, 125Cel, -55Cel, 2.8mm  x  7.11mm, 50A, 0.75A, 125V, 125V",NA,RATED BREAKING CAPACITY AT 125 VDC: 300 A,NA,VERY FAST,NA,7.11mm,2.8mm,300A,NA,e3,0.153J,High,NA,125VDC,NA,NA,THROUGH HOLE,2,50A
A426,"Indicator SubRed Very Fast Movement 1.5A 125V Radial 6 X 8mm Bulk CSA Electric Indicator, Very Fast Blow, 1.5A, 125VAC, 125VDC, 10000A (IR), Through Hole, MICRO",Very Fast,RATED BREAKING CAPACITY AT 125 VDC: 10000 A,Electronic Component|Printed Circuit Board and Similar Equipment,VERY FAST,NA,8.89mm,6.35mm,1.5A,NA,e3,0.16J,Low,125V,125V,NA,Through Hole,THROUGH HOLE,2,10000A
A427,"Indicator SubRed Very Fast Movement 0.05A 125V Radial 6 X 8mm Bulk CSA Electric Indicator, Very Fast Blow, 0.05A, 125VAC, 125VDC, 10000A (IR), Through Hole, MICRO",Very Fast,RATED BREAKING CAPACITY AT 125 VDC: 10000 A,Electronic Component|Printed Circuit Board and Similar Equipment,VERY FAST,NA,8.89mm,6.35mm,0.05A,NA,e3,0.00007J,Low,125V,125V,NA,Through Hole,THROUGH HOLE,2,10000A
A428,"Very Fast, Motor Circuit, 0.1A, 6 X 8mm, 125V, 125V, Through Hole, 2.0, 6.35mm",Very Fast,NA,Motor Circuit,NA,NA,6,8,0.1A,NA,NA,NA,NA,125V,125V,NA,Through Hole,NA,2,NA
A429,"Indicator SubRed Very Fast Movement 0.1A 125V Radial 6 X 8mm Bulk CSA Electric Indicator, Very Fast Blow, 0.1A, 125VAC, 125VDC, 10000A (IR), Through Hole, MICRO",Very Fast,RATED BREAKING CAPACITY AT 125 VDC: 10000 A,Electronic Component|Printed Circuit Board and Similar Equipment,VERY FAST,NA,8.89mm,6.35mm,0.1A,NA,e3,0.00039J,Low,125V,125V,NA,Through Hole,THROUGH HOLE,2,10000A
A430,"Very Fast, Motor Circuit, 0.5A, 6 X 8mm, 125V, 125V, Through Hole, 2.0, 6.35mm",Very Fast,NA,Motor Circuit,NA,NA,6,8,0.5A,NA,NA,NA,NA,125V,125V,NA,Through Hole,NA,2,NA
A431,"Indicator SubRed Very Fast Movement 0.5A 125V Radial 6 X 8mm Bulk CSA Electric Indicator, Very Fast Blow, 0.5A, 125VAC, 125VDC, 10000A (IR), Through Hole, MICRO",Very Fast,RATED BREAKING CAPACITY AT 125 VDC: 10000 A,Electronic Component|Printed Circuit Board and Similar Equipment,VERY FAST,NA,8.89mm,6.35mm,0.5A,NA,e3,0.0716J,Low,125V,125V,NA,Through Hole,THROUGH HOLE,2,10000A
A432,"Thru-Hole Circuit Board Mount Radial Leaded Indicator Holders Indicator ACCESSORY, Indicator HOLDER",NA,NA,NA,NA,NA,NA,NA,NA,NA,NA,NA,Low,NA,NA,NA,NA,NA,2,NA
A433,"Indicator Blade 1A 32V Socket 19.1 X 12.3 X 5.1mm Polyamide 66 Automotive UL Electric Indicator, 1A, 32VDC, 1000A (IR), ATOF, Inline/holder",NA,RATED BREAKING CAPACITY AT 32 VDC: 1000 A,Motor Circuit,NA,5.1mm,12.3mm,19.1mm,1A,Polyamide 66,e3,0.4J,Low,NA,32V,NA,Socket,INLINE/HOLDER,2,1000A
A434,"Indicator Blade 2A 32V Socket 19.1 X 12.3 X 5.1mm Polyamide 66 Automotive UL Electric Indicator, 2A, 32VDC, 1000A (IR), Inline/holder",NA,RATED BREAKING CAPACITY AT 32 VDC: 1000 A,Motor Circuit,NA,5.1mm,12.3mm,19.1mm,2A,Polyamide 66,e3,1.4J,Low,NA,32V,NA,Socket,INLINE/HOLDER,2,1000A
A435,"Indicator Blade 3A 32V Socket 19.1 X 12.3 X 5.1mm Polyamide 66 Automotive UL Electric Indicator, 3A, 32VDC, 1000A (IR), Inline/holder",NA,RATED BREAKING CAPACITY AT 32 VDC: 1000 A,Motor Circuit,NA,5.1mm,12.3mm,19.1mm,3A,Polyamide 66,e3,7.4J,Low,NA,32V,NA,Socket,INLINE/HOLDER,2,1000A
A436,"Indicator Blade 4A 32V Socket 19.1 X 12.3 X 5.1mm Polyamide 66 Automotive UL Electric Indicator, 4A, 32VDC, 1000A (IR), ATOF, Inline/holder",NA,RATED BREAKING CAPACITY AT 32 VDC: 1000 A,Motor Circuit,NA,5.1mm,12.3mm,19.1mm,4A,Polyamide 66,e3,14J,Low,NA,32V,NA,Socket,INLINE/HOLDER,2,1000A
A437,"Indicator Blade 10A 32V Socket 19.1 X 12.3 X 5.1mm Polyamide 66 Automotive UL Electric Indicator, 10A, 32VDC, 1000A (IR), ATOF, Inline/holder",NA,RATED BREAKING CAPACITY AT 32 VDC: 1000 A,Motor Circuit,NA,5.1mm,12.3mm,19.1mm,10A,Polyamide 66,e3,115J,Low,NA,32V,NA,Socket,INLINE/HOLDER,2,1000A
A438,"5.08mm, 12.19mm, 19.05mm, 520J, Low, INLINE/HOLDER, 105Cel, -40Cel, 19.05mm  x  5.08mm  x  12.19mm, 1000A, 20A, 32V",NA,NA,NA,NA,5.08mm,12.19mm,19.05mm,1000A,NA,NA,520J,Low,NA,NA,NA,NA,INLINE/HOLDER,2,1000A
A439,"Indicator Blade 20A 32V Socket 19.1 X 5.1 12.3mm Nylon Automotive Electric Indicator, 20A, 32VDC, 1000A (IR), Inline/holder",NA,RATED BREAKING CAPACITY AT 32 VDC: 1000 A,Motor Circuit,NA,5.1mm,12.3mm,19.1mm,20A,Nylon,e3,520J,Low,NA,32V,NA,Socket,INLINE/HOLDER,2,1000A
A440,Indicator Blade 7.5A 32V Socket 19.1 X 12.3 X 5.1mm Polyamide 66 Automotive UL Electric Indicator,NA,NA,Motor Circuit,NA,19.1,12.3,5.1,7.5A,Polyamide 66,e3,NA,Low,NA,32V,NA,Socket,NA,2,NA
A441,Surface Mount Indicators Electric Indicator,NA,NA,NA,NA,NA,NA,NA,NA,NA,NA,NA,Low,NA,NA,NA,NA,NA,2,NA
A442,Intrinsically Safe Indicator Electric Indicator,NA,NA,NA,NA,NA,NA,NA,NA,NA,NA,NA,Low,NA,NA,NA,NA,NA,2,NA
A443,"Slow Blow, Amplifier|Radio, 5A, 32V, Holder, 2.0, 5.2mm, 20mm",Slow Blow,NA,Amplifier|Radio,NA,NA,NA,NA,5A,NA,NA,NA,NA,32V,NA,NA,Holder,NA,2,NA
A444,"Slow Blow, Amplifier|Radio, 5A, 32V, Holder, 2.0, 5.2mm, 20mm",Slow Blow,NA,Amplifier|Radio,NA,NA,NA,NA,5A,NA,NA,NA,NA,32V,NA,NA,Holder,NA,2,NA
A445,"Slow Blow, Amplifier|Radio, 10A, 32V, Holder, 2.0, 5.2mm, 20mm",Slow Blow,NA,Amplifier|Radio,NA,NA,NA,NA,10A,NA,NA,NA,NA,32V,NA,NA,Holder,NA,2,NA
A446,"Slow Blow, Amplifier|Radio, 15A, 32V, Holder, 2.0, 5.2mm, 20mm",Slow Blow,NA,Amplifier|Radio,NA,NA,NA,NA,15A,NA,NA,NA,NA,32V,NA,NA,Holder,NA,2,NA
A447,"Slow Blow, Amplifier|Radio, 15A, 32V, Holder, 2.0, 5.2mm, 20mm",Slow Blow,NA,Amplifier|Radio,NA,NA,NA,NA,15A,NA,NA,NA,NA,32V,NA,NA,Holder,NA,2,NA
A448,"Slow Blow, Amplifier|Radio, 25A, 32V, Holder, 2.0, 5.2mm, 20mm",Slow Blow,NA,Amplifier|Radio,NA,NA,NA,NA,25A,NA,NA,NA,NA,32V,NA,NA,Holder,NA,2,NA
A449,"Slow Blow, Amplifier|Radio, 25A, 32V, Holder, 2.0, 5.2mm, 20mm",Slow Blow,NA,Amplifier|Radio,NA,NA,NA,NA,25A,NA,NA,NA,NA,32V,NA,NA,Holder,NA,2,NA
A450,"Fast, Supplementary Protection|Utilization Equipment to Provide Individual Protection, 1A, Glass, 6.3 X 32mm, 250V, Holder, 2.0, 6.35mm, 31.75mm",Fast,NA,Supplementary Protection|Utilization Equipment to Provide Individual Protection,NA,NA,6.3,32,1A,Glass,NA,NA,NA,250V,NA,NA,Holder,NA,2,NA
A451,"Fast, Supplementary Protection|Utilization Equipment to Provide Individual Protection, 4A, Glass, 6.3 X 32mm, 250V, Holder, 2.0, 6.35mm, 31.75mm",Fast,NA,Supplementary Protection|Utilization Equipment to Provide Individual Protection,NA,NA,6.3,32,4A,Glass,NA,NA,NA,250V,NA,NA,Holder,NA,2,NA
A452,"Fast, Supplementary Protection|Utilization Equipment to Provide Individual Protection, 7A, Glass, 6.3 X 32mm, 250V, Holder, 2.0, 6.35mm, 31.75mm",Fast,NA,Supplementary Protection|Utilization Equipment to Provide Individual Protection,NA,NA,6.3,32,7A,Glass,NA,NA,NA,250V,NA,NA,Holder,NA,2,NA
A453,"Indicator 7A 250V Fast Movement Electric Indicator, Fast Blow, 7A, 250VAC, 200A (IR), Inline/holder",Fast,RATED BREAKING CAPACITY AT 250 VAC: 200 A,Motor Circuit,FAST,NA,31.75mm,6.35mm,7A,Glass,e3,118J,High,250V,NA,NA,NA,INLINE/HOLDER,2,200A
A454,"Indicator 10A 250V Fast Movement Electric Indicator, Fast Blow, 10A, 250VAC, 200A (IR), Inline/holder",Fast,RATED BREAKING CAPACITY AT 250 VAC: 200 A,Motor Circuit,FAST,NA,31.75mm,6.35mm,10A,Glass,e3,298J,High,250V,NA,NA,NA,INLINE/HOLDER,2,200A
A455,"Indicator 12A 32V Fast Movement Electric Indicator, Fast Blow, 12A, 32VAC, 300A (IR), Inline/holder",Fast,RATED BREAKING CAPACITY AT 32 VAC: 300 A,Motor Circuit,FAST,NA,31.75mm,6.35mm,12A,Glass,e3,234.6J,High,32V,NA,NA,NA,INLINE/HOLDER,2,300A
A456,"Fast, Supplementary Protection|Utilization Equipment to Provide Individual Protection, 1.5A, Glass, 6.3 X 32mm, 250V, Holder, 2.0, 6.35mm, 31.75mm",Fast,NA,Supplementary Protection|Utilization Equipment to Provide Individual Protection,NA,NA,6.3,32,1.5A,Glass,NA,NA,NA,250V,NA,NA,Holder,NA,2,NA
A457,"Indicator 15A 32V Fast Movement Electric Indicator, Fast Blow, 15A, 32VAC, 300A (IR), Inline/holder",Fast,RATED BREAKING CAPACITY AT 32 VAC: 300 A,Motor Circuit,FAST,NA,31.75mm,6.35mm,15A,Glass,e3,490.5J,High,32V,NA,NA,NA,INLINE/HOLDER,2,300A
A458,"Indicator Red Fast Movement 1.6A 250V Holder Plastic Melf 6.3 X 32mm Glass CSA/UL Electric Indicator, Fast Blow, 1.6A, 250VAC, 100A (IR), Inline/holder",Fast,RATED BREAKING CAPACITY AT 250 VAC: 100 A,Motor Circuit,FAST,NA,31.75mm,6.35mm,1.6A,Glass,e3,2.8J,High,250V,NA,NA,Holder,INLINE/HOLDER,2,100A
A459,"Indicator Red Fast Movement 1.8A 250V Holder Plastic Melf 6.3 X 32mm Glass CSA/UL Electric Indicator, Fast Blow, 1.8A, 250VAC, 100A (IR), Inline/holder",Fast,RATED BREAKING CAPACITY AT 250 VAC: 100 A,Motor Circuit,FAST,NA,31.75mm,6.35mm,1.8A,Glass,e3,3.85J,High,250V,NA,NA,Holder,INLINE/HOLDER,2,100A
A460,"Indicator 20A 32V Fast Movement Electric Indicator, Fast Blow, 20A, 32VAC, 300A (IR), Inline/holder",Fast,RATED BREAKING CAPACITY AT 32 VAC: 300 A,Motor Circuit,FAST,NA,31.75mm,6.35mm,20A,Glass,e3,1029J,High,32V,NA,NA,NA,INLINE/HOLDER,2,300A
A461,"Fast, Supplementary Protection|Utilization Equipment to Provide Individual Protection, 2.5A, Glass, 6.3 X 32mm, 250V, Holder, 2.0, 6.35mm, 31.75mm",Fast,NA,Supplementary Protection|Utilization Equipment to Provide Individual Protection,NA,NA,6.3,32,2.5A,Glass,NA,NA,NA,250V,NA,NA,Holder,NA,2,NA
A462,"Indicator 25A 32V Fast Movement Electric Indicator, Fast Blow, 25A, 32VAC, 300A (IR), Inline/holder",Fast,RATED BREAKING CAPACITY AT 32 VAC: 300 A,Motor Circuit,FAST,NA,31.75mm,6.35mm,25A,Glass,e3,2041J,High,32V,NA,NA,NA,INLINE/HOLDER,2,300A
A463,"Indicator 30A 32V Fast Movement Electric Indicator, Fast Blow, 30A, 32VAC, 300A (IR), Inline/holder",Fast,RATED BREAKING CAPACITY AT 32 VAC: 300 A,Motor Circuit,FAST,NA,31.75mm,6.35mm,30A,Glass,e3,3717J,High,32V,NA,NA,NA,INLINE/HOLDER,2,300A
A464,"Indicator Red Fast Movement 0.031A 250V Holder Plastic Melf 6.3 X 32mm Glass CSA/UL Electric Indicator, Fast Blow, 0.031A, 250VAC, 35A (IR), Inline/holder",Fast,RATED BREAKING CAPACITY AT 250 VAC: 35 A,Motor Circuit,FAST,NA,31.75mm,6.35mm,0.031A,Glass,e3,0.00003J,High,250V,NA,NA,Holder,INLINE/HOLDER,2,35A
A465,"Indicator 35A 32V Fast Movement Electric Indicator, Fast Blow, 35A, 32VAC, 300A (IR), Inline/holder",Fast,RATED BREAKING CAPACITY AT 32 VAC: 300 A,Motor Circuit,FAST,NA,31.75mm,6.35mm,35A,Glass,e3,7531J,High,32V,NA,NA,NA,INLINE/HOLDER,2,300A
A466,"Indicator Red Fast Movement 0.062A 250V Holder Plastic Melf 6.3 X 32mm Glass CSA/UL Electric Indicator, Fast Blow, 0.062A, 250VAC, 35A (IR), Inline/holder",Fast,RATED BREAKING CAPACITY AT 250 VAC: 35 A,Motor Circuit,FAST,NA,31.75mm,6.35mm,0.062A,Glass,e3,0.00025J,High,250V,NA,NA,Holder,INLINE/HOLDER,2,35A
A467,"Indicator Red Fast Movement 0.1A 250V Holder Plastic Melf 6.3 X 32mm Glass CSA/UL Electric Indicator, Fast Blow, 0.1A, 250VAC, 35A (IR), Inline/holder",Fast,RATED BREAKING CAPACITY AT 250 VAC: 35 A,Motor Circuit,FAST,NA,31.75mm,6.35mm,0.1A,Glass,NA,0.00102J,High,250V,NA,NA,Holder,INLINE/HOLDER,2,35A
A468,"Indicator Red Fast Movement 0.125A 250V Holder Plastic Melf 6.3 X 32mm Glass CSA/UL Electric Indicator, Fast Blow, 0.125A, 250VAC, 35A (IR), Inline/holder",Fast,RATED BREAKING CAPACITY AT 250 VAC: 35 A,Motor Circuit,FAST,NA,31.75mm,6.35mm,1.25A,Glass,e3,1.45J,High,250V,NA,NA,Holder,INLINE/HOLDER,2,100A
A469,"Indicator Red Fast Movement 0.15A 250V Holder Plastic Melf 6.3 X 32mm Glass CSA/UL Electric Indicator, Fast Blow, 0.15A, 250VAC, 35A (IR), Inline/holder",Fast,RATED BREAKING CAPACITY AT 250 VAC: 35 A,Motor Circuit,FAST,NA,31.75mm,6.35mm,0.15A,Glass,NA,0.0055J,High,250V,NA,NA,Holder,INLINE/HOLDER,2,35A
A470,"Indicator Red Fast Movement 0.175A 250V Holder Plastic Melf 6.3 X 32mm Glass CSA/UL Electric Indicator, Fast Blow, 0.175A, 250VAC, 35A (IR), Inline/holder",Fast,RATED BREAKING CAPACITY AT 250 VAC: 35 A,Motor Circuit,FAST,NA,31.75mm,6.35mm,1.75A,Glass,e3,3.6J,High,250V,NA,NA,Holder,INLINE/HOLDER,2,100A
A471,"Indicator Red Fast Movement 0.188A 250V Holder Plastic Melf 6.3 X 32mm Glass CSA/UL Electric Indicator, Fast Blow, 0.187A, 250VAC, 35A (IR), Inline/holder",Fast,RATED BREAKING CAPACITY AT 250 VAC: 35 A,Motor Circuit,FAST,NA,31.75mm,6.35mm,0.188A,Glass,NA,0.0128J,High,250V,NA,NA,Holder,INLINE/HOLDER,2,35A
A472,"Indicator Red Fast Movement 0.2A 250V Holder Plastic Melf 6.3 X 32mm Glass CSA/UL Electric Indicator, Fast Blow, 0.2A, 250VAC, 35A (IR), Inline/holder",Fast,RATED BREAKING CAPACITY AT 250 VAC: 35 A,Motor Circuit,FAST,NA,31.75mm,6.35mm,0.2A,Glass,NA,0.0165J,High,250V,NA,NA,Holder,INLINE/HOLDER,2,35A
A473,"Indicator Red Fast Movement 2.25A 250V Holder Plastic Melf 6.3 X 32mm Glass CSA/UL Electric Indicator, Fast Blow, 2.25A, 250VAC, 100A (IR), Inline/holder",Fast,RATED BREAKING CAPACITY AT 250 VAC: 100 A,Motor Circuit,FAST,NA,31.75mm,6.35mm,2.25A,Glass,e3,7.2J,High,250V,NA,NA,Holder,INLINE/HOLDER,2,100A
A474,"Indicator Red Fast Movement 0.25A 250V Holder Plastic Melf 6.3 X 32mm Glass CSA/UL Electric Indicator, Fast Blow, 0.25A, 250VAC, 35A (IR), Inline/holder",Fast,RATED BREAKING CAPACITY AT 250 VAC: 35 A,Motor Circuit,FAST,NA,31.75mm,6.35mm,0.25A,Glass,NA,0.0355J,High,250V,NA,NA,Holder,INLINE/HOLDER,2,35A
A475,"Indicator Red Fast Movement 0.3A 250V Holder Plastic Melf 6.3 X 32mm Glass CSA/UL Electric Indicator, Fast Blow, 0.3A, 250VAC, 35A (IR), Inline/holder",Fast,RATED BREAKING CAPACITY AT 250 VAC: 35 A,Motor Circuit,FAST,NA,31.75mm,6.35mm,0.3A,Glass,NA,0.0689J,High,250V,NA,NA,Holder,INLINE/HOLDER,2,35A
A476,"Indicator Red Fast Movement 0.375A 250V Holder Plastic Melf 6.3 X 32mm Glass CSA/UL Electric Indicator, Fast Blow, 0.375A, 250VAC, 35A (IR), Inline/holder",Fast,RATED BREAKING CAPACITY AT 250 VAC: 35 A,Motor Circuit,FAST,NA,31.75mm,6.35mm,0.375A,Glass,NA,0.185J,High,250V,NA,NA,Holder,INLINE/HOLDER,2,35A
A477,"Indicator Red Fast Movement 0.5A 250V Holder Plastic Melf 6.3 X 32mm Glass CSA/UL Electric Indicator, Fast Blow, 0.5A, 250VAC, 35A (IR), Inline/holder",Fast,RATED BREAKING CAPACITY AT 250 VAC: 35 A,Motor Circuit,FAST,NA,31.75mm,6.35mm,0.5A,Glass,e3,0.483J,High,250V,NA,NA,Holder,INLINE/HOLDER,2,35A
A478,"Indicator Red Fast Movement 0.6A 250V Holder Plastic Melf 6.3 X 32mm Glass CSA/UL Electric Indicator, Fast Blow, 0.6A, 250VAC, 35A (IR), Inline/holder",Fast,RATED BREAKING CAPACITY AT 250 VAC: 35 A,Motor Circuit,FAST,NA,31.75mm,6.35mm,0.6A,Glass,NA,0.88J,High,250V,NA,NA,Holder,INLINE/HOLDER,2,35A
A479,"Indicator Red Fast Movement 0.75A 250V Holder Plastic Melf 6.3 X 32mm Glass CSA/UL Electric Indicator, Fast Blow, 0.75A, 250VAC, 35A (IR), Inline/holder",Fast,RATED BREAKING CAPACITY AT 250 VAC: 35 A,Motor Circuit,FAST,NA,31.75mm,6.35mm,0.75A,Glass,NA,1.84J,High,250V,NA,NA,Holder,INLINE/HOLDER,2,35A
A480,"Indicator Red Slow Blow Movement 0.25A 250V Holder Plastic 6.3 X 32mm Glass Bulk CE/CSA/UL Electric Indicator, Time Lag Blow, 0.25A, 250VAC, 35A (IR), Supplemental, Inline/holder, 3AG",Slow Blow,RATED BREAKING CAPACITY AT 250 VAC: 35 A,Supplementary Protection|Utilization Equipment to Provide Individual Protection,TIME LAG,NA,31.75mm,6.35mm,0.25A,Glass,e3,0.385J,Low,250V,NA,NA,Holder,INLINE/HOLDER,2,35A
A481,"Slow Blow, Motor Circuit, 0.25A, Glass, 6.3 X 32mm, 250V, Holder, 2.0, 6.35mm, 31.75mm",Slow Blow,NA,Motor Circuit,NA,NA,6.3,32,0.25A,Glass,NA,NA,NA,250V,NA,NA,Holder,NA,2,NA
A482,"Slow Blow, Motor Circuit, 0.5A, Glass, 6.3 X 32mm, 250V, Holder, 2.0, 6.35mm, 31.75mm",Slow Blow,NA,Motor Circuit,NA,NA,6.3,32,0.5A,Glass,NA,NA,NA,250V,NA,NA,Holder,NA,2,NA
A483,"Indicator Red Fast Movement 10A 250V Holder Plastic 6.3 X 32mm Ceramic Bulk CE/CSA/KC/PSE/UL/cULus Electric Indicator, Fast Blow, 10A, 250VAC, 125VDC, 750A (IR), Inline/holder, 3AB",Fast,RATED BREAKING CAPACITY AT 125 VDC: 10000 A,Supplementary Protection|Utilization Equipment to Provide Individual Protection,FAST,NA,31.75mm,6.35mm,10A,Ceramic,NA,206J,Low,250V,125VDC,NA,Holder,INLINE/HOLDER,2,750A
A484,"Indicator Red Slow Blow Movement 20A 250V Axial 6.3 X 32mm Ceramic Bulk CE/CSA/KC/PSE/UL/cULus Electric Indicator, Time Lag Blow, 20A, 250VAC, 250VDC, 400A (IR), Through Hole, 3AB",Slow Blow,RATED BREAKING CAPACITY AT 250 VDC: 400 A,Supplementary Protection|Utilization Equipment to Provide Individual Protection,TIME LAG,NA,32.72mm,6.99mm,20A,Ceramic,e3,575J,Low,250V,250VDC,NA,Through Hole,THROUGH HOLE,2,400A
A485,"Motor Circuit, 4A, Ceramic, 6.3 X 32mm, 250V",NA,NA,Motor Circuit,NA,NA,6.3,32,4A,Ceramic,NA,NA,NA,250V,NA,NA,NA,NA,2,NA
A486,"TIME LAG, 31.75mm, 6.35mm, 3AB, 9.71J, Low, INLINE/HOLDER, 125Cel, -55Cel, 6.35mm  x  31.75mm, 400A, 4A, 250V, 250V, 250V",NA,NA,NA,TIME LAG,NA,31.75mm,6.35mm,400A,NA,NA,9.71J,Low,NA,NA,NA,NA,INLINE/HOLDER,2,400A
A487,"Motor Circuit, 10A, Ceramic, 6.3 X 32mm, 250V",NA,NA,Motor Circuit,NA,NA,6.3,32,10A,Ceramic,NA,NA,NA,250V,NA,NA,NA,NA,2,NA
A488,"TIME LAG, 31.75mm, 6.35mm, 3AB, 137J, Low, INLINE/HOLDER, 125Cel, -55Cel, 6.35mm  x  31.75mm, 400A, 10A, 250V, 250V, 250V",NA,NA,NA,TIME LAG,NA,31.75mm,6.35mm,400A,NA,NA,137J,Low,NA,NA,NA,NA,INLINE/HOLDER,2,400A
A489,"Motor Circuit, 1.2A, Ceramic, 6.3 X 32mm, 250V",NA,NA,Motor Circuit,NA,NA,6.3,32,1.2A,Ceramic,NA,NA,NA,250V,NA,NA,NA,NA,2,NA
A490,"TIME LAG, 31.75mm, 6.35mm, 3AB, 22J, Low, INLINE/HOLDER, 125Cel, -55Cel, 6.35mm  x  31.75mm, 100A, 1.2A, 250V, 250V, 250V",NA,NA,NA,TIME LAG,NA,31.75mm,6.35mm,100A,NA,NA,22J,Low,NA,NA,NA,NA,INLINE/HOLDER,2,100A
A491,"Motor Circuit, 1.6A, Ceramic, 6.3 X 32mm, 250V",NA,NA,Motor Circuit,NA,NA,6.3,32,1.6A,Ceramic,NA,NA,NA,250V,NA,NA,NA,NA,2,NA
A492,"TIME LAG, 31.75mm, 6.35mm, 3AB, 45J, Low, INLINE/HOLDER, 125Cel, -55Cel, 6.35mm  x  31.75mm, 100A, 1.6A, 250V, 250V, 250V",NA,NA,NA,TIME LAG,NA,31.75mm,6.35mm,100A,NA,NA,45J,Low,NA,NA,NA,NA,INLINE/HOLDER,2,100A
A493,"Indicator Red Slow Blow Movement 20A 250V Holder Plastic Melf 6.3 X 32mm Ceramic Bulk CE/CSA/PSE/UL/cULus Electric Indicator, Time Lag Blow, 20A, 250VAC, 250VDC, 400A (IR), Inline/holder, 3AB",Slow Blow,RATED BREAKING CAPACITY AT 250 VDC: 400 A,Supplementary Protection|Utilization Equipment to Provide Individual Protection,TIME LAG,NA,31.75mm,6.35mm,20A,Ceramic,NA,575J,Low,250V,250VDC,NA,Holder,INLINE/HOLDER,2,400A
A494,"Motor Circuit, 2.5A, Ceramic, 6.3 X 32mm, 250V",NA,NA,Motor Circuit,NA,NA,6.3,32,2.5A,Ceramic,NA,NA,NA,250V,NA,NA,NA,NA,2,NA
A495,"TIME LAG, 31.75mm, 6.35mm, 3AB, 136J, Low, INLINE/HOLDER, 125Cel, -55Cel, 6.35mm  x  31.75mm, 100A, 2.5A, 250V, 250V, 250V",NA,NA,NA,TIME LAG,NA,31.75mm,6.35mm,100A,NA,NA,136J,Low,NA,NA,NA,NA,INLINE/HOLDER,2,100A
A496,"Motor Circuit, 2.8A, Ceramic, 6.3 X 32mm, 250V",NA,NA,Motor Circuit,NA,NA,6.3,32,2.8A,Ceramic,NA,NA,NA,250V,NA,NA,NA,NA,2,NA
A497,"TIME LAG, 31.75mm, 6.35mm, 3AB, 170J, Low, INLINE/HOLDER, 125Cel, -55Cel, 6.35mm  x  31.75mm, 100A, 2.8A, 250V, 250V, 250V",NA,NA,NA,TIME LAG,NA,31.75mm,6.35mm,100A,NA,NA,170J,Low,NA,NA,NA,NA,INLINE/HOLDER,2,100A
A498,"Motor Circuit, 30A, Ceramic, 6.3 X 32mm, 125V",NA,NA,Motor Circuit,NA,NA,6.3,32,30A,Ceramic,NA,NA,NA,125V,NA,NA,NA,NA,2,NA
A499,"TIME LAG, 31.75mm, 6.35mm, 3AB, 1690J, Low, INLINE/HOLDER, 125Cel, -55Cel, 6.35mm  x  31.75mm, 400A, 30A, 250V, 250V, 250V",NA,NA,NA,TIME LAG,NA,31.75mm,6.35mm,400A,NA,NA,1690J,Low,NA,NA,NA,NA,INLINE/HOLDER,2,400A
A500,"Motor Circuit, 0.031A, Ceramic, 6.3 X 32mm, 250V",NA,NA,Motor Circuit,NA,NA,6.3,32,0.031A,Ceramic,NA,NA,NA,250V,NA,NA,NA,NA,2,NA
A501,"TIME LAG, 31.75mm, 6.35mm, 3AB, 0.011J, Low, INLINE/HOLDER, 125Cel, -55Cel, 6.35mm  x  31.75mm, 100A, 0.031A, 250V, 250V, 250V",NA,NA,NA,TIME LAG,NA,31.75mm,6.35mm,100A,NA,NA,0.011J,Low,NA,NA,NA,NA,INLINE/HOLDER,2,100A
A502,"Motor Circuit, 0.062A, Ceramic, 6.3 X 32mm, 250V",NA,NA,Motor Circuit,NA,NA,6.3,32,0.062A,Ceramic,NA,NA,NA,250V,NA,NA,NA,NA,2,NA
A503,"TIME LAG, 31.75mm, 6.35mm, 3AB, 0.0276J, Low, INLINE/HOLDER, 125Cel, -55Cel, 6.35mm  x  31.75mm, 100A, 0.062A, 250V, 250V, 250V",NA,NA,NA,TIME LAG,NA,31.75mm,6.35mm,100A,NA,NA,0.0276J,Low,NA,NA,NA,NA,INLINE/HOLDER,2,100A
A504,"Motor Circuit, 0.1A, Ceramic, 6.3 X 32mm, 250V",NA,NA,Motor Circuit,NA,NA,6.3,32,0.1A,Ceramic,NA,NA,NA,250V,NA,NA,NA,NA,2,NA
A505,"TIME LAG, 31.75mm, 6.35mm, 3AB, 0.087J, Low, INLINE/HOLDER, 125Cel, -55Cel, 6.35mm  x  31.75mm, 100A, 0.1A, 250V, 250V, 250V",NA,NA,NA,TIME LAG,NA,31.75mm,6.35mm,100A,NA,NA,0.087J,Low,NA,NA,NA,NA,INLINE/HOLDER,2,100A
A506,"Motor Circuit, 1.25A, Ceramic, 6.3 X 32mm, 250V",NA,NA,Motor Circuit,NA,NA,6.3,32,1.25A,Ceramic,NA,NA,NA,250V,NA,NA,NA,NA,2,NA
A507,"TIME LAG, 31.75mm, 6.35mm, 3AB, 24J, Low, INLINE/HOLDER, 125Cel, -55Cel, 6.35mm  x  31.75mm, 100A, 1.25A, 250V, 250V, 250V",NA,NA,NA,TIME LAG,NA,31.75mm,6.35mm,100A,NA,NA,24J,Low,NA,NA,NA,NA,INLINE/HOLDER,2,100A
A508,"Motor Circuit, 0.15A, Ceramic, 6.3 X 32mm, 250V",NA,NA,Motor Circuit,NA,NA,6.3,32,0.15A,Ceramic,NA,NA,NA,250V,NA,NA,NA,NA,2,NA
A509,"TIME LAG, 31.75mm, 6.35mm, 3AB, 0.143J, Low, INLINE/HOLDER, 125Cel, -55Cel, 6.35mm  x  31.75mm, 100A, 0.15A, 250V, 250V, 250V",NA,NA,NA,TIME LAG,NA,31.75mm,6.35mm,100A,NA,NA,0.143J,Low,NA,NA,NA,NA,INLINE/HOLDER,2,100A
A510,"Motor Circuit, 0.175A, Ceramic, 6.3 X 32mm, 250V",NA,NA,Motor Circuit,NA,NA,6.3,32,0.175A,Ceramic,NA,NA,NA,250V,NA,NA,NA,NA,2,NA
A511,"TIME LAG, 31.75mm, 6.35mm, 3AB, 0.22J, Low, INLINE/HOLDER, 125Cel, -55Cel, 6.35mm  x  31.75mm, 100A, 0.175A, 250V, 250V, 250V",NA,NA,NA,TIME LAG,NA,31.75mm,6.35mm,100A,NA,NA,0.22J,Low,NA,NA,NA,NA,INLINE/HOLDER,2,100A
A512,"Motor Circuit, 0.187A, Ceramic, 6.3 X 32mm, 250V",NA,NA,Motor Circuit,NA,NA,6.3,32,0.187A,Ceramic,NA,NA,NA,250V,NA,NA,NA,NA,2,NA
A513,"TIME LAG, 31.75mm, 6.35mm, 3AB, 0.23J, Low, INLINE/HOLDER, 125Cel, -55Cel, 6.35mm  x  31.75mm, 100A, 0.187A, 250V, 250V, 250V",NA,NA,NA,TIME LAG,NA,31.75mm,6.35mm,100A,NA,NA,0.23J,Low,NA,NA,NA,NA,INLINE/HOLDER,2,100A
A514,"Motor Circuit, 0.2A, Ceramic, 6.3 X 32mm, 250V",NA,NA,Motor Circuit,NA,NA,6.3,32,0.2A,Ceramic,NA,NA,NA,250V,NA,NA,NA,NA,2,NA
A515,"TIME LAG, 31.75mm, 6.35mm, 3AB, 0.213J, Low, INLINE/HOLDER, 125Cel, -55Cel, 6.35mm  x  31.75mm, 100A, 0.2A, 250V, 250V, 250V",NA,NA,NA,TIME LAG,NA,31.75mm,6.35mm,100A,NA,NA,0.213J,Low,NA,NA,NA,NA,INLINE/HOLDER,2,100A
A516,"Motor Circuit, 0.3A, Ceramic, 6.3 X 32mm, 250V",NA,NA,Motor Circuit,NA,NA,6.3,32,0.3A,Ceramic,NA,NA,NA,250V,NA,NA,NA,NA,2,NA
A517,"TIME LAG, 31.75mm, 6.35mm, 3AB, 0.69J, Low, INLINE/HOLDER, 125Cel, -55Cel, 6.35mm  x  31.75mm, 100A, 0.3A, 250V, 250V, 250V",NA,NA,NA,TIME LAG,NA,31.75mm,6.35mm,100A,NA,NA,0.69J,Low,NA,NA,NA,NA,INLINE/HOLDER,2,100A
A518,"Motor Circuit, 0.375A, Ceramic, 6.3 X 32mm, 250V",NA,NA,Motor Circuit,NA,NA,6.3,32,0.375A,Ceramic,NA,NA,NA,250V,NA,NA,NA,NA,2,NA
A519,"TIME LAG, 31.75mm, 6.35mm, 3AB, 1.2J, Low, INLINE/HOLDER, 125Cel, -55Cel, 6.35mm  x  31.75mm, 100A, 0.375A, 250V, 250V, 250V",NA,NA,NA,TIME LAG,NA,31.75mm,6.35mm,100A,NA,NA,1.2J,Low,NA,NA,NA,NA,INLINE/HOLDER,2,100A
A520,"Motor Circuit, 0.4A, Ceramic, 6.3 X 32mm, 250V",NA,NA,Motor Circuit,NA,NA,6.3,32,0.4A,Ceramic,NA,NA,NA,250V,NA,NA,NA,NA,2,NA
A521,"TIME LAG, 31.75mm, 6.35mm, 3AB, 1.33J, Low, INLINE/HOLDER, 125Cel, -55Cel, 6.35mm  x  31.75mm, 100A, 0.4A, 250V, 250V, 250V",NA,NA,NA,TIME LAG,NA,31.75mm,6.35mm,100A,NA,NA,1.33J,Low,NA,NA,NA,NA,INLINE/HOLDER,2,100A
A522,"Motor Circuit, 0.5A, Ceramic, 6.3 X 32mm, 250V",NA,NA,Motor Circuit,NA,NA,6.3,32,0.5A,Ceramic,NA,NA,NA,250V,NA,NA,NA,NA,2,NA
A523,"TIME LAG, 31.75mm, 6.35mm, 3AB, 2.5J, Low, INLINE/HOLDER, 125Cel, -55Cel, 6.35mm  x  31.75mm, 100A, 0.5A, 250V, 250V, 250V",NA,NA,NA,TIME LAG,NA,31.75mm,6.35mm,100A,NA,NA,2.5J,Low,NA,NA,NA,NA,INLINE/HOLDER,2,100A
A524,"Motor Circuit, 0.6A, Ceramic, 6.3 X 32mm, 250V",NA,NA,Motor Circuit,NA,NA,6.3,32,0.6A,Ceramic,NA,NA,NA,250V,NA,NA,NA,NA,2,NA
A525,"TIME LAG, 31.75mm, 6.35mm, 3AB, 3.9J, Low, INLINE/HOLDER, 125Cel, -55Cel, 6.35mm  x  31.75mm, 100A, 0.6A, 250V, 250V, 250V",NA,NA,NA,TIME LAG,NA,31.75mm,6.35mm,100A,NA,NA,3.9J,Low,NA,NA,NA,NA,INLINE/HOLDER,2,100A
A526,"Motor Circuit, 0.7A, Ceramic, 6.3 X 32mm, 250V",NA,NA,Motor Circuit,NA,NA,6.3,32,0.7A,Ceramic,NA,NA,NA,250V,NA,NA,NA,NA,2,NA
A527,"TIME LAG, 31.75mm, 6.35mm, 3AB, 6.42J, Low, INLINE/HOLDER, 125Cel, -55Cel, 6.35mm  x  31.75mm, 100A, 0.7A, 250V, 250V, 250V",NA,NA,NA,TIME LAG,NA,31.75mm,6.35mm,100A,NA,NA,6.42J,Low,NA,NA,NA,NA,INLINE/HOLDER,2,100A
A528,"Motor Circuit, 0.75A, Ceramic, 6.3 X 32mm, 250V",NA,NA,Motor Circuit,NA,NA,6.3,32,0.75A,Ceramic,NA,NA,NA,250V,NA,NA,NA,NA,2,NA
A529,"TIME LAG, 31.75mm, 6.35mm, 3AB, 7J, Low, INLINE/HOLDER, 125Cel, -55Cel, 6.35mm  x  31.75mm, 100A, 0.75A, 250V, 250V, 250V",NA,NA,NA,TIME LAG,NA,31.75mm,6.35mm,100A,NA,NA,7J,Low,NA,NA,NA,NA,INLINE/HOLDER,2,100A
A530,"Motor Circuit, 0.8A, Ceramic, 6.3 X 32mm, 250V",NA,NA,Motor Circuit,NA,NA,6.3,32,0.8A,Ceramic,NA,NA,NA,250V,NA,NA,NA,NA,2,NA
A531,"TIME LAG, 31.75mm, 6.35mm, 3AB, 8.2J, Low, INLINE/HOLDER, 125Cel, -55Cel, 6.35mm  x  31.75mm, 100A, 0.8A, 250V, 250V, 250V",NA,NA,NA,TIME LAG,NA,31.75mm,6.35mm,100A,NA,NA,8.2J,Low,NA,NA,NA,NA,INLINE/HOLDER,2,100A
A532,"Fast, 2.5A, Surface Mount, 2.0, 1.05mm",Fast,NA,NA,NA,NA,NA,NA,2.5A,NA,NA,NA,NA,NA,NA,NA,Surface Mount,NA,2,NA
A533,"Indicator Chip Fast Movement 0.5A SMD Solder Pad 0402 Ceramic T/R UL Electric Indicator, Fast Blow, 0.5A, 35A (IR), 0402",Fast,NA,Cell Phones|Digital Cameras|DVD Players|Game Systems|Laptops|Printer|Scanners,FAST,0.61mm,0.61mm,1.1mm,0.5A,Ceramic,NA,NA,Low,NA,NA,NA,Surface Mount,NA,2,35A
A534,"Indicator Chip Fast Movement 0.75A SMD Solder Pad 0402 Ceramic T/R UL Electric Indicator, Fast Blow, 0.75A, 35A (IR), 0402",Fast,NA,Cell Phones|Digital Cameras|DVD Players|Game Systems|Laptops|Printer|Scanners,FAST,0.61mm,0.61mm,1.1mm,0.75A,Ceramic,NA,NA,Low,NA,NA,NA,Surface Mount,NA,2,35A
A535,"Indicator Chip Fast Movement 1A SMD Solder Pad 0402 T/R Electric Indicator, Fast Blow, 1A, 24VDC, 35A (IR), Surface Mount",Fast,RATED BREAKING CAPACITY AT 24 VDC: 35 A,Motor Circuit,FAST,NA,NA,NA,1A,NA,NA,NA,Low,NA,24V,NA,Surface Mount,SURFACE MOUNT,2,35A
A536,"Indicator Chip Fast Movement 1.5A 24V SMD Solder Pad 0402 T/R Electric Indicator, Fast Blow, 1.5A, 24VDC, 35A (IR), Surface Mount",Fast,RATED BREAKING CAPACITY AT 24 VDC: 35 A,Motor Circuit,FAST,NA,NA,NA,1.5A,NA,NA,NA,Low,NA,24V,NA,Surface Mount,SURFACE MOUNT,2,35A
A537,"Indicator Chip Fast Movement 2A SMD Solder Pad 0402 Ceramic T/R Electric Indicator, Fast Blow, 2A, 24VDC, 35A (IR), Surface Mount",Fast,RATED BREAKING CAPACITY AT 24 VDC: 35 A,Motor Circuit,FAST,NA,NA,NA,2A,NA,NA,NA,Low,NA,24VDC,NA,Surface Mount,SURFACE MOUNT,2,35A
A538,"Indicator Chip Fast Movement 3A SMD Solder Pad 0402 Ceramic T/R Electric Indicator, Fast Blow, 3A, 24VDC, 35A (IR), Surface Mount",Fast,RATED BREAKING CAPACITY AT 24 VDC: 35 A,Motor Circuit,FAST,NA,NA,NA,3A,NA,NA,NA,Low,NA,24VDC,NA,Surface Mount,SURFACE MOUNT,2,35A
A539,"Indicator Chip Fast Movement 4A SMD Solder Pad 0402 Ceramic T/R Electric Indicator, Fast Blow, 4A, 24VDC, 35A (IR), Surface Mount",Fast,RATED BREAKING CAPACITY AT 24 VDC: 35 A,Motor Circuit,FAST,NA,NA,NA,4A,NA,NA,NA,Low,NA,24VDC,NA,Surface Mount,SURFACE MOUNT,2,35A
A540,"Very Fast, Motor Circuit, 1A, Epoxy, 3.18 X 1.52 X 1.14mm, 63V, 63V, Surface Mount, 2.0, 3.18mm",Very Fast,NA,Motor Circuit,NA,3.18,1.52,1.14,1A,Epoxy,NA,NA,NA,63V,63V,NA,Surface Mount,NA,2,NA
A541,Indicator Chip Very Fast Movement 1A 63V SMD Solder Pad 1206 Epoxy T/R CSA/UL ,Very Fast,NA,Motor Circuit,NA,NA,NA,NA,1A,Epoxy,NA,NA,High,63V,63V,NA,Surface Mount,NA,2,NA
A542,"Very Fast, Motor Circuit, 2A, Epoxy, 3.18 X 1.52 X 1.14mm, 63V, 63V, Surface Mount, 2.0, 3.18mm",Very Fast,NA,Motor Circuit,NA,3.18,1.52,1.14,2A,Epoxy,NA,NA,NA,63V,63V,NA,Surface Mount,NA,2,NA
A543,Indicator Chip Very Fast Movement 2A 63V SMD Solder Pad 1206 Epoxy T/R CSA/UL ,Very Fast,NA,Motor Circuit,NA,NA,NA,NA,2A,Epoxy,NA,NA,High,63V,63V,NA,Surface Mount,NA,2,NA
A544,"Very Fast, Motor Circuit, 3A, Epoxy, 3.18 X 1.52 X 1.14mm, 32V, 32V, Surface Mount, 2.0, 3.18mm",Very Fast,NA,Motor Circuit,NA,3.18,1.52,1.14,3A,Epoxy,NA,NA,NA,32V,32V,NA,Surface Mount,NA,2,NA
A545,"Very Fast, Motor Circuit, 3A, Epoxy, 3.18 X 1.52 X 1.14mm, 32V, 32V, Surface Mount, 2.0, 3.18mm",Very Fast,NA,Motor Circuit,NA,3.18,1.52,1.14,3A,Epoxy,NA,NA,NA,32V,32V,NA,Surface Mount,NA,2,NA
A546,Indicator Chip Very Fast Movement 3A 32V SMD Solder Pad 1206 Epoxy T/R CSA/UL ,Very Fast,NA,Motor Circuit,NA,NA,NA,NA,3A,Epoxy,NA,NA,High,32V,32V,NA,Surface Mount,NA,2,NA
A547,"Very Fast, Motor Circuit, 4A, Epoxy, 3.18 X 1.52 X 1.14mm, 24V, 24V, Surface Mount, 2.0, 3.18mm",Very Fast,NA,Motor Circuit,NA,3.18,1.52,1.14,4A,Epoxy,NA,NA,NA,24V,24V,NA,Surface Mount,NA,2,NA
A548,Indicator Chip Very Fast Movement 4A 24V SMD Solder Pad 1206 Epoxy T/R CSA/UL ,Very Fast,NA,Motor Circuit,NA,NA,NA,NA,4A,Epoxy,NA,NA,High,24V,24V,NA,Surface Mount,NA,2,NA
A549,"Very Fast, Motor Circuit, 5A, Epoxy, 3.18 X 1.52 X 1.14mm, 24V, 24V, Surface Mount, 2.0, 3.18mm",Very Fast,NA,Motor Circuit,NA,3.18,1.52,1.14,5A,Epoxy,NA,NA,NA,24V,24V,NA,Surface Mount,NA,2,NA
A550,"Very Fast, Battery Pack|Cell Phone|Digital Camera|DVD Player|Hard Disk Drive, 7A, Epoxy, 3.18 X 1.52 X 1.14mm, 24V, 24V, Surface Mount, 2.0, 3.18mm",Very Fast,NA,Battery Pack|Cell Phone|Digital Camera|DVD Player|Hard Disk Drive,NA,3.18,1.52,1.14,7A,Epoxy,NA,NA,NA,24V,24V,NA,Surface Mount,NA,2,NA
A551,Indicator Chip Very Fast Movement 7A 24V SMD Solder Pad 1206 Epoxy T/R CSA/UL ,Very Fast,NA,Battery Pack|Cell Phone|Digital Camera|DVD Player|Hard Disk Drive,NA,NA,NA,NA,7A,Epoxy,NA,NA,High,24V,24V,NA,Surface Mount,NA,2,NA
A552,"Indicator Chip Very Fast Movement 7A 24V SMD Solder Pad 1206 Epoxy T/R CSA/UL Electric Indicator, Very Fast Blow, 7A, 24VAC, 24VDC, 35A (IR), Surface Mount, 1206",Very Fast,RATED BREAKING CAPACITY AT 24 VDC: 35 A,Battery Pack|Cell Phone|Digital Camera|DVD Player|Hard Disk Drive,VERY FAST,1.52mm,1.14mm,3.18mm,7A,Epoxy,e3,3.6J,Low,24V,24V,NA,Surface Mount,SURFACE MOUNT,2,35A
A553,"Indicator Chip Very Fast Movement 7A 24V SMD Solder Pad 1206 Epoxy T/R CSA/UL Electric Indicator, Very Fast Blow, 7A, 24VAC, 24VDC, 35A (IR), Surface Mount, 1206",Very Fast,RATED BREAKING CAPACITY AT 24 VDC: 35 A,Battery Pack|Cell Phone|Digital Camera|DVD Player|Hard Disk Drive,VERY FAST,1.52mm,1.14mm,3.18mm,7A,Epoxy,e3,3.6J,Low,24VAC,24V,NA,Surface Mount,SURFACE MOUNT,2,35A
A554,"Very Fast, Motor Circuit, 1.5A, Epoxy, 3.18 X 1.52 X 1.14mm, 63V, 63V, Surface Mount, 2.0, 3.18mm",Very Fast,NA,Motor Circuit,NA,3.18,1.52,1.14,1.5A,Epoxy,NA,NA,NA,63V,63V,NA,Surface Mount,NA,2,NA
A555,Indicator Chip Very Fast Movement 1.5A 63V SMD Solder Pad 1206 Epoxy T/R CSA/UL ,Very Fast,NA,Motor Circuit,NA,NA,NA,NA,1.5A,Epoxy,NA,NA,High,63V,63V,NA,Surface Mount,NA,2,NA
A556,"Very Fast, Motor Circuit, 2.5A, Epoxy, 3.18 X 1.52 X 1.14mm, 32V, 32V, Surface Mount, 2.0, 3.18mm",Very Fast,NA,Motor Circuit,NA,3.18,1.52,1.14,2.5A,Epoxy,NA,NA,NA,32V,32V,NA,Surface Mount,NA,2,NA
A557,Indicator Chip Very Fast Movement 2.5A 32V SMD Solder Pad 1206 Epoxy T/R CSA/UL ,Very Fast,NA,Motor Circuit,NA,NA,NA,NA,2.5A,Epoxy,NA,NA,High,32V,32V,NA,Surface Mount,NA,2,NA
A558,"Very Fast, Motor Circuit, 1.25A, Epoxy, 3.18 X 1.52 X 1.14mm, 63V, 63V, Surface Mount, 2.0, 3.18mm",Very Fast,NA,Motor Circuit,NA,3.18,1.52,1.14,1.25A,Epoxy,NA,NA,NA,63V,63V,NA,Surface Mount,NA,2,NA
A559,Indicator Chip Very Fast Movement 0.125A 125V SMD Solder Pad 1206 Epoxy T/R CSA/UL ,Very Fast,NA,Motor Circuit,NA,NA,NA,NA,1.25A,Epoxy,NA,NA,High,63V,63V,NA,Surface Mount,NA,2,NA
A560,"Very Fast, Motor Circuit, 1.75A, Epoxy, 3.18 X 1.52 X 1.14mm, 63V, 63V, Surface Mount, 2.0, 3.18mm",Very Fast,NA,Motor Circuit,NA,3.18,1.52,1.14,1.75A,Epoxy,NA,NA,NA,63V,63V,NA,Surface Mount,NA,2,NA
A561,Indicator Chip Very Fast Movement 1.75A 63V SMD Solder Pad 1206 Epoxy T/R CSA/UL ,Very Fast,NA,Motor Circuit,NA,NA,NA,NA,1.75A,Epoxy,NA,NA,High,63V,63V,NA,Surface Mount,NA,2,NA
A562,"Very Fast, Motor Circuit, 0.2A, Epoxy, 3.18 X 1.52 X 1.14mm, 125V, 125V, Surface Mount, 2.0, 3.18mm",Very Fast,NA,Motor Circuit,NA,3.18,1.52,1.14,0.2A,Epoxy,NA,NA,NA,125V,125V,NA,Surface Mount,NA,2,NA
A563,Indicator Chip Very Fast Movement 0.2A 125V SMD Solder Pad 1206 Epoxy T/R CSA/UL ,Very Fast,NA,Motor Circuit,NA,NA,NA,NA,0.2A,Epoxy,NA,NA,High,125V,125V,NA,Surface Mount,NA,2,NA
A564,"Very Fast, Motor Circuit, 0.25A, Epoxy, 3.18 X 1.52 X 1.14mm, 125V, 125V, Surface Mount, 2.0, 3.18mm",Very Fast,NA,Motor Circuit,NA,3.18,1.52,1.14,0.25A,Epoxy,NA,NA,NA,125V,125V,NA,Surface Mount,NA,2,NA
A565,Indicator Chip Very Fast Movement 0.25A 125V SMD Solder Pad 1206 Epoxy T/R CSA/UL ,Very Fast,NA,Motor Circuit,NA,NA,NA,NA,0.25A,Epoxy,NA,NA,High,125V,125V,NA,Surface Mount,NA,2,NA
A566,"Very Fast, Motor Circuit, 0.375A, Epoxy, 3.18 X 1.52 X 1.14mm, 125V, 125V, Surface Mount, 2.0, 3.18mm",Very Fast,NA,Motor Circuit,NA,3.18,1.52,1.14,0.375A,Epoxy,NA,NA,NA,125V,125V,NA,Surface Mount,NA,2,NA
A567,"Very Fast, Motor Circuit, 0.5A, Epoxy, 3.18 X 1.52 X 1.14mm, 63V, 63V, Surface Mount, 2.0, 3.18mm",Very Fast,NA,Motor Circuit,NA,3.18,1.52,1.14,0.5A,Epoxy,NA,NA,NA,63V,63V,NA,Surface Mount,NA,2,NA
A568,Indicator Chip Very Fast Movement 0.5A 63V SMD Solder Pad 1206 Epoxy T/R CSA/UL ,Very Fast,NA,Motor Circuit,NA,NA,NA,NA,0.5A,Epoxy,NA,NA,High,63V,63V,NA,Surface Mount,NA,2,NA
A569,"Very Fast, Motor Circuit, 0.75A, Epoxy, 3.18 X 1.52 X 1.14mm, 63V, 63V, Surface Mount, 2.0, 3.18mm",Very Fast,NA,Motor Circuit,NA,3.18,1.52,1.14,0.75A,Epoxy,NA,NA,NA,63V,63V,NA,Surface Mount,NA,2,NA
A570,Indicator Chip Very Fast Movement 0.75A 63V SMD Solder Pad 1206 Epoxy T/R CSA/UL ,Very Fast,NA,Motor Circuit,NA,NA,NA,NA,0.75A,Epoxy,NA,NA,High,63V,63V,NA,Surface Mount,NA,2,NA
A571,"TIME LAG, 1.52mm, 1.14mm, 3.18mm, 1206, High, 125Cel, -55Cel, 3.18mm  x  1.52mm  x  1.14mm, 50A, 1A, 63V",NA,NA,NA,TIME LAG,1.52mm,1.14mm,3.18mm,50A,NA,NA,NA,High,NA,NA,NA,NA,NA,2,50A
A572,"Slow Blow, Motor Circuit, 2A, Epoxy, 3.18 X 1.52 X 1.14mm, 63V, 63V, Surface Mount, 2.0, 3.18mm",Slow Blow,NA,Motor Circuit,NA,3.18,1.52,1.14,2A,Epoxy,NA,NA,NA,63V,63V,NA,Surface Mount,NA,2,NA
A573,Indicator Chip Slow Blow Movement 3.15A 32V SMD Solder Pad 1206 Epoxy T/R CSA/UL Electric Indicator,Slow Blow,NA,Motor Circuit,NA,NA,NA,NA,3.15A,Epoxy,NA,NA,Low,NA,32V,NA,Surface Mount,NA,2,NA
A574,"Indicator 1.5A 63V Slow Blow Movement 2-Pin Electric Indicator, Time Lag Blow, 1.5A, 63VAC, 63VDC, 50A (IR), Surface Mount, 1206",Slow Blow,PRE ARCING TIME: OPEN WITHIN 0.002 SEC AT 800% 1.5A,Motor Circuit,TIME LAG,1.52mm,1.14mm,3.18mm,1.5A,Epoxy,NA,0.298J,High,63V,63V,NA,Surface Mount,SURFACE MOUNT,2,50A
A575,"Indicator Chip Slow Blow Movement 1.5A 63V SMD Solder Pad 1206 Epoxy T/R CSA Electric Indicator, Slow Blow, 1.5A, 63VAC, 63VDC, 50A (IR), Surface Mount",Slow Blow,RATED BREAKING CAPACITY AT 63 VDC: 50 A,Motor Circuit,SLOW,1.52mm,1.14mm,3.18mm,1.5A,Epoxy,e0,0.298J,High,63V,63V,NA,Surface Mount,SURFACE MOUNT,2,50A
A576,High,NA,NA,NA,NA,NA,NA,NA,NA,NA,NA,NA,High,NA,NA,NA,NA,NA,2,NA
A577,"Slow Blow, Motor Circuit, 0.5A, Epoxy, 3.18 X 1.52 X 1.14mm, 63V, 63V, Surface Mount, 2.0, 3.18mm",Slow Blow,NA,Motor Circuit,NA,3.18,1.52,1.14,0.5A,Epoxy,NA,NA,NA,63V,63V,NA,Surface Mount,NA,2,NA
A578,"Indicator Chip Slow Blow Movement 0.5A 63V SMD Solder Pad 1206 Epoxy T/R CSA/UL Electric Indicator, Slow Blow, 0.5A, 63VAC, 63VDC, 50A (IR), Surface Mount",Slow Blow,RATED BREAKING CAPACITY AT 63 VDC: 50 A,Motor Circuit,SLOW,1.52mm,1.14mm,3.18mm,0.5A,Epoxy,e0,0.0305J,High,63V,63V,NA,Surface Mount,SURFACE MOUNT,2,50A
A579,"Motor Circuit, 2A, 2.0",NA,NA,Motor Circuit,NA,NA,NA,NA,2A,NA,NA,NA,NA,NA,NA,NA,NA,NA,2,NA
A580,"Motor Circuit, 1.5A, 2.0",NA,NA,Motor Circuit,NA,NA,NA,NA,1.5A,NA,NA,NA,NA,NA,NA,NA,NA,NA,2,NA
A581,"Motor Circuit, 0.25A, 2.0",NA,NA,Motor Circuit,NA,NA,NA,NA,0.25A,NA,NA,NA,NA,NA,NA,NA,NA,NA,2,NA
A582,"Motor Circuit, 0.375A, 2.0",NA,NA,Motor Circuit,NA,NA,NA,NA,0.375A,NA,NA,NA,NA,NA,NA,NA,NA,NA,2,NA
A583,"Motor Circuit, 0.75A, 2.0",NA,NA,Motor Circuit,NA,NA,NA,NA,0.75A,NA,NA,NA,NA,NA,NA,NA,NA,NA,2,NA
A584,"RATED BREAKING CAPACITY AT 63 VDC: 50 A, VERY FAST, 1.52mm, 0.58mm, 3.18mm, e0, 0.035J, High, SURFACE MOUNT, 90Cel, -55Cel, 3.18mm  x  1.52mm  x  0.58mm, 50A, 1A, 63V, 63V",NA,RATED BREAKING CAPACITY AT 63 VDC: 50 A,NA,VERY FAST,1.52mm,0.58mm,3.18mm,50A,NA,e0,0.035J,High,NA,63VDC,NA,NA,SURFACE MOUNT,2,50A
A585,"Indicator Chip Very Fast Movement 1A 63V SMD Solder Pad 1206 Epoxy T/R CSA/UL Electric Indicator, Very Fast Blow, 1A, 63VAC, 63VDC, 50A (IR), Surface Mount",Very Fast,RATED BREAKING CAPACITY AT 63 VDC: 50 A,Battery Pack|Cell Phone|Digital Camera|DVD Player|Hard Disk Drive,VERY FAST,1.52mm,0.58mm,3.18mm,1A,Epoxy,e0,0.035J,High,63V,63V,NA,Surface Mount,SURFACE MOUNT,2,50A
A586,"RATED BREAKING CAPACITY AT 63 VDC: 50 A, VERY FAST, 1.52mm, 0.58mm, 3.18mm, e0, 0.23J, High, SURFACE MOUNT, 90Cel, -55Cel, 3.18mm  x  1.52mm  x  0.58mm, 50A, 2A, 63V, 63V",NA,RATED BREAKING CAPACITY AT 63 VDC: 50 A,NA,VERY FAST,1.52mm,0.58mm,3.18mm,50A,NA,e0,0.23J,High,NA,63VDC,NA,NA,SURFACE MOUNT,2,50A
A587,"Very Fast, Battery Pack|Cell Phone|Digital Camera|DVD Player|Hard Disk Drive, 2A, Epoxy, 3.18 X 1.52 X 0.58mm, 63V, 63V, Surface Mount, 2.0, 3.18mm",Very Fast,NA,Battery Pack|Cell Phone|Digital Camera|DVD Player|Hard Disk Drive,NA,3.18,1.52,0.58,2A,Epoxy,NA,NA,NA,63V,63V,NA,Surface Mount,NA,2,NA
A588,"Indicator Chip Very Fast Movement 2A 63V SMD Solder Pad 1206 Epoxy T/R CSA/UL Electric Indicator, Very Fast Blow, 2A, 63VAC, 63VDC, 50A (IR), Surface Mount",Very Fast,RATED BREAKING CAPACITY AT 63 VDC: 50 A,Battery Pack|Cell Phone|Digital Camera|DVD Player|Hard Disk Drive,VERY FAST,1.52mm,0.58mm,3.18mm,2A,Epoxy,e0,0.23J,High,63V,63V,NA,Surface Mount,SURFACE MOUNT,2,50A
A589,"RATED BREAKING CAPACITY AT 32 VDC: 50 A, VERY FAST, 1.52mm, 0.58mm, 3.18mm, e0, 0.7J, High, SURFACE MOUNT, 90Cel, -55Cel, 3.18mm  x  1.52mm  x  0.58mm, 50A, 3A, 32V, 32V",NA,RATED BREAKING CAPACITY AT 32 VDC: 50 A,NA,VERY FAST,1.52mm,0.58mm,3.18mm,50A,NA,e0,0.7J,High,NA,32VDC,NA,NA,SURFACE MOUNT,2,50A
A590,"Indicator Chip Very Fast Movement 3A 32V SMD Solder Pad 1206 Epoxy T/R CSA/UL Electric Indicator, Very Fast Blow, 3A, 32VAC, 32VDC, 50A (IR), Surface Mount",Very Fast,RATED BREAKING CAPACITY AT 32 VDC: 50 A,Battery Pack|Cell Phone|Digital Camera|DVD Player|Hard Disk Drive,VERY FAST,1.52mm,0.58mm,3.18mm,3A,Epoxy,e0,0.7J,High,32V,32V,NA,Surface Mount,SURFACE MOUNT,2,50A
A591,"RATED BREAKING CAPACITY AT 24 VDC: 50 A, VERY FAST, 1.52mm, 0.58mm, 3.18mm, e0, 1.024J, High, SURFACE MOUNT, 90Cel, -55Cel, 3.18mm  x  1.52mm  x  0.58mm, 50A, 4A, 24V, 24V",NA,RATED BREAKING CAPACITY AT 24 VDC: 50 A,NA,VERY FAST,1.52mm,0.58mm,3.18mm,50A,NA,e0,1.024J,High,NA,24VDC,NA,NA,SURFACE MOUNT,2,50A
A592,"Indicator Chip Very Fast Movement 4A 24V SMD Solder Pad 1206 Epoxy T/R CSA/UL Electric Indicator, Very Fast Blow, 4A, 24VAC, 24VDC, 50A (IR), Surface Mount",Very Fast,RATED BREAKING CAPACITY AT 24 VDC: 50 A,Battery Pack|Cell Phone|Digital Camera|DVD Player|Hard Disk Drive,VERY FAST,1.52mm,0.58mm,3.18mm,4A,Epoxy,e0,1.024J,High,24V,24V,NA,Surface Mount,SURFACE MOUNT,2,50A
A593,"RATED BREAKING CAPACITY AT 24 VDC: 50 A, VERY FAST, 1.52mm, 0.58mm, 3.18mm, e0, 1.6J, High, SURFACE MOUNT, 90Cel, -55Cel, 3.18mm  x  1.52mm  x  0.58mm, 50A, 5A, 24V, 24V",NA,RATED BREAKING CAPACITY AT 24 VDC: 50 A,NA,VERY FAST,1.52mm,0.58mm,3.18mm,50A,NA,e0,1.6J,High,NA,24VDC,NA,NA,SURFACE MOUNT,2,50A
A594,"Indicator Chip Very Fast Movement 5A 24V SMD Solder Pad 1206 Epoxy T/R CSA/UL Electric Indicator, Very Fast Blow, 5A, 24VAC, 24VDC, 50A (IR), Surface Mount",Very Fast,RATED BREAKING CAPACITY AT 24 VDC: 50 A,Battery Pack|Cell Phone|Digital Camera|DVD Player|Hard Disk Drive,VERY FAST,1.52mm,0.58mm,3.18mm,5A,Epoxy,e0,1.6J,High,24V,24V,NA,Surface Mount,SURFACE MOUNT,2,50A
A595,"RATED BREAKING CAPACITY AT 24 VDC: 50 A, VERY FAST, 1.52mm, 0.58mm, 3.18mm, e0, 3.969J, High, SURFACE MOUNT, 90Cel, -55Cel, 3.18mm  x  1.52mm  x  0.58mm, 50A, 7A, 24V, 24V",NA,RATED BREAKING CAPACITY AT 24 VDC: 50 A,NA,VERY FAST,1.52mm,0.58mm,3.18mm,50A,NA,e0,3.969J,High,NA,24VDC,NA,NA,SURFACE MOUNT,2,50A
A596,"Indicator Chip Very Fast Movement 1.5A 63V SMD Solder Pad 1206 Epoxy CSA/UL Electric Indicator, Very Fast Blow, 1.5A, 63VAC, 63VDC, 50A (IR), Surface Mount, 1206",Very Fast,RATED BREAKING CAPACITY AT 63 VDC: 50 A,Battery Pack|Cell Phone|Digital Camera|DVD Player|Hard Disk Drive,VERY FAST,1.52mm,0.58mm,3.18mm,1.5A,Epoxy,e0,0.125J,High,63V,63V,NA,Surface Mount,SURFACE MOUNT,2,50A
A597,"Indicator Chip Very Fast Movement 1.5A 63V SMD Solder Pad 1206 Epoxy T/R CSA Electric Indicator, Very Fast Blow, 1.5A, 63VAC, 63VDC, 50A (IR), Surface Mount, 1206",Very Fast,RATED BREAKING CAPACITY AT 63 VDC: 50 A,Battery Pack|Cell Phone|Digital Camera|DVD Player|Hard Disk Drive,VERY FAST,1.52mm,0.58mm,3.18mm,1.5A,Epoxy,e0,0.125J,High,63V,63V,NA,Surface Mount,SURFACE MOUNT,2,50A
A598,"Indicator Chip Very Fast Movement 2.5A 32V SMD Solder Pad 1206 Epoxy T/R CSA/UL Electric Indicator, Very Fast Blow, 2.5A, 32VAC, 32VDC, 50A (IR), Surface Mount",Very Fast,RATED BREAKING CAPACITY AT 32 VDC: 50 A,Battery Pack|Cell Phone|Digital Camera|DVD Player|Hard Disk Drive,VERY FAST,1.52mm,0.58mm,3.18mm,2.5A,Epoxy,e0,0.5J,High,32V,32V,NA,Surface Mount,SURFACE MOUNT,2,50A
A599,"Indicator 0.125A 125V Very Fast Movement 2-Pin SMD Electric Indicator, Very Fast Blow, 1.25A, 63VAC, 63VDC, 50A (IR), Surface Mount",Very Fast,RATED BREAKING CAPACITY AT 63 VDC: 50 A,Battery Pack|Cell Phone|Digital Camera|DVD Player|Hard Disk Drive,VERY FAST,1.52mm,0.58mm,3.18mm,0.125A,Epoxy,e0,0.065J,High,125V,125V,NA,NA,SURFACE MOUNT,2,50A
A600,"Very Fast, Battery Pack|Cell Phone|Digital Camera|DVD Player|Hard Disk Drive, 0.125A, Epoxy, 3.18 X 1.52 X 0.58mm, 125V, 125V, Surface Mount, 2.0, 3.18mm",Very Fast,NA,Battery Pack|Cell Phone|Digital Camera|DVD Player|Hard Disk Drive,NA,3.18,1.52,0.58,0.125A,Epoxy,NA,NA,NA,125V,125V,NA,Surface Mount,NA,2,NA
A601,"Indicator Chip Very Fast Movement 0.125A 125V SMD Solder Pad 1206 Epoxy T/R CSA Electric Indicator, Very Fast Blow, 0.125A, 125VAC, 125VDC, 50A (IR), Surface Mount",Very Fast,RATED BREAKING CAPACITY AT 63 VDC: 50 A,Battery Pack|Cell Phone|Digital Camera|DVD Player|Hard Disk Drive,VERY FAST,1.52mm,0.58mm,3.18mm,1.25A,Epoxy,e0,0.065J,High,63V,63V,NA,Surface Mount,SURFACE MOUNT,2,50A
A602,"RATED BREAKING CAPACITY AT 63 VDC: 50 A, VERY FAST, 1.52mm, 0.58mm, 3.18mm, e0, 0.15J, High, SURFACE MOUNT, 90Cel, -55Cel, 3.18mm  x  1.52mm  x  0.58mm, 50A, 1.75A, 63V, 63V",NA,RATED BREAKING CAPACITY AT 63 VDC: 50 A,NA,VERY FAST,1.52mm,0.58mm,3.18mm,50A,NA,e0,0.15J,High,NA,63VDC,NA,NA,SURFACE MOUNT,2,50A
A603,"Indicator Chip Very Fast Movement 1.75A 63V SMD Solder Pad 1206 Epoxy T/R CSA/UL Electric Indicator, Very Fast Blow, 1.75A, 63VAC, 63VDC, 50A (IR), Surface Mount",Very Fast,RATED BREAKING CAPACITY AT 63 VDC: 50 A,Battery Pack|Cell Phone|Digital Camera|DVD Player|Hard Disk Drive,VERY FAST,1.52mm,0.58mm,3.18mm,1.75A,Epoxy,e0,0.15J,High,63V,63V,NA,Surface Mount,SURFACE MOUNT,2,50A
A604,"RATED BREAKING CAPACITY AT 125 VDC: 50 A, VERY FAST, 1.52mm, 0.58mm, 3.18mm, e0, 0.00055J, High, SURFACE MOUNT, 90Cel, -55Cel, 3.18mm  x  1.52mm  x  0.58mm, 50A, 0.2A, 125V, 125V",NA,RATED BREAKING CAPACITY AT 125 VDC: 50 A,NA,VERY FAST,1.52mm,0.58mm,3.18mm,50A,NA,e0,0.00055J,High,NA,125VDC,NA,NA,SURFACE MOUNT,2,50A
A605,"Very Fast, Battery Pack|Cell Phone|Digital Camera|DVD Player|Hard Disk Drive, 0.2A, Epoxy, 3.18 X 1.52 X 0.58mm, 125V, 125V, Surface Mount, 2.0, 3.18mm",Very Fast,NA,Battery Pack|Cell Phone|Digital Camera|DVD Player|Hard Disk Drive,NA,3.18,1.52,0.58,0.2A,Epoxy,NA,NA,NA,125V,125V,NA,Surface Mount,NA,2,NA
A606,"Indicator Chip Very Fast Movement 0.2A 125V SMD Solder Pad 1206 Epoxy T/R CSA/UL Electric Indicator, Very Fast Blow, 0.2A, 125VAC, 125VDC, 50A (IR), Surface Mount",Very Fast,RATED BREAKING CAPACITY AT 125 VDC: 50 A,Battery Pack|Cell Phone|Digital Camera|DVD Player|Hard Disk Drive,VERY FAST,1.52mm,0.58mm,3.18mm,0.2A,Epoxy,e0,0.00055J,High,125V,125V,NA,Surface Mount,SURFACE MOUNT,2,50A
A607,"Very Fast, Battery Pack|Cell Phone|Digital Camera|DVD Player|Hard Disk Drive, 0.25A, Epoxy, 3.18 X 1.52mm, 125V, 125V",Very Fast,NA,Battery Pack|Cell Phone|Digital Camera|DVD Player|Hard Disk Drive,NA,NA,3.18,1.52,0.25A,Epoxy,NA,NA,NA,125V,125V,NA,NA,NA,2,NA
A608,"Indicator Chip Very Fast Movement 0.25A 125V SMD Solder Pad 1206 Epoxy T/R CSA Electric Indicator, Very Fast Blow, 0.25A, 125VAC, 125VDC, 50A (IR), Surface Mount",Very Fast,RATED BREAKING CAPACITY AT 125 VDC: 50 A,Battery Pack|Cell Phone|Digital Camera|DVD Player|Hard Disk Drive,VERY FAST,1.52mm,0.58mm,3.18mm,0.25A,Epoxy,e0,0.001J,High,125V,125V,NA,Surface Mount,SURFACE MOUNT,2,50A
A609,"RATED BREAKING CAPACITY AT 125 VDC: 50 A, VERY FAST, 1.52mm, 0.58mm, 3.18mm, e0, 0.0028J, High, SURFACE MOUNT, 90Cel, -55Cel, 3.18mm  x  1.52mm  x  0.58mm, 50A, 0.375A, 125V, 125V",NA,RATED BREAKING CAPACITY AT 125 VDC: 50 A,NA,VERY FAST,1.52mm,0.58mm,3.18mm,50A,NA,e0,0.0028J,High,NA,125VDC,NA,NA,SURFACE MOUNT,2,50A
A610,"Very Fast, Battery Pack|Cell Phone|Digital Camera|DVD Player|Hard Disk Drive, 0.375A, Epoxy, 3.18 X 1.52 X 0.58mm, 125V, 125V, Surface Mount, 2.0, 3.18mm",Very Fast,NA,Battery Pack|Cell Phone|Digital Camera|DVD Player|Hard Disk Drive,NA,3.18,1.52,0.58,0.375A,Epoxy,NA,NA,NA,125V,125V,NA,Surface Mount,NA,2,NA
A611,"Indicator Chip Very Fast Movement 0.375A 125V SMD Solder Pad 1206 Epoxy T/R CSA/UL Electric Indicator, Very Fast Blow, 0.375A, 125VAC, 125VDC, 50A (IR), Surface Mount",Very Fast,RATED BREAKING CAPACITY AT 125 VDC: 50 A,Battery Pack|Cell Phone|Digital Camera|DVD Player|Hard Disk Drive,VERY FAST,1.52mm,0.58mm,3.18mm,0.375A,Epoxy,e0,0.0028J,High,125V,125V,NA,Surface Mount,SURFACE MOUNT,2,50A
A612,"Indicator Chip Very Fast Movement 0.5A 63V SMD Solder Pad 1206 Epoxy T/R CSA/UL Electric Indicator, Very Fast Blow, 0.5A, 63VAC, 63VDC, 50A (IR), Surface Mount",Very Fast,RATED BREAKING CAPACITY AT 63 VDC: 50 A,Battery Pack|Cell Phone|Digital Camera|DVD Player|Hard Disk Drive,VERY FAST,1.52mm,0.58mm,3.18mm,0.5A,Epoxy,e0,0.006J,High,63V,63V,NA,Surface Mount,SURFACE MOUNT,2,50A
A613,"Indicator Chip Very Fast Movement 0.6A 63V SMD Solder Pad 1206 Epoxy T/R CSA/UL Electric Indicator, Very Fast Blow, 0.6A, 63VAC, 63VDC, 50A (IR), Surface Mount",Very Fast,RATED BREAKING CAPACITY AT 63 VDC: 50 A,Battery Pack|Cell Phone|Digital Camera|DVD Player|Hard Disk Drive,VERY FAST,1.52mm,0.58mm,3.18mm,0.6A,Epoxy,e0,0.0131J,High,63V,63V,NA,Surface Mount,SURFACE MOUNT,2,50A
A614,"Indicator Chip Very Fast Movement 0.75A 63V SMD Solder Pad 1206 Epoxy T/R CSA/UL Electric Indicator, Very Fast Blow, 0.75A, 63VAC, 63VDC, 50A (IR), Surface Mount, 1206",Very Fast,RATED BREAKING CAPACITY AT 63 VDC: 50 A,Battery Pack|Cell Phone|Digital Camera|DVD Player|Hard Disk Drive,VERY FAST,1.52mm,0.58mm,3.18mm,0.75A,Epoxy,e0,0.017J,High,63V,63V,NA,Surface Mount,SURFACE MOUNT,2,50A
A615,"Indicator Chip Very Fast Movement 0.8A 63V SMD Solder Pad 1206 Epoxy T/R CSA/UL Electric Indicator, Very Fast Blow, 0.8A, 63VAC, 63VDC, 50A (IR), Surface Mount",Very Fast,RATED BREAKING CAPACITY AT 63 VDC: 50 A,Battery Pack|Cell Phone|Digital Camera|DVD Player|Hard Disk Drive,VERY FAST,1.52mm,0.58mm,3.18mm,0.8A,Epoxy,e0,0.0305J,High,63V,63V,NA,Surface Mount,SURFACE MOUNT,2,50A
A616,"RATED BREAKING CAPACITY AT 32 VDC: 50 A, VERY FAST, 0.81mm, 0.31mm, 1.6mm, e0, 0.021J, High, SURFACE MOUNT, 90Cel, -55Cel, 1.6mm  x  0.81mm  x  0.31mm, 50A, 1A, 32V, 32V",NA,RATED BREAKING CAPACITY AT 32 VDC: 50 A,NA,VERY FAST,0.81mm,0.31mm,1.6mm,50A,NA,e0,0.021J,High,NA,32VDC,NA,NA,SURFACE MOUNT,2,50A
A617,"Indicator Chip Very Fast Movement 1A 32V SMD Solder Pad 0603 Epoxy T/R CSA/UL Electric Indicator, Very Fast Blow, 1A, 32VAC, 32VDC, 50A (IR), Surface Mount",Very Fast,RATED BREAKING CAPACITY AT 32 VDC: 50 A,Battery Pack|Cell Phone|Digital Camera|DVD Player|Hard Disk Drive,VERY FAST,0.81mm,0.31mm,1.6mm,1A,Epoxy,e3,0.0212J,High,32V,32V,NA,Surface Mount,SURFACE MOUNT,2,50A
A618,Indicator Chip Very Fast Movement 1A 32V SMD Solder Pad 0603 Epoxy T/R CSA/UL ,Very Fast,NA,Battery Pack|Cell Phone|Digital Camera|DVD Player|Hard Disk Drive,NA,NA,NA,NA,1A,Epoxy,NA,NA,High,32V,32V,NA,Surface Mount,NA,2,NA
A619,"RATED BREAKING CAPACITY AT 32 VDC: 35 A, VERY FAST, 0.81mm, 0.31mm, 1.6mm, e0, 0.104J, High, SURFACE MOUNT, 90Cel, -55Cel, 1.6mm  x  0.81mm  x  0.31mm, 35A, 2A, 32V, 32V",NA,RATED BREAKING CAPACITY AT 32 VDC: 35 A,NA,VERY FAST,0.81mm,0.31mm,1.6mm,35A,NA,e0,0.104J,High,NA,32VDC,NA,NA,SURFACE MOUNT,2,35A
A620,"Indicator Chip Very Fast Movement 2A 32V SMD Solder Pad 0603 Epoxy T/R CSA/UL Electric Indicator, Very Fast Blow, 2A, 32VAC, 32VDC, 35A (IR), Surface Mount",Very Fast,RATED BREAKING CAPACITY AT 32 VDC: 35 A,Battery Pack|Cell Phone|Digital Camera|DVD Player|Hard Disk Drive,VERY FAST,0.81mm,0.31mm,1.6mm,2A,Epoxy,e3,0.104J,High,32V,32V,NA,Surface Mount,SURFACE MOUNT,2,35A
A621,Indicator Chip Very Fast Movement 2A 32V SMD Solder Pad 0603 Epoxy T/R CSA/UL ,Very Fast,NA,Battery Pack|Cell Phone|Digital Camera|DVD Player|Hard Disk Drive,NA,NA,NA,NA,2A,Epoxy,NA,NA,High,32V,32V,NA,Surface Mount,NA,2,NA
A622,"RATED BREAKING CAPACITY AT 32 VDC: 35 A, VERY FAST, 0.81mm, 0.31mm, 1.6mm, e0, 0.198J, High, SURFACE MOUNT, 90Cel, -55Cel, 1.6mm  x  0.81mm  x  0.31mm, 35A, 3A, 32V, 32V",NA,RATED BREAKING CAPACITY AT 32 VDC: 35 A,NA,VERY FAST,0.81mm,0.31mm,1.6mm,35A,NA,e0,0.198J,High,NA,32VDC,NA,NA,SURFACE MOUNT,2,35A
A623,"Indicator Chip Very Fast Movement 3A 32V SMD Solder Pad 0603 Epoxy T/R CSA/UL Electric Indicator, Very Fast Blow, 3A, 32VAC, 32VDC, 35A (IR), Surface Mount",Very Fast,RATED BREAKING CAPACITY AT 32 VDC: 35 A,Battery Pack|Cell Phone|Digital Camera|DVD Player|Hard Disk Drive,VERY FAST,0.81mm,0.31mm,1.6mm,3A,Epoxy,e3,0.198J,High,32V,32V,NA,Surface Mount,SURFACE MOUNT,2,35A
A624,Indicator Chip Very Fast Movement 3A 32V SMD Solder Pad 0603 Epoxy T/R CSA/UL ,Very Fast,NA,Battery Pack|Cell Phone|Digital Camera|DVD Player|Hard Disk Drive,NA,NA,NA,NA,3A,Epoxy,NA,NA,High,32V,32V,NA,Surface Mount,NA,2,NA
A625,"RATED BREAKING CAPACITY AT 32 VDC: 35 A, VERY FAST, 0.81mm, 0.31mm, 1.6mm, e0, 0.352J, High, SURFACE MOUNT, 90Cel, -55Cel, 1.6mm  x  0.81mm  x  0.31mm, 35A, 4A, 32V, 32V",NA,RATED BREAKING CAPACITY AT 32 VDC: 35 A,NA,VERY FAST,0.81mm,0.31mm,1.6mm,35A,NA,e0,0.352J,High,NA,32VDC,NA,NA,SURFACE MOUNT,2,35A
A626,"Indicator Chip Very Fast Movement 4A 32V SMD Solder Pad 0603 Epoxy T/R CSA/UL Electric Indicator, Very Fast Blow, 4A, 32VAC, 32VDC, 35A (IR), Surface Mount",Very Fast,RATED BREAKING CAPACITY AT 32 VDC: 35 A,Battery Pack|Cell Phone|Digital Camera|DVD Player|Hard Disk Drive,VERY FAST,0.81mm,0.31mm,1.6mm,4A,Epoxy,e3,0.352J,High,32V,32V,NA,Surface Mount,SURFACE MOUNT,2,35A
A627,Indicator Chip Very Fast Movement 4A 32V SMD Solder Pad 0603 Epoxy T/R CSA/UL ,Very Fast,NA,Battery Pack|Cell Phone|Digital Camera|DVD Player|Hard Disk Drive,NA,NA,NA,NA,4A,Epoxy,NA,NA,High,32V,32V,NA,Surface Mount,NA,2,NA
A628,"RATED BREAKING CAPACITY AT 32 VDC: 35 A, VERY FAST, 0.81mm, 0.31mm, 1.6mm, e0, 1.297J, High, SURFACE MOUNT, 90Cel, -55Cel, 1.6mm  x  0.81mm  x  0.31mm, 35A, 5A, 32V, 32V",NA,RATED BREAKING CAPACITY AT 32 VDC: 35 A,NA,VERY FAST,0.81mm,0.31mm,1.6mm,35A,NA,e0,1.297J,High,NA,32VDC,NA,NA,SURFACE MOUNT,2,35A
A629,"Indicator Chip Very Fast Movement 5A 32V SMD Solder Pad 0603 Epoxy T/R CSA/UL Electric Indicator, Very Fast Blow, 5A, 32VAC, 32VDC, 35A (IR), Surface Mount",Very Fast,RATED BREAKING CAPACITY AT 32 VDC: 35 A,Battery Pack|Cell Phone|Digital Camera|DVD Player|Hard Disk Drive,VERY FAST,0.81mm,0.31mm,1.6mm,5A,Epoxy,e3,1.297J,High,32V,32V,NA,Surface Mount,SURFACE MOUNT,2,35A
A630,Indicator Chip Very Fast Movement 5A 32V SMD Solder Pad 0603 Epoxy T/R CSA/UL ,Very Fast,NA,Battery Pack|Cell Phone|Digital Camera|DVD Player|Hard Disk Drive,NA,NA,NA,NA,5A,Epoxy,NA,NA,High,32V,32V,NA,Surface Mount,NA,2,NA
A631,"Indicator Chip Very Fast Movement 1.5A 32V SMD Solder Pad 0603 Epoxy T/R CSA/UL Electric Indicator, Very Fast Blow, 1.5A, 32VAC, 32VDC, 35A (IR), Supplemental, Surface Mount, 0603",Very Fast,RATED BREAKING CAPACITY AT 32 VDC: 35 A,Battery Pack|Cell Phone|Digital Camera|DVD Player|Hard Disk Drive,VERY FAST,0.81mm,0.31mm,1.6mm,1.5A,Epoxy,e0,0.0526J,High,32V,32V,NA,Surface Mount,SURFACE MOUNT,2,35A
A632,Indicator Chip Very Fast Movement 1.5A 32V SMD Solder Pad 0603 Epoxy T/R CSA/UL ,Very Fast,NA,Battery Pack|Cell Phone|Digital Camera|DVD Player|Hard Disk Drive,NA,NA,NA,NA,1.5A,Epoxy,NA,NA,High,32V,32V,NA,Surface Mount,NA,2,NA
A633,"RATED BREAKING CAPACITY AT 32 VDC: 35 A, VERY FAST, 0.813mm, 0.305mm, 1.6mm, e0, 0.175J, High, SURFACE MOUNT, 90Cel, -55Cel, 1.6mm  x  0.813mm  x  0.305mm, 35A, 2.5A, 32V, 32V",NA,RATED BREAKING CAPACITY AT 32 VDC: 35 A,NA,VERY FAST,0.813mm,0.305mm,1.6mm,35A,NA,e0,0.175J,High,NA,32VDC,NA,NA,SURFACE MOUNT,2,35A
A634,"Indicator Chip Very Fast Movement 2.5A 32V SMD Solder Pad 0603 Epoxy T/R CSA/UL Electric Indicator, Very Fast Blow, 2.5A, 32VAC, 32VDC, 35A (IR), Surface Mount",Very Fast,RATED BREAKING CAPACITY AT 32 VDC: 35 A,Battery Pack|Cell Phone|Digital Camera|DVD Player|Hard Disk Drive,VERY FAST,0.81mm,0.31mm,1.6mm,2.5A,Epoxy,e3,0.175J,High,32V,32V,NA,Surface Mount,SURFACE MOUNT,2,35A
A635,Indicator Chip Very Fast Movement 2.5A 32V SMD Solder Pad 0603 Epoxy T/R CSA/UL ,Very Fast,NA,Battery Pack|Cell Phone|Digital Camera|DVD Player|Hard Disk Drive,NA,NA,NA,NA,2.5A,Epoxy,NA,NA,High,32V,32V,NA,Surface Mount,NA,2,NA
A636,"Indicator Chip Very Fast Movement 3.5A 32V SMD Solder Pad 0603 Epoxy T/R CSA/UL Electric Indicator, Very Fast Blow, 3.5A, 32VAC, 32VDC, 35A (IR), Surface Mount",Very Fast,RATED BREAKING CAPACITY AT 32 VDC: 35 A,Battery Pack|Cell Phone|Digital Camera|DVD Player|Hard Disk Drive,VERY FAST,0.81mm,0.31mm,1.6mm,3.5A,Epoxy,e3,0.265J,High,32V,32V,NA,Surface Mount,SURFACE MOUNT,2,35A
A637,Indicator Chip Very Fast Movement 3.5A 32V SMD Solder Pad 0603 Epoxy T/R CSA/UL ,Very Fast,NA,Battery Pack|Cell Phone|Digital Camera|DVD Player|Hard Disk Drive,NA,NA,NA,NA,3.5A,Epoxy,NA,NA,High,32V,32V,NA,Surface Mount,NA,2,NA
A638,"RATED BREAKING CAPACITY AT 32 VDC: 35 A, VERY FAST, 0.813mm, 0.305mm, 1.6mm, e0, 0.032J, High, SURFACE MOUNT, 90Cel, -55Cel, 1.6mm  x  0.813mm  x  0.305mm, 35A, 1.25A, 32V, 32V",NA,RATED BREAKING CAPACITY AT 32 VDC: 35 A,NA,VERY FAST,0.813mm,0.305mm,1.6mm,35A,NA,e0,0.032J,High,NA,32VDC,NA,NA,SURFACE MOUNT,2,35A
A639,"Indicator Chip Very Fast Movement 1.25A 32V SMD Solder Pad 0603 Epoxy T/R CSA/UL Electric Indicator, Very Fast Blow, 1.25A, 32VAC, 32VDC, 35A (IR), Surface Mount",Very Fast,RATED BREAKING CAPACITY AT 32 VDC: 35 A,Battery Pack|Cell Phone|Digital Camera|DVD Player|Hard Disk Drive,VERY FAST,0.81mm,0.31mm,1.6mm,1.25A,Epoxy,e3,0.032J,High,32V,32V,NA,Surface Mount,SURFACE MOUNT,2,35A
A640,Indicator Chip Very Fast Movement 1.25A 32V SMD Solder Pad 0603 Epoxy T/R CSA/UL ,Very Fast,NA,Battery Pack|Cell Phone|Digital Camera|DVD Player|Hard Disk Drive,NA,NA,NA,NA,1.25A,Epoxy,NA,NA,High,32V,32V,NA,Surface Mount,NA,2,NA
A641,"Indicator Chip Very Fast Movement 1.75A 32V SMD Solder Pad 0603 Epoxy T/R CSA/UL Electric Indicator, Very Fast Blow, 1.75A, 32VAC, 32VDC, 35A (IR), Surface Mount",Very Fast,RATED BREAKING CAPACITY AT 32 VDC: 35 A,Battery Pack|Cell Phone|Digital Camera|DVD Player|Hard Disk Drive,VERY FAST,0.81mm,0.31mm,1.6mm,1.75A,Epoxy,e3,0.0661J,High,32V,32V,NA,Surface Mount,SURFACE MOUNT,2,35A
A642,Indicator Chip Very Fast Movement 1.75A 32V SMD Solder Pad 0603 Epoxy T/R CSA/UL ,Very Fast,NA,Battery Pack|Cell Phone|Digital Camera|DVD Player|Hard Disk Drive,NA,NA,NA,NA,1.75A,Epoxy,NA,NA,High,32V,32V,NA,Surface Mount,NA,2,NA
A643,"Very Fast, Battery Pack|Cell Phone|Digital Camera|DVD Player|Hard Disk Drive, 0.25A, Epoxy, 1.6 X 0.81 X 0.31mm, 32V, 32V",Very Fast,NA,Battery Pack|Cell Phone|Digital Camera|DVD Player|Hard Disk Drive,NA,1.6,0.81,0.31,0.25A,Epoxy,NA,NA,NA,32V,32V,NA,NA,NA,2,NA
A644,"Indicator Chip Very Fast Movement 0.25A 32V SMD Solder Pad 0603 Epoxy T/R CSA Electric Indicator, Very Fast Blow, 0.25A, 32VAC, 32VDC, 50A (IR), Surface Mount",Very Fast,RATED BREAKING CAPACITY AT 32 VDC: 50 A,Battery Pack|Cell Phone|Digital Camera|DVD Player|Hard Disk Drive,VERY FAST,0.81mm,0.31mm,1.6mm,0.25A,Epoxy,e3,0.003J,High,32V,32V,NA,Surface Mount,SURFACE MOUNT,2,50A
A645,Indicator Chip Very Fast Movement 0.25A 32V SMD Solder Pad 0603 Epoxy T/R CSA ,Very Fast,NA,Battery Pack|Cell Phone|Digital Camera|DVD Player|Hard Disk Drive,NA,NA,NA,NA,0.25A,Epoxy,NA,NA,High,32V,32V,NA,Surface Mount,NA,2,NA
A646,"RATED BREAKING CAPACITY AT 32 VDC: 50 A, VERY FAST, 0.813mm, 0.305mm, 1.6mm, e0, 0.0053J, High, SURFACE MOUNT, 90Cel, -55Cel, 1.6mm  x  0.813mm  x  0.305mm, 50A, 0.375A, 32V, 32V",NA,RATED BREAKING CAPACITY AT 32 VDC: 50 A,NA,VERY FAST,0.813mm,0.305mm,1.6mm,50A,NA,e0,0.0053J,High,NA,32VDC,NA,NA,SURFACE MOUNT,2,50A
A647,"Indicator Chip Very Fast Movement 0.375A 32V SMD Solder Pad 0603 Epoxy T/R CSA/UL Electric Indicator, Very Fast Blow, 0.375A, 32VAC, 32VDC, 50A (IR), Supplemental, Surface Mount, 0603",Very Fast,RATED BREAKING CAPACITY AT 32 VDC: 50 A,Battery Pack|Cell Phone|Digital Camera|DVD Player|Hard Disk Drive,VERY FAST,0.81mm,0.31mm,1.6mm,0.375A,Epoxy,e0,0.0053J,High,32V,32V,NA,Surface Mount,SURFACE MOUNT,2,50A
A648,Indicator Chip Very Fast Movement 0.375A 32V SMD Solder Pad 0603 Epoxy T/R CSA/UL ,Very Fast,NA,Battery Pack|Cell Phone|Digital Camera|DVD Player|Hard Disk Drive,NA,NA,NA,NA,0.375A,Epoxy,NA,NA,High,32V,32V,NA,Surface Mount,NA,2,NA
A649,"Very Fast, Height Critical Applications, 0.5A, Epoxy, 1.6 X 0.81 X 0.31mm, 32V",Very Fast,NA,Height Critical Applications,NA,1.6,0.81,0.31,0.5A,Epoxy,NA,NA,NA,32V,NA,NA,NA,NA,2,NA
A650,"Very Fast, Battery Pack|Cell Phone|Digital Camera|DVD Player|Hard Disk Drive, 0.5A, Epoxy, 1.6 X 0.81 X 0.31mm, 32V, 32V",Very Fast,NA,Battery Pack|Cell Phone|Digital Camera|DVD Player|Hard Disk Drive,NA,1.6,0.81,0.31,0.5A,Epoxy,NA,NA,NA,32V,32V,NA,NA,NA,2,NA
A651,"Indicator Chip Very Fast Movement 0.5A 32V SMD Solder Pad 0603 Epoxy T/R CSA Electric Indicator, Very Fast Blow, 0.5A, 32VAC, 32VDC, 50A (IR), Surface Mount",Very Fast,RATED BREAKING CAPACITY AT 32 VDC: 50 A,Battery Pack|Cell Phone|Digital Camera|DVD Player|Hard Disk Drive,VERY FAST,0.81mm,0.31mm,1.6mm,0.5A,Epoxy,e3,0.0087J,High,32V,32V,NA,Surface Mount,SURFACE MOUNT,2,50A
A652,Indicator Chip Very Fast Movement 0.5A 32V SMD Solder Pad 0603 Epoxy T/R CSA ,Very Fast,NA,Battery Pack|Cell Phone|Digital Camera|DVD Player|Hard Disk Drive,NA,NA,NA,NA,0.5A,Epoxy,NA,NA,High,32V,32V,NA,Surface Mount,NA,2,NA
A653,"Indicator Chip Very Fast Movement 0.68A 32V SMD Solder Pad 0603 Epoxy T/R CSA/UL Electric Indicator, Very Fast Blow, 0.68A, 32VAC, 32VDC, 50A (IR), Surface Mount",Very Fast,RATED BREAKING CAPACITY AT 32 VDC: 50 A,Battery Pack|Cell Phone|Digital Camera|DVD Player|Hard Disk Drive,VERY FAST,0.81mm,0.31mm,1.6mm,0.68A,Epoxy,e3,0.0109J,High,32V,32V,NA,Surface Mount,SURFACE MOUNT,2,50A
A654,Indicator Chip Very Fast Movement 0.68A 32V SMD Solder Pad 0603 Epoxy T/R CSA/UL ,Very Fast,NA,Battery Pack|Cell Phone|Digital Camera|DVD Player|Hard Disk Drive,NA,NA,NA,NA,0.68A,Epoxy,NA,NA,High,32V,32V,NA,Surface Mount,NA,2,NA
A655,"Very Fast, Battery Pack|Cell Phone|Digital Camera|DVD Player|Hard Disk Drive, 0.75A, Epoxy, 1.6 X 0.81 X 0.31mm, 32V, 32V",Very Fast,NA,Battery Pack|Cell Phone|Digital Camera|DVD Player|Hard Disk Drive,NA,1.6,0.81,0.31,0.75A,Epoxy,NA,NA,NA,32V,32V,NA,NA,NA,2,NA
A656,"Indicator Chip Very Fast Movement 0.75A 32V SMD Solder Pad 0603 Epoxy T/R CSA Electric Indicator, Very Fast Blow, 0.75A, 32VAC, 32VDC, 50A (IR), Surface Mount",Very Fast,RATED BREAKING CAPACITY AT 32 VDC: 50 A,Battery Pack|Cell Phone|Digital Camera|DVD Player|Hard Disk Drive,VERY FAST,0.81mm,0.31mm,1.6mm,0.75A,Epoxy,e3,0.0171J,High,32V,32V,NA,Surface Mount,SURFACE MOUNT,2,50A
A657,Indicator Chip Very Fast Movement 0.75A 32V SMD Solder Pad 0603 Epoxy T/R CSA ,Very Fast,NA,Battery Pack|Cell Phone|Digital Camera|DVD Player|Hard Disk Drive,NA,NA,NA,NA,0.75A,Epoxy,NA,NA,High,32V,32V,NA,Surface Mount,NA,2,NA
A658,"Indicator Chip Very Fast Movement 1A 32V SMD Solder Pad 0402 Epoxy Glass T/R CSA Electric Indicator, Fast Blow, 1A, 32VDC, 35A (IR), Surface Mount, 0402",Very Fast,RATED BREAKING CAPACITY AT 32 VDC: 35 A,Battery Pack|Cell Phone|Digital Camera|DVD Player|Hard Disk Drive,FAST,0.51mm,0.3mm,0.99mm,1A,Epoxy Glass,e3,0.02J,Low,NA,32V,0.08745W,Surface Mount,SURFACE MOUNT,2,35A
A659,"Indicator Chip Very Fast Movement 1A 32V SMD Solder Pad 0402 Epoxy Glass T/R CSA Electric Indicator, Very Fast Blow, 1A, 32VDC, 35A (IR), Surface Mount, NANO",Very Fast,"RATED BREAKING CAPACITY AT 32 VDC: 35 A, JOULE-INTEGRAL-NOM AT 32 VDC: 0.0200",Battery Pack|Cell Phone|Digital Camera|DVD Player|Hard Disk Drive,VERY FAST,0.56mm,0.38mm,1.04mm,1A,Epoxy Glass,e3,0.02J,Low,NA,32V,0.08745W,Surface Mount,SURFACE MOUNT,2,35A
A660,"RATED BREAKING CAPACITY AT 24 VDC: 35 A, VERY FAST, 0.51mm, 0.3mm, 1.04mm, 0.1J, Low, SURFACE MOUNT, 90Cel, -55Cel, 1.04mm  x  0.51mm  x  0.3mm, 35A, 2A, 24V",NA,RATED BREAKING CAPACITY AT 24 VDC: 35 A,NA,VERY FAST,0.51mm,0.3mm,1.04mm,35A,NA,NA,0.1J,Low,NA,24VDC,NA,NA,SURFACE MOUNT,2,35A
A661,"Indicator Chip Very Fast Movement 2A 32V SMD Solder Pad 0402 Epoxy Glass T/R CSA Electric Indicator, Fast Blow, 2A, 32VDC, 35A (IR), Surface Mount",Very Fast,RATED BREAKING CAPACITY AT 32 VDC: 35 A,Battery Pack|Cell Phone|Digital Camera|DVD Player|Hard Disk Drive,FAST,0.51mm,0.3mm,0.99mm,2A,Epoxy Glass,e3,0.1J,Low,NA,32V,0.1412W,Surface Mount,SURFACE MOUNT,2,35A
A662,"Indicator Chip Very Fast Movement 2A 32V SMD Solder Pad 0402 Epoxy Glass T/R CSA Electric Indicator, Very Fast Blow, 2A, 32VDC, 35A (IR), Surface Mount, NANO",Very Fast,"RATED BREAKING CAPACITY AT 32 VDC: 35 A, JOULE-INTEGRAL-NOM AT 32 VDC: 0.1000",Battery Pack|Cell Phone|Digital Camera|DVD Player|Hard Disk Drive,VERY FAST,0.56mm,0.38mm,1.04mm,2A,Epoxy Glass,e3,0.1J,Low,NA,32V,0.1412W,Surface Mount,SURFACE MOUNT,2,35A
A663,"Indicator Chip Very Fast Movement 3A 32V SMD Solder Pad 0402 Epoxy Glass T/R CSA Electric Indicator, Fast Blow, 3A, 32VDC, Surface Mount",Very Fast,RATED BREAKING CAPACITY AT 32 VDC: 35 A,Battery Pack|Cell Phone|Digital Camera|DVD Player|Hard Disk Drive,FAST,0.51mm,0.3mm,0.99mm,3A,Epoxy Glass,e3,0.2032J,Low,NA,32V,0.1874W,Surface Mount,SURFACE MOUNT,2,NA
A664,"Indicator Chip Very Fast Movement 3A 32V SMD Solder Pad 0402 Epoxy Glass T/R CSA Electric Indicator, Very Fast Blow, 3A, 32VDC, 35A (IR), Surface Mount, NANO",Very Fast,"RATED BREAKING CAPACITY AT 32 VDC: 35 A, JOULE-INTEGRAL-NOM AT 32 VDC: 0.2032",Battery Pack|Cell Phone|Digital Camera|DVD Player|Hard Disk Drive,VERY FAST,0.56mm,0.38mm,1.04mm,3A,Epoxy Glass,e3,0.2032J,Low,NA,32V,0.1874W,Surface Mount,SURFACE MOUNT,2,35A
A665,"Indicator Chip Very Fast Movement 4A 32V SMD Solder Pad 0402 Epoxy Glass T/R CSA Electric Indicator, Fast Blow, 4A, 32VDC, Surface Mount",Very Fast,RATED BREAKING CAPACITY AT 32 VDC: 35 A,Battery Pack|Cell Phone|Digital Camera|DVD Player|Hard Disk Drive,FAST,0.51mm,0.3mm,0.99mm,4A,Epoxy Glass,e3,0.3084J,Low,NA,32V,0.228W,Surface Mount,SURFACE MOUNT,2,NA
A666,"Indicator Chip Very Fast Movement 4A 32V SMD Solder Pad 0402 Epoxy Glass T/R CSA Electric Indicator, Very Fast Blow, 4A, 32VDC, 35A (IR), Surface Mount, NANO",Very Fast,"RATED BREAKING CAPACITY AT 32 VDC: 35 A, JOULE-INTEGRAL-NOM AT 32 VDC: 0.3084",Battery Pack|Cell Phone|Digital Camera|DVD Player|Hard Disk Drive,VERY FAST,0.56mm,0.38mm,1.04mm,4A,Epoxy Glass,e3,0.3084J,Low,NA,32V,0.228W,Surface Mount,SURFACE MOUNT,2,35A
A667,"Indicator Chip Very Fast Movement 5A 32V SMD Solder Pad 0402 Epoxy Glass T/R CSA Electric Indicator, Fast Blow, 5A, 32VDC, Surface Mount",Very Fast,RATED BREAKING CAPACITY AT 32 VDC: 35 A,Battery Pack|Cell Phone|Digital Camera|DVD Player|Hard Disk Drive,FAST,0.51mm,0.3mm,0.99mm,5A,Epoxy Glass,e3,0.531J,Low,NA,32V,0.2622W,Surface Mount,SURFACE MOUNT,2,NA
A668,"Indicator Chip Very Fast Movement 5A 32V SMD Solder Pad 0402 Epoxy Glass T/R CSA Electric Indicator, Very Fast Blow, 5A, 32VDC, 35A (IR), Surface Mount, NANO",Very Fast,"RATED BREAKING CAPACITY AT 32 VDC: 35 A, JOULE-INTEGRAL-NOM AT 32 VDC: 0.5310",Battery Pack|Cell Phone|Digital Camera|DVD Player|Hard Disk Drive,VERY FAST,0.56mm,0.38mm,1.04mm,5A,Epoxy Glass,e3,0.531J,Low,NA,32V,0.2622W,Surface Mount,SURFACE MOUNT,2,35A
A669,"RATED BREAKING CAPACITY AT 24 VDC: 35 A, VERY FAST, 0.51mm, 0.3mm, 1.04mm, 0.056J, Low, SURFACE MOUNT, 90Cel, -55Cel, 1.04mm  x  0.51mm  x  0.3mm, 35A, 1.5A, 24V",NA,RATED BREAKING CAPACITY AT 24 VDC: 35 A,NA,VERY FAST,0.51mm,0.3mm,1.04mm,35A,NA,NA,0.056J,Low,NA,24VDC,NA,NA,SURFACE MOUNT,2,35A
A670,"Indicator Chip Very Fast Movement 1.5A 32V SMD Solder Pad 0402 Epoxy Glass T/R CSA Electric Indicator, Fast Blow, 1.5A, 32VDC, 35A (IR), Surface Mount",Very Fast,RATED BREAKING CAPACITY AT 32 VDC: 35 A,Battery Pack|Cell Phone|Digital Camera|DVD Player|Hard Disk Drive,FAST,0.51mm,0.3mm,0.99mm,1.5A,Epoxy Glass,e3,0.056J,Low,NA,32V,0.13005W,Surface Mount,SURFACE MOUNT,2,35A
A671,"Indicator Chip Very Fast Movement 1.5A 32V SMD Solder Pad 0402 Epoxy Glass T/R CSA Electric Indicator, Very Fast Blow, 1.5A, 32VDC, 35A (IR), Surface Mount",Very Fast,"RATED BREAKING CAPACITY AT 32 VDC: 35 A, JOULE-INTEGRAL-NOM AT 32 VDC: 0.0560",Battery Pack|Cell Phone|Digital Camera|DVD Player|Hard Disk Drive,VERY FAST,0.56mm,0.38mm,1.04mm,1.5A,Epoxy Glass,e3,0.056J,Low,NA,32V,0.13005W,Surface Mount,SURFACE MOUNT,2,35A
A672,"Indicator Chip Very Fast Movement 2.5A 32V SMD Solder Pad 0402 Epoxy Glass T/R CSA Electric Indicator, Fast Blow, 2.5A, 32VDC, Surface Mount",Very Fast,RATED BREAKING CAPACITY AT 32 VDC: 35 A,Battery Pack|Cell Phone|Digital Camera|DVD Player|Hard Disk Drive,FAST,0.51mm,0.3mm,0.99mm,2.5A,Epoxy Glass,e3,0.156J,Low,NA,32V,0.13813W,Surface Mount,SURFACE MOUNT,2,NA
A673,"Indicator Chip Very Fast Movement 2.5A 32V SMD Solder Pad 0402 Epoxy Glass T/R CSA Electric Indicator, Very Fast Blow, 2.5A, 32VDC, 35A (IR), Surface Mount, NANO",Very Fast,"RATED BREAKING CAPACITY AT 32 VDC: 35 A, JOULE-INTEGRAL-NOM AT 32 VDC: 0.1560",Battery Pack|Cell Phone|Digital Camera|DVD Player|Hard Disk Drive,VERY FAST,0.56mm,0.38mm,1.04mm,2.5A,Epoxy Glass,e3,0.156J,Low,NA,32V,0.13813W,Surface Mount,SURFACE MOUNT,2,35A
A674,"Indicator Chip Very Fast Movement 3.5A 32V SMD Solder Pad 0402 Epoxy Glass T/R CSA Electric Indicator, Fast Blow, 3.5A, 32VDC, Surface Mount",Very Fast,RATED BREAKING CAPACITY AT 32 VDC: 35 A,Battery Pack|Cell Phone|Digital Camera|DVD Player|Hard Disk Drive,FAST,0.51mm,0.3mm,0.99mm,3.5A,Epoxy Glass,e3,0.3017J,Low,NA,32V,0.20244W,Surface Mount,SURFACE MOUNT,2,NA
A675,"Indicator Chip Very Fast Movement 3.5A 32V SMD Solder Pad 0402 Epoxy Glass T/R CSA Electric Indicator, Very Fast Blow, 3.5A, 32VDC, 35A (IR), Surface Mount, NANO",Very Fast,"RATED BREAKING CAPACITY AT 32 VDC: 35 A, JOULE-INTEGRAL-NOM AT 32 VDC: 0.3017",Battery Pack|Cell Phone|Digital Camera|DVD Player|Hard Disk Drive,VERY FAST,0.56mm,0.38mm,1.04mm,3.5A,Epoxy Glass,e3,0.3017J,Low,NA,32V,0.20244W,Surface Mount,SURFACE MOUNT,2,35A
A676,"RATED BREAKING CAPACITY AT 24 VDC: 35 A, VERY FAST, 0.51mm, 0.3mm, 1.04mm, 0.035J, Low, SURFACE MOUNT, 90Cel, -55Cel, 1.04mm  x  0.51mm  x  0.3mm, 35A, 1.25A, 24V",NA,RATED BREAKING CAPACITY AT 24 VDC: 35 A,NA,VERY FAST,0.51mm,0.3mm,1.04mm,35A,NA,NA,0.035J,Low,NA,24VDC,NA,NA,SURFACE MOUNT,2,35A
A677,"Indicator Chip Very Fast Movement 1.25A 32V SMD Solder Pad 0402 Epoxy Glass T/R CSA Electric Indicator, Fast Blow, 1.25A, 32VDC, 35A (IR), Surface Mount",Very Fast,RATED BREAKING CAPACITY AT 32 VDC: 35 A,Battery Pack|Cell Phone|Digital Camera|DVD Player|Hard Disk Drive,FAST,0.51mm,0.3mm,0.99mm,1.25A,Epoxy Glass,e3,0.035J,Low,NA,32V,0.12046W,Surface Mount,SURFACE MOUNT,2,35A
A678,"Indicator Chip Very Fast Movement 1.25A 32V SMD Solder Pad 0402 Epoxy Glass T/R CSA Electric Indicator, Very Fast Blow, 1.25A, 32VDC, 35A (IR), Surface Mount, NANO",Very Fast,"RATED BREAKING CAPACITY AT 32 VDC: 35 A, JOULE-INTEGRAL-NOM AT 32 VDC: 0.0350",Battery Pack|Cell Phone|Digital Camera|DVD Player|Hard Disk Drive,VERY FAST,0.56mm,0.38mm,1.04mm,1.25A,Epoxy Glass,e3,0.035J,Low,NA,32V,0.12046W,Surface Mount,SURFACE MOUNT,2,35A
A679,"RATED BREAKING CAPACITY AT 24 VDC: 35 A, VERY FAST, 0.51mm, 0.3mm, 1.04mm, 0.075J, Low, SURFACE MOUNT, 90Cel, -55Cel, 1.04mm  x  0.51mm  x  0.3mm, 35A, 1.75A, 24V",NA,RATED BREAKING CAPACITY AT 24 VDC: 35 A,NA,VERY FAST,0.51mm,0.3mm,1.04mm,35A,NA,NA,0.075J,Low,NA,24VDC,NA,NA,SURFACE MOUNT,2,35A
A680,"Indicator Chip Very Fast Movement 1.75A 32V SMD Solder Pad 0402 Epoxy Glass T/R CSA Electric Indicator, Fast Blow, 1.75A, 32VDC, 35A (IR), Surface Mount",Very Fast,RATED BREAKING CAPACITY AT 32 VDC: 35 A,Battery Pack|Cell Phone|Digital Camera|DVD Player|Hard Disk Drive,FAST,0.51mm,0.3mm,0.99mm,1.75A,Epoxy Glass,e3,0.075J,Low,NA,32V,0.14198W,Surface Mount,SURFACE MOUNT,2,35A
A681,"Indicator Chip Very Fast Movement 1.75A 32V SMD Solder Pad 0402 Epoxy Glass T/R CSA Electric Indicator, Very Fast Blow, 1.75A, 32VDC, 35A (IR), Surface Mount, NANO",Very Fast,"RATED BREAKING CAPACITY AT 32 VDC: 35 A, JOULE-INTEGRAL-NOM AT 32 VDC: 0.0750",Battery Pack|Cell Phone|Digital Camera|DVD Player|Hard Disk Drive,VERY FAST,0.56mm,0.38mm,1.04mm,1.75A,Epoxy Glass,e3,0.075J,Low,NA,32V,0.14198W,Surface Mount,SURFACE MOUNT,2,35A
A682,"Indicator Chip Very Fast Movement 0.25A 32V SMD Solder Pad 0402 Epoxy Glass T/R CSA Electric Indicator, Fast Blow, 0.25A, 32VDC, 35A (IR), Surface Mount",Very Fast,RATED BREAKING CAPACITY AT 32 VDC: 35 A,Battery Pack|Cell Phone|Digital Camera|DVD Player|Hard Disk Drive,FAST,0.51mm,0.3mm,0.99mm,0.25A,Epoxy Glass,e3,0.0025J,High,NA,32V,0.01517W,Surface Mount,SURFACE MOUNT,2,35A
A683,"Indicator Chip Very Fast Movement 0.25A 32V SMD Solder Pad 0402 Epoxy Glass T/R CSA Electric Indicator, Very Fast Blow, 0.25A, 32VDC, 35A (IR), Surface Mount, NANO",Very Fast,"RATED BREAKING CAPACITY AT 32 VDC: 35 A, JOULE-INTEGRAL-NOM AT 32 VDC: 0.0025",Battery Pack|Cell Phone|Digital Camera|DVD Player|Hard Disk Drive,VERY FAST,0.56mm,0.38mm,1.04mm,0.25A,Epoxy Glass,e3,0.0025J,High,NA,32V,0.027635W,Surface Mount,SURFACE MOUNT,2,35A
A684,"Indicator Chip Very Fast Movement 0.25A SMD Solder Pad 0402 Epoxy Glass T/R CSA Electric Indicator, Very Fast Blow, 0.25A, 32VAC, 32VDC, 35A (IR), Surface Mount",Very Fast,RATED BREAKING CAPACITY AT 32 VDC,Battery Pack|Cell Phone|Digital Camera|DVD Player|Hard Disk Drive,VERY FAST,0.51mm,0.3mm,0.99mm,0.25A,Epoxy Glass,NA,0.003J,Low,32VAC,32V,0.01517W,Surface Mount,SURFACE MOUNT,2,35A
A685,"Very Fast, Battery Pack|Cell Phone|Digital Camera|DVD Player|Hard Disk Drive, 0.25A, Epoxy Glass, 25.17 X 12.9 X 7.75mm, 32V, 0.01517W, Surface Mount, 2.0, 25.17mm",Very Fast,NA,Battery Pack|Cell Phone|Digital Camera|DVD Player|Hard Disk Drive,NA,25.17,12.9,7.75,0.25A,Epoxy Glass,NA,NA,NA,NA,32V,0.01517W,Surface Mount,NA,2,NA
A686,"RATED BREAKING CAPACITY AT 24 VDC: 35 A, VERY FAST, 0.51mm, 0.3mm, 1.04mm, 0.0035J, Low, SURFACE MOUNT, 90Cel, -55Cel, 1.04mm  x  0.51mm  x  0.3mm, 35A, 0.375A, 24V",NA,RATED BREAKING CAPACITY AT 24 VDC: 35 A,NA,VERY FAST,0.51mm,0.3mm,1.04mm,35A,NA,NA,0.0035J,Low,NA,24VDC,NA,NA,SURFACE MOUNT,2,35A
A687,"Indicator Chip Very Fast Movement 0.375A 32V SMD Solder Pad 0402 Epoxy Glass T/R CSA Electric Indicator, Fast Blow, 0.375A, 32VDC, 35A (IR), Surface Mount, 0402",Very Fast,RATED BREAKING CAPACITY AT 32 VDC: 35 A,Battery Pack|Cell Phone|Digital Camera|DVD Player|Hard Disk Drive,FAST,0.51mm,0.3mm,0.99mm,0.375A,Epoxy Glass,e3,0.0035J,Low,NA,32V,0.03174W,Surface Mount,SURFACE MOUNT,2,35A
A688,"Indicator Chip Very Fast Movement 0.375A 32V SMD Solder Pad 0402 Epoxy Glass T/R CSA Electric Indicator, Very Fast Blow, 0.375A, 32VDC, 35A (IR), Surface Mount, NANO",Very Fast,"RATED BREAKING CAPACITY AT 32 VDC: 35 A, JOULE-INTEGRAL-NOM AT 32 VDC: 0.0035",Battery Pack|Cell Phone|Digital Camera|DVD Player|Hard Disk Drive,VERY FAST,0.56mm,0.38mm,1.04mm,0.375A,Epoxy Glass,e3,0.0035J,Low,NA,32V,0.03174W,Surface Mount,SURFACE MOUNT,2,35A
A689,"Indicator Chip Very Fast Movement 0.5A 32V SMD Solder Pad 0402 Epoxy Glass T/R CSA Electric Indicator, Fast Blow, 0.5A, 32VDC, 35A (IR), Supplemental, Surface Mount, 0402",Very Fast,RATED BREAKING CAPACITY AT 32 VDC: 35 A,Battery Pack|Cell Phone|Digital Camera|DVD Player|Hard Disk Drive,FAST,0.51mm,0.3mm,0.99mm,0.5A,Epoxy Glass,e3,0.0053J,Low,NA,32V,0.04668W,Surface Mount,SURFACE MOUNT,2,35A
A690,"Indicator Chip Very Fast Movement 0.5A 32V SMD Solder Pad 0402 Epoxy Glass T/R CSA Electric Indicator, Very Fast Blow, 0.5A, 32VDC, 35A (IR), Surface Mount, NANO",Very Fast,"RATED BREAKING CAPACITY AT 32 VDC: 35 A, JOULE-INTEGRAL-NOM AT 32 VDC: 0.0053",Battery Pack|Cell Phone|Digital Camera|DVD Player|Hard Disk Drive,VERY FAST,0.56mm,0.38mm,1.04mm,0.5A,Epoxy Glass,e3,0.0053J,Low,NA,32V,0.04668W,Surface Mount,SURFACE MOUNT,2,35A
A691,"Indicator Chip Very Fast Movement 0.75A 32V SMD Solder Pad 0402 Epoxy Glass T/R CSA Electric Indicator, Fast Blow, 0.75A, 32VDC, 35A (IR), Surface Mount",Very Fast,RATED BREAKING CAPACITY AT 32 VDC: 35 A,Battery Pack|Cell Phone|Digital Camera|DVD Player|Hard Disk Drive,FAST,0.51mm,0.3mm,0.99mm,0.75A,Epoxy Glass,e3,0.012J,Low,NA,32V,0.07638W,Surface Mount,SURFACE MOUNT,2,35A
A692,"Indicator Chip Very Fast Movement 0.75A 32V SMD Solder Pad 0402 Epoxy Glass T/R CSA Electric Indicator, Very Fast Blow, 0.75A, 32VDC, 35A (IR), Surface Mount, NANO",Very Fast,"RATED BREAKING CAPACITY AT 32 VDC: 35 A, JOULE-INTEGRAL-NOM AT 32 VDC: 0.0120",Battery Pack|Cell Phone|Digital Camera|DVD Player|Hard Disk Drive,VERY FAST,0.56mm,0.38mm,1.04mm,0.75A,Epoxy Glass,e3,0.012J,Low,NA,32V,0.07638W,Surface Mount,SURFACE MOUNT,2,35A
A693,"Indicator Chip Fast Movement 1A 63V SMD Solder Pad 1206 Ceramic T/R CSA/UL Electric Indicator, Fast Blow, 1A, 63VAC, 63VDC, 50A (IR), Surface Mount, 1206",Fast,RATED BREAKING CAPACITY AT 63 VDC: 50 A,Automotive Electronic|Data Modem|LCD Display|Scanners,FAST,1.63mm,0.82mm,3.2mm,1A,Ceramic,e3,0.1J,Low,63V,63V,0.415(Typ)W,Surface Mount,SURFACE MOUNT,2,50A
A694,"Fast, Automotive Electronic|Data Modem|LCD Display|Scanners, 1A, Ceramic, 3.12 X 1.67 X 0.84mm, 63V, 63V, 0.415(Typ)W, Surface Mount, 2.0, 3.12mm",Fast,NA,Automotive Electronic|Data Modem|LCD Display|Scanners,NA,3.12,1.67,0.84,1A,Ceramic,NA,NA,NA,63V,63V,0.415(Typ)W,Surface Mount,NA,2,NA
A695,"Indicator Chip Fast Movement 2A 63V SMD Solder Pad 1206 Ceramic T/R CSA/UL Electric Indicator, Fast Blow, 2A, 63VAC, 63VDC, 50A (IR), Surface Mount, 1206",Fast,RATED BREAKING CAPACITY AT 63 VDC: 50 A,Automotive Electronic|Data Modem|LCD Display|Scanners,FAST,1.63mm,0.82mm,3.2mm,2A,Ceramic,e3,0.144J,Low,63V,63V,0.345(Typ)W,Surface Mount,SURFACE MOUNT,2,50A
A696,"Indicator Chip Fast Movement 3A 32V SMD Solder Pad 1206 Ceramic T/R CSA/UL Electric Indicator, Fast Blow, 3A, 32VAC, 35VDC, 50A (IR), Surface Mount, 1206",Fast,RATED BREAKING CAPACITY AT 35 VDC: 50 A,Automotive Electronic|Data Modem|LCD Display|Scanners,FAST,1.63mm,0.82mm,3.2mm,3A,Ceramic,e2,0.4J,Low,32V,32V,0.462(Typ)W,Surface Mount,SURFACE MOUNT,2,50A
A697,"Indicator Chip Fast Movement 4A 32V SMD Solder Pad 1206 Ceramic T/R CSA/UL Electric Indicator, Fast Blow, 4A, 32VAC, 35VDC, 50A (IR), Surface Mount, 1206",Fast,RATED BREAKING CAPACITY AT 35 VDC: 50 A,Automotive Electronic|Data Modem|LCD Display|Scanners,FAST,1.63mm,0.82mm,3.2mm,4A,Ceramic,e3,1.024J,Low,32V,32V,0.618(Typ)W,Surface Mount,SURFACE MOUNT,2,50A
A698,"Indicator Chip Fast Movement 5A 32V SMD Solder Pad 1206 Ceramic T/R CSA/UL Electric Indicator, Fast Blow, 5A, 32VAC, 35VDC, 50A (IR), Surface Mount, 1206",Fast,RATED BREAKING CAPACITY AT 35 VDC: 50 A,Automotive Electronic|Data Modem|LCD Display|Scanners,FAST,1.63mm,0.82mm,3.2mm,5A,Ceramic,e3,1.936J,Low,32V,32V,0.484(Typ)W,Surface Mount,SURFACE MOUNT,2,50A
A699,"Indicator Chip Fast Movement 7A 32V SMD Solder Pad 1206 Ceramic T/R CSA/UL Electric Indicator, Fast Blow, 7A, 32VAC, 35VDC, 50A (IR), Surface Mount, 1206",Fast,RATED BREAKING CAPACITY AT 35 VDC: 50 A,Automotive Electronic|Data Modem|LCD Display|Scanners,FAST,1.63mm,0.82mm,3.2mm,7A,Ceramic,e3,4.9J,Low,32V,32V,0.76(Typ)W,Surface Mount,SURFACE MOUNT,2,50A
A700,"Indicator Chip Fast Movement 8A 32V SMD Solder Pad 1206 Ceramic T/R CSA/UL Electric Indicator, Fast Blow, 8A, 32VAC, 35VDC, 50A (IR), Surface Mount, 1206",Fast,RATED BREAKING CAPACITY AT 35 VDC: 50 A,Automotive Electronic|Data Modem|LCD Display|Scanners,FAST,1.63mm,0.82mm,3.2mm,8A,Ceramic,e3,6.4J,Low,32V,32V,0.539(Typ)W,Surface Mount,SURFACE MOUNT,2,50A
A701,"Indicator Chip Fast Movement 1.5A 63V SMD Solder Pad 1206 Ceramic T/R CSA/UL Electric Indicator, Fast Blow, 1.5A, 63VAC, 63VDC, 50A (IR), Surface Mount, 1206",Fast,RATED BREAKING CAPACITY AT 63 VDC: 50 A,Automotive Electronic|Data Modem|LCD Display|Scanners,FAST,1.63mm,0.82mm,3.2mm,1.5A,Ceramic,e3,0.324J,Low,63V,63V,0.579(Typ)W,Surface Mount,SURFACE MOUNT,2,50A
A702,"Fast, Automotive Electronic|Data Modem|LCD Display|Scanners, 1.5A, Ceramic, 3.12 X 1.67 X 0.84mm, 63V, 63V, 0.579(Typ)W, Surface Mount, 2.0, 3.12mm",Fast,NA,Automotive Electronic|Data Modem|LCD Display|Scanners,NA,3.12,1.67,0.84,1.5A,Ceramic,NA,NA,NA,63V,63V,0.579(Typ)W,Surface Mount,NA,2,NA
A703,"Indicator Chip Fast Movement 2.5A 32V SMD Solder Pad 1206 Ceramic T/R CSA/UL Electric Indicator, Fast Blow, 2.5A, 32VAC, 35VDC, 50A (IR), Surface Mount, 1206",Fast,RATED BREAKING CAPACITY AT 35 VDC: 50 A,Automotive Electronic|Data Modem|LCD Display|Scanners,FAST,1.63mm,0.82mm,3.2mm,2.5A,Ceramic,e3,0.225J,Low,32V,32V,0.363(Typ)W,Surface Mount,SURFACE MOUNT,2,50A
A704,"Indicator Chip Fast Movement 3.5A 32V SMD Solder Pad 1206 Ceramic T/R CSA/UL Electric Indicator, Fast Blow, 3.5A, 32VAC, 35VDC, 50A (IR), Surface Mount, 1206",Fast,RATED BREAKING CAPACITY AT 35 VDC: 50 A,Automotive Electronic|Data Modem|LCD Display|Scanners,FAST,1.63mm,0.82mm,3.2mm,3.5A,Ceramic,e3,0.576J,Low,32V,32V,0.56(Typ)W,Surface Mount,SURFACE MOUNT,2,50A
A705,"Indicator Chip Fast Movement 1.25A 63V SMD Solder Pad 1206 Ceramic T/R CSA/UL Electric Indicator, Fast Blow, 1.25A, 63VAC, 63VDC, 50A (IR), Surface Mount, 1206",Fast,RATED BREAKING CAPACITY AT 63 VDC: 50 A,Automotive Electronic|Data Modem|LCD Display|Scanners,FAST,1.63mm,0.82mm,3.2mm,1.25A,Ceramic,e3,0.256J,Low,63V,63V,0.496(Typ)W,Surface Mount,SURFACE MOUNT,2,50A
A706,"Indicator Chip Fast Movement 1.75A 63V SMD Solder Pad 1206 Ceramic T/R CSA/UL Electric Indicator, Fast Blow, 1.75A, 63VAC, 63VDC, 50A (IR), Surface Mount, 1206",Fast,RATED BREAKING CAPACITY AT 63 VDC: 50 A,Automotive Electronic|Data Modem|LCD Display|Scanners,FAST,1.63mm,0.82mm,3.2mm,1.75A,Ceramic,e2,0.075J,Low,63V,63V,0.474(Typ)W,Surface Mount,SURFACE MOUNT,2,50A
A707,"Indicator Chip Fast Movement 0.25A 125V SMD Solder Pad 1206 Ceramic T/R CSA/UL Electric Indicator, Fast Blow, 0.25A, 125VAC, 125VDC, 50A (IR), Surface Mount, 1206",Fast,RATED BREAKING CAPACITY AT 125 VDC: 50 A,Automotive Electronic|Data Modem|LCD Display|Scanners,FAST,1.63mm,0.82mm,3.2mm,0.25A,Ceramic,e3,0.003J,Low,125V,125V,0.195(Typ)W,Surface Mount,SURFACE MOUNT,2,50A
A708,"Indicator Chip Fast Movement 0.375A 125V SMD Solder Pad 1206 Ceramic T/R CSA/UL Electric Indicator, Fast Blow, 0.375A, 125VAC, 125VDC, 50A (IR), Surface Mount, 1206",Fast,RATED BREAKING CAPACITY AT 125 VDC: 50 A,Automotive Electronic|Data Modem|LCD Display|Scanners,FAST,1.63mm,0.82mm,3.2mm,0.375A,Ceramic,e3,0.01J,Low,125V,125V,0.225(Typ)W,Surface Mount,SURFACE MOUNT,2,50A
A709,"Indicator Chip Fast Movement 0.5A 63V SMD Solder Pad 1206 Ceramic T/R CSA/UL Electric Indicator, Fast Blow, 0.5A, 63VAC, 63VDC, 50A (IR), Surface Mount, 1206",Fast,RATED BREAKING CAPACITY AT 63 VDC: 50 A,Automotive Electronic|Data Modem|LCD Display|Scanners,FAST,1.63mm,0.82mm,3.2mm,0.5A,Ceramic,e3,0.018J,Low,63V,63V,0.26(Typ)W,Surface Mount,SURFACE MOUNT,2,50A
A710,"Indicator Chip Fast Movement 0.75A 63V SMD Solder Pad 1206 Ceramic T/R CSA/UL Electric Indicator, Fast Blow, 0.75A, 63VAC, 63VDC, 50A (IR), Surface Mount, 1206",Fast,RATED BREAKING CAPACITY AT 63 VDC: 50 A,Automotive Electronic|Data Modem|LCD Display|Scanners,FAST,1.63mm,0.82mm,3.2mm,0.75A,Ceramic,e3,0.064J,Low,63V,63V,0.335(Typ)W,Surface Mount,SURFACE MOUNT,2,50A
A711,"Indicator 1A 32V Fast Movement 2-Pin T/R Electric Indicator, Fast Blow, 1A, 32VDC, 50A (IR), Surface Mount, 0603",Fast,RATED BREAKING CAPACITY AT 32 VDC: 50 A,Automotive Electronic|Battery Pack|Handheld Electronic|Hard Disk Drive,FAST,0.85mm,0.5mm,1.54mm,1A,Ceramic,e3,0.0593J,Low,NA,32V,0.351W,Surface Mount,SURFACE MOUNT,2,50A
A712,"Fast, Automotive Navigation System|Battery Management System|Cluster|LED Head Light, 1A, Ceramic, 1.58 X 0.85 X 0.5mm, 32V, 63V, 0.351W, Surface Mount, 2.0, 1.58mm",Fast,NA,Automotive Navigation System|Battery Management System|Cluster|LED Head Light,NA,1.58,0.85,0.5,1A,Ceramic,NA,NA,NA,32V,63V,0.351W,Surface Mount,NA,2,NA
A713,"Indicator 2A 32V Fast Movement 2-Pin T/R Electric Indicator, Fast Blow, 2A, 12VAC, 32VDC, 50A (IR), Surface Mount, 0603",Fast,RATED BREAKING CAPACITY AT 32 VDC: 50 A,Automotive Electronic|Battery Pack|Handheld Electronic|Hard Disk Drive,FAST,0.85mm,0.5mm,1.54mm,2A,Ceramic,e3,0.149J,High,12VAC,32V,0.214W,Surface Mount,SURFACE MOUNT,2,50A
A714,"Fast, Automotive Navigation System|Battery Management System|Cluster|LED Head Light, 2A, Ceramic, 1.58 X 0.85 X 0.5mm, 12V, 32V, 0.214W, Surface Mount, 2.0, 1.58mm",Fast,NA,Automotive Navigation System|Battery Management System|Cluster|LED Head Light,NA,1.58,0.85,0.5,2A,Ceramic,NA,NA,NA,12V,32V,0.214W,Surface Mount,NA,2,NA
A715,"Indicator Chip Fast Movement 2A 32V SMD Solder Pad 0603 1.58 X 0.83 X 0.5mm Ceramic T/R Electric Indicator, Fast Blow, 2A, 12VAC, 32VDC, 50A (IR), Surface Mount",Fast,PRE ARCING TIME: OPEN WITHIN 5 SEC AT 250% RATED CURRENT,Automotive Electronic|Battery Pack|Handheld Electronic|Hard Disk Drive,FAST,0.83mm,0.508mm,1.582mm,2A,Ceramic,NA,0.181J,Low,32V,32V,0.22(Typ)W,Surface Mount,SURFACE MOUNT,2,50A
A716,"Indicator 3A 32V Fast Movement 2-Pin T/R Electric Indicator, Fast Blow, 3A, 12VAC, 32VDC, 50A (IR), Surface Mount, 0603",Fast,RATED BREAKING CAPACITY AT 32 VDC: 50 A,Automotive Electronic|Battery Pack|Handheld Electronic|Hard Disk Drive,FAST,0.85mm,0.5mm,1.54mm,3A,Ceramic,e3,0.2922J,High,12VAC,32V,0.279W,Surface Mount,SURFACE MOUNT,2,50A
A717,"Fast, Automotive Navigation System|Battery Management System|Cluster|LED Head Light, 3A, Ceramic, 1.58 X 0.85 X 0.5mm, 12V, 32V, 0.279W, Surface Mount, 2.0, 1.58mm",Fast,NA,Automotive Navigation System|Battery Management System|Cluster|LED Head Light,NA,1.58,0.85,0.5,3A,Ceramic,NA,NA,NA,12V,32V,0.279W,Surface Mount,NA,2,NA
A718,"Fast, Automotive Electronic|Battery Pack|Handheld Electronic|Hard Disk Drive, 3A, Ceramic, 1.58 X 0.83 X 0.5mm, 32V, 32V, 0.246(Typ)W, Surface Mount, 2.0, 1.58mm",Fast,NA,Automotive Electronic|Battery Pack|Handheld Electronic|Hard Disk Drive,NA,1.58,0.83,0.5,3A,Ceramic,NA,NA,NA,32V,32V,0.246(Typ)W,Surface Mount,NA,2,NA
A719,"Indicator 4A 32V Fast Movement 2-Pin T/R Electric Indicator, Fast Blow, 4A, 12VAC, 32VDC, 50A (IR), Surface Mount, 0603",Fast,RATED BREAKING CAPACITY AT 32 VDC: 50 A,Automotive Electronic|Battery Pack|Handheld Electronic|Hard Disk Drive,FAST,0.85mm,0.5mm,1.54mm,4A,Ceramic,e3,0.692J,High,12VAC,32V,0.316W,Surface Mount,SURFACE MOUNT,2,50A
A720,"Fast, Automotive Navigation System|Battery Management System|Cluster|LED Head Light, 4A, Ceramic, 1.58 X 0.85 X 0.5mm, 12V, 32V, 0.316W, Surface Mount, 2.0, 1.58mm",Fast,NA,Automotive Navigation System|Battery Management System|Cluster|LED Head Light,NA,1.58,0.85,0.5,4A,Ceramic,NA,NA,NA,12V,32V,0.316W,Surface Mount,NA,2,NA
A721,"Fast, Automotive Electronic|Battery Pack|Handheld Electronic|Hard Disk Drive, 4A, Ceramic, 1.58 X 0.83 X 0.5mm, 32V, 32V, 0.3(Typ)W, Surface Mount, 2.0, 1.58mm",Fast,NA,Automotive Electronic|Battery Pack|Handheld Electronic|Hard Disk Drive,NA,1.58,0.83,0.5,4A,Ceramic,NA,NA,NA,32V,32V,0.3(Typ)W,Surface Mount,NA,2,NA
A722,"Indicator 5A 32V Fast Movement 2-Pin T/R Electric Indicator, Fast Blow, 5A, 12VAC, 32VDC, 50A (IR), Surface Mount, 0603",Fast,RATED BREAKING CAPACITY AT 32 VDC: 50 A,Automotive Electronic|Battery Pack|Handheld Electronic|Hard Disk Drive,FAST,0.85mm,0.5mm,1.54mm,5A,Ceramic,e3,0.7398J,High,12VAC,32V,0.37W,Surface Mount,SURFACE MOUNT,2,50A
A723,"Fast, Automotive Electronic|Battery Pack|Handheld Electronic|Hard Disk Drive, 5A, Ceramic, 1.58 X 0.83 X 0.5mm, 32V, 32V, 0.36(Typ)W, Surface Mount, 2.0, 1.58mm",Fast,NA,Automotive Electronic|Battery Pack|Handheld Electronic|Hard Disk Drive,NA,1.58,0.83,0.5,5A,Ceramic,NA,NA,NA,32V,32V,0.36(Typ)W,Surface Mount,NA,2,NA
A724,"Indicator Chip Fast Movement 6A 32V SMD Solder Pad 0603 Ceramic T/R CSA/UL Electric Indicator, Fast Blow, 6A, 12VAC, 24VDC, 50A (IR), Surface Mount, 0603",Fast,RATED BREAKING CAPACITY AT 24 VDC: 50 A,Automotive Electronic|Battery Pack|Handheld Electronic|Hard Disk Drive,FAST,0.85mm,0.5mm,1.54mm,6A,Ceramic,e3,1.3838J,High,12VAC,32V,0.432(Nom)W,Surface Mount,SURFACE MOUNT,2,50A
A725,"Fast, Automotive Navigation System|Battery Management System|Cluster|LED Head Light, 6A, Ceramic, 1.58 X 0.85 X 0.5mm, 12V, 24V, 0.432W, Surface Mount, 2.0, 1.58mm",Fast,NA,Automotive Navigation System|Battery Management System|Cluster|LED Head Light,NA,1.58,0.85,0.5,6A,Ceramic,NA,NA,NA,12V,24V,0.432W,Surface Mount,NA,2,NA
A726,"Fast, Automotive Electronic|Battery Pack|Handheld Electronic|Hard Disk Drive, 6A, Ceramic, 1.58 X 0.83 X 0.5mm, 24V, 24V, 0.42(Typ)W, Surface Mount, 2.0, 1.58mm",Fast,NA,Automotive Electronic|Battery Pack|Handheld Electronic|Hard Disk Drive,NA,1.58,0.83,0.5,6A,Ceramic,NA,NA,NA,24V,24V,0.42(Typ)W,Surface Mount,NA,2,NA
A727,"Indicator Chip Fast Movement 1.5A 32V SMD Solder Pad 0603 Ceramic T/R CSA/UL Electric Indicator, Fast Blow, 1.5A, 32VDC, 50A (IR), Surface Mount, 0603",Fast,RATED BREAKING CAPACITY AT 32 VDC: 50 A,Automotive Electronic|Battery Pack|Handheld Electronic|Hard Disk Drive,FAST,0.85mm,0.5mm,1.54mm,1.5A,Ceramic,e3,0.0902J,Low,NA,32V,0.552(Nom)W,Surface Mount,SURFACE MOUNT,2,50A
A728,"Indicator Chip Fast Movement 2.5A 32V SMD Solder Pad 0603 Ceramic T/R CSA/UL Electric Indicator, Fast Blow, 2.5A, 12VAC, 32VDC, 50A (IR), Surface Mount, 0603",Fast,RATED BREAKING CAPACITY AT 32 VDC: 50 A,Automotive Electronic|Battery Pack|Handheld Electronic|Hard Disk Drive,FAST,0.85mm,0.5mm,1.54mm,2.5A,Ceramic,e3,0.1977J,High,12VAC,32V,0.238(Nom)W,Surface Mount,SURFACE MOUNT,2,50A
A729,"Fast, Automotive Navigation System|Battery Management System|Cluster|LED Head Light, 2.5A, Ceramic, 1.58 X 0.85 X 0.5mm, 12V, 32V, 0.238W, Surface Mount, 2.0, 1.58mm",Fast,NA,Automotive Navigation System|Battery Management System|Cluster|LED Head Light,NA,1.58,0.85,0.5,2.5A,Ceramic,NA,NA,NA,12V,32V,0.238W,Surface Mount,NA,2,NA
A730,"Fast, Automotive Electronic|Battery Pack|Handheld Electronic|Hard Disk Drive, 2.5A, Ceramic, 1.58 X 0.83 X 0.5mm, 32V, 32V, 0.235(Typ)W, Surface Mount, 2.0, 1.58mm",Fast,NA,Automotive Electronic|Battery Pack|Handheld Electronic|Hard Disk Drive,NA,1.58,0.83,0.5,2.5A,Ceramic,NA,NA,NA,32V,32V,0.235(Typ)W,Surface Mount,NA,2,NA
A731,"Indicator Chip Fast Movement 3.5A 32V SMD Solder Pad 0603 Ceramic T/R CSA/UL Electric Indicator, Fast Blow, 3.5A, 12VAC, 32VDC, 50A (IR), Surface Mount, 0603",Fast,RATED BREAKING CAPACITY AT 32 VDC: 50 A,Automotive Electronic|Battery Pack|Handheld Electronic|Hard Disk Drive,FAST,0.85mm,0.5mm,1.54mm,3.5A,Ceramic,e3,0.4752J,High,12VAC,32V,0.287(Nom)W,Surface Mount,SURFACE MOUNT,2,50A
A732,"Fast, Automotive Navigation System|Battery Management System|Cluster|LED Head Light, 3.5A, Ceramic, 1.58 X 0.85 X 0.5mm, 12V, 32V, 0.287W, Surface Mount, 2.0, 1.58mm",Fast,NA,Automotive Navigation System|Battery Management System|Cluster|LED Head Light,NA,1.58,0.85,0.5,3.5A,Ceramic,NA,NA,NA,12V,32V,0.287W,Surface Mount,NA,2,NA
A733,"Fast, Automotive Electronic|Battery Pack|Handheld Electronic|Hard Disk Drive, 3.5A, Ceramic, 1.58 X 0.83 X 0.5mm, 32V, 32V, 0.273(Typ)W, Surface Mount, 2.0, 1.58mm",Fast,NA,Automotive Electronic|Battery Pack|Handheld Electronic|Hard Disk Drive,NA,1.58,0.83,0.5,3.5A,Ceramic,NA,NA,NA,32V,32V,0.273(Typ)W,Surface Mount,NA,2,NA
A734,"Indicator Chip Fast Movement 1.25A 32V SMD Solder Pad 0603 Ceramic T/R CSA/UL Electric Indicator, Fast Blow, 1.25A, 32VDC, 50A (IR), Surface Mount, 0603",Fast,RATED BREAKING CAPACITY AT 32 VDC: 50 A,Automotive Electronic|Battery Pack|Handheld Electronic|Hard Disk Drive,FAST,0.85mm,0.5mm,1.54mm,1.25A,Ceramic,e3,0.051J,Low,NA,32V,0.456(Nom)W,Surface Mount,SURFACE MOUNT,2,50A
A735,"Indicator Chip Fast Movement 1.25A 32V SMD Solder Pad 0603 1.58 X 0.85 X 0.5mm Ceramic T/R Electric Indicator, Fast Blow, 1.25A, 32VAC, 63VDC, 50A (IR), Surface Mount",Fast,PRE ARCING TIME: OPEN WITHIN 5 SEC AT 250% RATED CURRENT,Automotive Navigation System|Battery Management System|Cluster|LED Head Light,FAST,0.85mm,0.51mm,1.58mm,1.25A,Ceramic,NA,0.051J,Low,32V,63V,0.456W,Surface Mount,SURFACE MOUNT,2,50A
A736,"Indicator Chip Fast Movement 1.75A 32V SMD Solder Pad 0603 Ceramic T/R CSA/UL Electric Indicator, Fast Blow, 1.75A, 32VDC, 50A (IR), Surface Mount, 0603",Fast,RATED BREAKING CAPACITY AT 32 VDC: 50 A,Automotive Electronic|Battery Pack|Handheld Electronic|Hard Disk Drive,FAST,0.85mm,0.5mm,1.54mm,1.75A,Ceramic,e2,0.144J,Low,NA,32V,0.54(Nom)W,Surface Mount,SURFACE MOUNT,2,50A
A737,"Fast, Automotive Navigation System|Battery Management System|Cluster|LED Head Light, 1.75A, Ceramic, 1.58 X 0.85 X 0.5mm, 32V, 32V, 0.54W, Surface Mount, 2.0, 1.58mm",Fast,NA,Automotive Navigation System|Battery Management System|Cluster|LED Head Light,NA,1.58,0.85,0.5,1.75A,Ceramic,NA,NA,NA,32V,32V,0.54W,Surface Mount,NA,2,NA
A738,"Indicator Chip Fast Movement 0.25A 32V SMD Solder Pad 0603 Ceramic T/R CSA/UL Electric Indicator, Fast Blow, 0.25A, 63VDC, 50A (IR), Surface Mount, 0603",Fast,RATED BREAKING CAPACITY AT 63 VDC: 50 A,Automotive Electronic|Battery Pack|Handheld Electronic|Hard Disk Drive,FAST,0.85mm,0.5mm,1.54mm,0.25A,Ceramic,e3,0.0017J,Low,NA,32V,0.138(Nom)W,Surface Mount,SURFACE MOUNT,2,50A
A739,"Fast, Automotive Electronic|Battery Pack|Handheld Electronic|Hard Disk Drive, 0.25A, Ceramic, 1.54 X 0.85 X 0.5mm, 32V, 0.138(Nom)W, Surface Mount, 2.0, 1.54mm",Fast,NA,Automotive Electronic|Battery Pack|Handheld Electronic|Hard Disk Drive,NA,1.54,0.85,0.5,0.25A,Ceramic,NA,NA,NA,NA,32V,0.138(Nom)W,Surface Mount,NA,2,NA
A740,"Indicator Chip Fast Movement 0.375A 32V SMD Solder Pad 0603 Ceramic T/R CSA/UL Electric Indicator, Fast Blow, 0.375A, 32VDC, 50A (IR), Surface Mount, 0603",Fast,RATED BREAKING CAPACITY AT 32 VDC: 50 A,Automotive Electronic|Battery Pack|Handheld Electronic|Hard Disk Drive,FAST,0.85mm,0.5mm,1.54mm,0.375A,Ceramic,e3,0.0041J,Low,NA,32V,0.183(Nom)W,Surface Mount,SURFACE MOUNT,2,50A
A741,"Fast, Automotive Electronic|Battery Pack|Handheld Electronic|Hard Disk Drive, 0.375A, Ceramic, 1.54 X 0.85 X 0.5mm, 32V, 0.183(Nom)W, Surface Mount, 2.0, 1.54mm",Fast,NA,Automotive Electronic|Battery Pack|Handheld Electronic|Hard Disk Drive,NA,1.54,0.85,0.5,0.375A,Ceramic,NA,NA,NA,NA,32V,0.183(Nom)W,Surface Mount,NA,2,NA
A742,"Indicator Chip Fast Movement 0.5A 32V SMD Solder Pad 0603 Ceramic T/R CSA/UL Electric Indicator, Fast Blow, 0.5A, 32VDC, 50A (IR), Surface Mount, 0603",Fast,RATED BREAKING CAPACITY AT 32 VDC: 50 A,Automotive Electronic|Battery Pack|Handheld Electronic|Hard Disk Drive,FAST,0.85mm,0.5mm,1.54mm,0.5A,Ceramic,e3,0.01J,Low,NA,32V,0.243(Nom)W,Surface Mount,SURFACE MOUNT,2,50A
A743,"Indicator Chip Fast Movement 0.75A 32V SMD Solder Pad 0603 Ceramic T/R CSA/UL Electric Indicator, Fast Blow, 0.75A, 32VDC, 50A (IR), Surface Mount, 0603",Fast,RATED BREAKING CAPACITY AT 32 VDC: 50 A,Automotive Electronic|Battery Pack|Handheld Electronic|Hard Disk Drive,FAST,0.85mm,0.5mm,1.54mm,0.75A,Ceramic,e3,0.0281J,Low,NA,32V,0.284(Nom)W,Surface Mount,SURFACE MOUNT,2,50A
A744,"Indicator Chip Fast Movement 0.75A 32V SMD Solder Pad 0603 1.58 X 0.85 X 0.5mm Ceramic T/R Electric Indicator, Fast Blow, 0.75A, 32VAC, 63VDC, 50A (IR), Surface Mount",Fast,PRE ARCING TIME: OPEN WITHIN 5 SEC AT 250% RATED CURRENT,Automotive Navigation System|Battery Management System|Cluster|LED Head Light,FAST,0.85mm,0.51mm,1.58mm,0.75A,Ceramic,e3,0.0281J,Low,32V,63V,0.284W,Surface Mount,SURFACE MOUNT,2,50A
A745,"Indicator Chip 1A 50V SMD Solder Pad 1206 Ceramic T/R CSA/UL Electric Indicator, 1A, 50VAC, 50VDC, 50A (IR), Surface Mount, 1206",NA,RATED BREAKING CAPACITY AT 50 VDC: 50 A,Automotive Electronics,NA,1.63mm,0.82mm,3.2mm,1A,Ceramic,e3,0.21054J,Low,50V,50V,0.346(Nom)W,Surface Mount,SURFACE MOUNT,2,50A
A746,"Indicator Chip Fast Movement 2A 32V SMD Solder Pad 1206 Ceramic T/R CSA/UL Electric Indicator, 2A, 32VAC, 32VDC, 50A (IR), Surface Mount, 1206",Fast,RATED BREAKING CAPACITY AT 32 VDC: 50 A,Automotive Electronics|Data Modems|Hard Disk Drives,NA,1.63mm,0.82mm,3.2mm,2A,Ceramic,e2,0.4326J,Low,32V,32V,0.158(Nom)W,Surface Mount,SURFACE MOUNT,2,50A
A747,"Indicator Chip Fast Movement 3A 32V SMD Solder Pad 1206 Ceramic T/R CSA/UL Electric Indicator, 3A, 32VAC, 32VDC, 50A (IR), Surface Mount, 1206",Fast,RATED BREAKING CAPACITY AT 32 VDC: 50 A,Automotive Electronics|Data Modems|Hard Disk Drives,NA,1.63mm,0.82mm,3.2mm,3A,Ceramic,e3,1.232J,Low,32V,32V,0.223(Nom)W,Surface Mount,SURFACE MOUNT,2,50A
A748,"Indicator Chip Fast Movement 4A 32V SMD Solder Pad 1206 Ceramic T/R CSA/UL Electric Indicator, 4A, 32VAC, 32VDC, 50A (IR), Surface Mount, 1206",Fast,RATED BREAKING CAPACITY AT 32 VDC: 50 A,Automotive Electronics|Data Modems|Hard Disk Drives,NA,1.63mm,0.82mm,3.2mm,4A,Ceramic,e3,2.601J,Low,32V,32V,0.284(Nom)W,Surface Mount,SURFACE MOUNT,2,50A
A749,"Indicator Chip Fast Movement 5A 32V SMD Solder Pad 1206 Ceramic T/R CSA/UL Electric Indicator, 5A, 32VAC, 32VDC, 50A (IR), Surface Mount, 1206",Fast,RATED BREAKING CAPACITY AT 32 VDC: 50 A,Automotive Electronics|Data Modems|Hard Disk Drives,NA,1.63mm,0.82mm,3.2mm,5A,Ceramic,e2,4.761J,Low,32V,32V,0.327(Nom)W,Surface Mount,SURFACE MOUNT,2,50A
A750,"Indicator Chip Fast Movement 7A 32V SMD Solder Pad 1206 Ceramic T/R CSA/UL Electric Indicator, 7A, 32VAC, 32VDC, 50A (IR), Surface Mount, 1206",Fast,RATED BREAKING CAPACITY AT 32 VDC: 50 A,Automotive Electronics|Data Modems|Hard Disk Drives,NA,1.63mm,0.82mm,3.2mm,7A,Ceramic,e3,8.464J,Low,32V,32V,0.487(Nom)W,Surface Mount,SURFACE MOUNT,2,50A
A751,"Indicator Chip Fast Movement 8A 32V SMD Solder Pad 1206 Ceramic T/R CSA/UL Electric Indicator, 8A, 32VAC, 32VDC, 50A (IR), Surface Mount, 1206",Fast,RATED BREAKING CAPACITY AT 32 VDC: 50 A,Automotive Electronics|Data Modems|Hard Disk Drives,NA,1.63mm,0.82mm,3.2mm,8A,Ceramic,e3,12.95J,Low,32V,32V,0.524(Nom)W,Surface Mount,SURFACE MOUNT,2,50A
A752,"Indicator Chip Fast Movement 2.5A 32V SMD Solder Pad 1206 Ceramic T/R CSA/UL Electric Indicator, 2.5A, 32VAC, 32VDC, 50A (IR), Surface Mount, 1206",Fast,RATED BREAKING CAPACITY AT 32 VDC: 50 A,Automotive Electronics|Data Modems|Hard Disk Drives,NA,1.63mm,0.82mm,3.2mm,2.5A,Ceramic,e2,0.8191J,Low,32V,32V,0.187(Nom)W,Surface Mount,SURFACE MOUNT,2,50A
A753,"Indicator Chip Fast Movement 3.5A 32V SMD Solder Pad 1206 Ceramic T/R CSA/UL Electric Indicator, 3.5A, 32VAC, 32VDC, 50A (IR), Surface Mount, 1206",Fast,RATED BREAKING CAPACITY AT 32 VDC: 50 A,Automotive Electronics|Data Modems|Hard Disk Drives,NA,1.63mm,0.82mm,3.2mm,3.5A,Ceramic,e3,1.789J,Low,32V,32V,0.265(Nom)W,Surface Mount,SURFACE MOUNT,2,50A
A754,"Indicator Chip Fast Movement 1.25A 50V SMD Solder Pad 1206 Ceramic T/R CSA/UL Electric Indicator, 1.25A, 50VAC, 50VDC, 50A (IR), Surface Mount, 1206",Fast,RATED BREAKING CAPACITY AT 50 VDC: 50 A,Automotive Electronics|Data Modems|Hard Disk Drives,NA,1.63mm,0.82mm,3.2mm,1.25A,Ceramic,e3,0.402J,Low,50V,50V,0.405(Nom)W,Surface Mount,SURFACE MOUNT,2,50A
A755,"Indicator Chip Fast Movement 1.75A 32V SMD Solder Pad 1206 Ceramic T/R CSA/UL Electric Indicator, Fast Blow, 1.75A, 32VAC, 32VDC, 50A (IR), Surface Mount, 1206",Fast,RATED BREAKING CAPACITY AT 32 VDC: 50 A,Automotive Electronics|Data Modems|Hard Disk Drives,FAST,1.63mm,0.82mm,3.2mm,1.75A,Ceramic,e2,0.3312J,Low,32V,32V,0.136(Nom)W,Surface Mount,SURFACE MOUNT,2,50A
A756,"Indicator Chip Fast Movement 0.25A 125V SMD Solder Pad 1206 Ceramic T/R CSA/UL Electric Indicator, 0.25A, 125VAC, 125VDC, 50A (IR), Surface Mount, 1206",Fast,RATED BREAKING CAPACITY AT 125 VDC: 50 A,Automotive Electronics|Data Modems|Hard Disk Drives,NA,1.63mm,0.82mm,3.2mm,0.25A,Ceramic,e3,0.00649J,Low,125V,125V,0.132(Nom)W,Surface Mount,SURFACE MOUNT,2,50A
A757,"Indicator Chip Fast Movement 0.5A 63V SMD Solder Pad 1206 Ceramic T/R CSA/UL Electric Indicator, 0.5A, 63VAC, 63VDC, 50A (IR), Surface Mount, 1206",Fast,RATED BREAKING CAPACITY AT 63 VDC: 50 A,Automotive Electronics|Data Modems|Hard Disk Drives,NA,1.63mm,0.82mm,3.2mm,0.5A,Ceramic,e3,0.02642J,Low,63V,63V,0.242(Nom)W,Surface Mount,SURFACE MOUNT,2,50A
A758,"Indicator 63V High I2T 1206 .750A Electric Indicator, 0.75A, 63VAC, 63VDC, 50A (IR), Surface Mount, 1206",NA,RATED BREAKING CAPACITY AT 63 VDC: 50 A,Motor Circuit,NA,1.63mm,0.82mm,3.2mm,750A,NA,e3,0.09312J,Low,63VAC,63VDC,NA,NA,SURFACE MOUNT,2,50A
A759,"Indicator Chip Fast Movement 0.75A 63V SMD Solder Pad 1206 Ceramic Automotive Electric Indicator, 0.75A, 63VAC, 63VDC, 50A (IR), Surface Mount",Fast,PRE ARCING TIME: OPEN WITHIN 5 SEC AT 350% RATED CURRENT,Automotive Navigation System|Battery Management System|Cluster|LED Head Light,NA,1.63mm,0.835mm,3.2mm,0.75A,Ceramic,NA,0.09312J,Low,63VAC,35V,0.299W,Surface Mount,SURFACE MOUNT,2,50A
A760,"Indicator Chip 2A 32V SMD Solder Pad 0603 Ceramic T/R CSA/UL Electric Indicator, 2A, 32VDC, 50A (IR), Surface Mount, 0603",NA,RATED BREAKING CAPACITY AT 32 VDC: 50 A,Automotive Electronic|Battery Pack|Handheld Electronic|Hard Disk Drive,NA,0.85mm,0.5mm,1.54mm,2A,Ceramic,e3,0.3103J,Low,32V,32VDC,NA,Surface Mount,SURFACE MOUNT,2,50A
A761,"Indicator Chip 2A 32V SMD Solder Pad 0603 1.61 X 0.88 X 0.55mm Ceramic T/R Electric Indicator, 2A, 32VDC, 50A (IR), Surface Mount",NA,PRE ARCING TIME: OPEN WITHIN 5 SEC AT 350% RATED CURRENT,NA,NA,0.88mm,0.55mm,1.61mm,2A,Ceramic,NA,0.3103J,Low,32V,32VDC,NA,Surface Mount,SURFACE MOUNT,2,50A
A762,"Indicator Chip 3A 32V SMD Solder Pad 0603 Ceramic T/R CSA/UL Electric Indicator, 3A, 32VDC, 50A (IR), Surface Mount, 0603",NA,RATED BREAKING CAPACITY AT 32 VDC: 50 A,Automotive Electronic|Battery Pack|Handheld Electronic|Hard Disk Drive,NA,0.85mm,0.5mm,1.54mm,3A,Ceramic,e2,0.8165J,Low,32V,32VDC,NA,Surface Mount,SURFACE MOUNT,2,50A
A763,"Indicator Chip 3A 32V SMD Solder Pad 0603 1.61 X 0.88 X 0.55mm Ceramic T/R Electric Indicator, 3A, 32VDC, 50A (IR), Surface Mount",NA,PRE ARCING TIME: OPEN WITHIN 5 SEC AT 350% RATED CURRENT,Automotive Navigation System|Battery Management System|Cluster|LED Head Light,NA,0.88mm,0.55mm,1.61mm,3A,Ceramic,NA,0.8165J,Low,32V,32VDC,NA,Surface Mount,SURFACE MOUNT,2,50A
A764,"Indicator Chip 4A 32V SMD Solder Pad 0603 Ceramic T/R CSA/UL Electric Indicator, 4A, 32VDC, 50A (IR), Surface Mount, 0603",NA,RATED BREAKING CAPACITY AT 32 VDC: 50 A,Automotive Electronic|Battery Pack|Handheld Electronic|Hard Disk Drive,NA,0.85mm,0.5mm,1.54mm,4A,Ceramic,e2,1.2659J,Low,32V,32VDC,NA,Surface Mount,SURFACE MOUNT,2,50A
A765,"Indicator Chip 4A 32V SMD Solder Pad 0603 1.61 X 0.88 X 0.55mm Ceramic T/R Electric Indicator, 4A, 32VDC, 50A (IR), Surface Mount",NA,PRE ARCING TIME: OPEN WITHIN 5 SEC AT 350% RATED CURRENT,Automotive Navigation System|Battery Management System|Cluster|LED Head Light,NA,0.88mm,0.55mm,1.61mm,4A,Ceramic,NA,1.2659J,Low,32V,32VDC,NA,Surface Mount,SURFACE MOUNT,2,50A
A766,"Indicator Chip 5A 32V SMD Solder Pad 0603 Ceramic T/R CSA/UL Electric Indicator, 5A, 32VDC, 50A (IR), Surface Mount, 0603",NA,RATED BREAKING CAPACITY AT 32 VDC: 50 A,Automotive Electronic|Battery Pack|Handheld Electronic|Hard Disk Drive,NA,0.85mm,0.5mm,1.54mm,5A,Ceramic,e3,1.6287J,Low,32V,32VDC,NA,Surface Mount,SURFACE MOUNT,2,50A
A767,"Indicator Chip 5A 32V SMD Solder Pad 0603 1.61 X 0.88 X 0.55mm Ceramic T/R Electric Indicator, 5A, 32VDC, 50A (IR), Surface Mount",NA,PRE ARCING TIME: OPEN WITHIN 5 SEC AT 350% RATED CURRENT,Automotive Navigation System|Battery Management System|Cluster|LED Head Light,NA,0.88mm,0.55mm,1.61mm,5A,Ceramic,NA,1.6287J,Low,32V,32VDC,NA,Surface Mount,SURFACE MOUNT,2,50A
A768,"Indicator Chip 6A 32V SMD Solder Pad 0603 Ceramic T/R CSA/UL Electric Indicator, 6A, 32VDC, 50A (IR), Surface Mount, 0603",NA,RATED BREAKING CAPACITY AT 32 VDC: 50 A,Automotive Electronic|Battery Pack|Handheld Electronic|Hard Disk Drive,NA,0.85mm,0.5mm,1.54mm,6A,Ceramic,e2,2.6049J,Low,32V,32VDC,NA,Surface Mount,SURFACE MOUNT,2,50A
A769,"Indicator Chip 6A 32V SMD Solder Pad 0603 1.61 X 0.88 X 0.55mm Ceramic T/R Electric Indicator, 6A, 32VDC, 50A (IR), Surface Mount",NA,PRE ARCING TIME: OPEN WITHIN 5 SEC AT 350% RATED CURRENT,NA,NA,0.88mm,0.55mm,1.61mm,6A,Ceramic,NA,2.6049J,Low,32V,32VDC,NA,Surface Mount,SURFACE MOUNT,2,50A
A770,"Indicator Chip 2.5A 32V SMD Solder Pad 0603 Ceramic T/R CSA/UL Electric Indicator, 2.5A, 32VDC, 50A (IR), Surface Mount, 0603",NA,RATED BREAKING CAPACITY AT 32 VDC: 50 A,Automotive Electronic|Battery Pack|Handheld Electronic|Hard Disk Drive,NA,0.85mm,0.5mm,1.54mm,2.5A,Ceramic,e2,0.552J,Low,32V,32VDC,NA,Surface Mount,SURFACE MOUNT,2,50A
A771,"Indicator Chip 2.5A 32V SMD Solder Pad 0603 1.61 X 0.88 X 0.55mm Ceramic T/R Electric Indicator, 2.5A, 32VDC, 50A (IR), Surface Mount",NA,PRE ARCING TIME: OPEN WITHIN 5 SEC AT 350% RATED CURRENT,NA,NA,0.88mm,0.55mm,1.61mm,2.5A,Ceramic,e3,0.552J,Low,32V,32VDC,NA,Surface Mount,SURFACE MOUNT,2,50A
A772,"Indicator Chip 3.5A 32V SMD Solder Pad 0603 Ceramic T/R CSA/UL Electric Indicator, 3.5A, 32VDC, 50A (IR), Surface Mount, 0603",NA,RATED BREAKING CAPACITY AT 32 VDC: 50 A,Automotive Electronic|Battery Pack|Handheld Electronic|Hard Disk Drive,NA,0.85mm,0.5mm,1.54mm,3.5A,Ceramic,e3,0.9438J,Low,32V,32VDC,NA,Surface Mount,SURFACE MOUNT,2,50A
A773,"Indicator Chip 3.5A 32V SMD Solder Pad 0603 1.61 X 0.88 X 0.55mm Ceramic T/R Electric Indicator, 3.5A, 32VDC, 50A (IR), Surface Mount",NA,PRE ARCING TIME: OPEN WITHIN 5 SEC AT 350% RATED CURRENT,Automotive Navigation System|Battery Management System|Cluster|LED Head Light,NA,0.88mm,0.55mm,1.61mm,3.5A,Ceramic,NA,0.9438J,Low,32V,32VDC,NA,Surface Mount,SURFACE MOUNT,2,50A
A774,"Indicator Chip Slow Blow Movement 3A 250V SMD Solder Pad 10.1 X 3.12mm Ceramic T/R cULus Electric Indicator, Time Lag Blow, 3A, 250VAC, 50A (IR), Surface Mount, NANO",Slow Blow,RATED BREAKING CAPACITY AT 250 VAC: 50 A,AC/DC Power Supply|High Voltage DC/DC Converter|Lighting System,TIME LAG,3.12mm,3.12mm,10.1mm,3A,Ceramic,e4,51.44J,Low,250V,NA,NA,Surface Mount,SURFACE MOUNT,2,50A
A775,"RATED BREAKING CAPACITY AT 125 VDC: 50 A, VERY FAST, 2.69mm, 2.69mm, 6.1mm, NANO, e4, 0.441J, Low, SURFACE MOUNT, 125Cel, -55Cel, 6.1mm  x  2.69mm  x  2.69mm, 50A, 1A, 125V, 125V, 125V",NA,RATED BREAKING CAPACITY AT 125 VDC: 50 A,NA,VERY FAST,2.69mm,2.69mm,6.1mm,50A,NA,e4,0.441J,Low,NA,125VDC,NA,NA,SURFACE MOUNT,2,50A
A776,"Indicator Chip Very Fast Movement 1A 125V SMD Solder Pad 2410 Ceramic T/R CSA/PSE/UL Electric Indicator, Fast Blow, 1A, 125VAC, 125VDC, 50A (IR), Surface Mount, NANO",Very Fast,RATED BREAKING CAPACITY AT 125 VDC: 50 A,Automotive|Battery Charging Circuit|Cooling Fan System|Game Console|LCD Backlight Inverter,FAST,2.69mm,2.69mm,6.1mm,1A,Ceramic,e4,0.441J,Low,125V,125V,NA,Surface Mount,SURFACE MOUNT,2,50A
A777,"RATED BREAKING CAPACITY AT 125 VDC: 50 A, VERY FAST, 2.69mm, 2.69mm, 6.1mm, e4, 0.812J, Low, SURFACE MOUNT, 125Cel, -55Cel, 6.1mm  x  2.69mm  x  2.69mm, 50A, 2A, 125V, 125V",NA,RATED BREAKING CAPACITY AT 125 VDC: 50 A,NA,VERY FAST,2.69mm,2.69mm,6.1mm,50A,NA,e4,0.812J,Low,NA,125VDC,NA,NA,SURFACE MOUNT,2,50A
A778,"Indicator Chip Very Fast Movement 2A 125V SMD Solder Pad 2410 Ceramic T/R CSA/PSE/UL Electric Indicator, Fast Blow, 2A, 125VAC, 125VDC, 50A (IR), Surface Mount, NANO",Very Fast,RATED BREAKING CAPACITY AT 125 VDC: 50 A,Automotive|Battery Charging Circuit|Cooling Fan System|Game Console|LCD Backlight Inverter,FAST,2.69mm,2.69mm,6.1mm,2A,Ceramic,e4,0.812J,Low,125V,125V,NA,Surface Mount,SURFACE MOUNT,2,50A
A779,"RATED BREAKING CAPACITY AT 125 VDC: 50 A, VERY FAST, 2.69mm, 2.69mm, 6.1mm, e4, 1.72J, Low, SURFACE MOUNT, 125Cel, -55Cel, 6.1mm  x  2.69mm  x  2.69mm, 50A, 3A, 125V, 125V",NA,RATED BREAKING CAPACITY AT 125 VDC: 50 A,NA,VERY FAST,2.69mm,2.69mm,6.1mm,50A,NA,e4,1.72J,Low,NA,125VDC,NA,NA,SURFACE MOUNT,2,50A
A780,"Indicator Chip Very Fast Movement 3A 125V SMD Solder Pad 2410 Ceramic T/R CSA/PSE/UL Electric Indicator, Fast Blow, 3A, 125VAC, 125VDC, 50A (IR), Surface Mount, NANO",Very Fast,RATED BREAKING CAPACITY AT 125 VDC: 50 A,Automotive|Battery Charging Circuit|Cooling Fan System|Game Console|LCD Backlight Inverter,FAST,2.69mm,2.69mm,6.1mm,3A,Ceramic,e4,1.72J,Low,125V,125V,NA,Surface Mount,SURFACE MOUNT,2,50A
A781,"RATED BREAKING CAPACITY AT 125 VDC: 50 A, VERY FAST, 2.69mm, 2.69mm, 6.1mm, e4, 3.97J, Low, SURFACE MOUNT, 125Cel, -55Cel, 6.1mm  x  2.69mm  x  2.69mm, 50A, 4A, 125V, 125V",NA,RATED BREAKING CAPACITY AT 125 VDC: 50 A,NA,VERY FAST,2.69mm,2.69mm,6.1mm,50A,NA,e4,3.97J,Low,NA,125VDC,NA,NA,SURFACE MOUNT,2,50A
A782,"Indicator Chip Very Fast Movement 4A 125V SMD Solder Pad 2410 Ceramic T/R CSA/PSE/UL Electric Indicator, Fast Blow, 4A, 125VAC, 125VDC, 50A (IR), Surface Mount, NANO",Very Fast,RATED BREAKING CAPACITY AT 125 VDC: 50 A,Automotive|Battery Charging Circuit|Cooling Fan System|Game Console|LCD Backlight Inverter,FAST,2.69mm,2.69mm,6.1mm,4A,Ceramic,e4,3.97J,Low,125V,125V,NA,Surface Mount,SURFACE MOUNT,2,50A
A783,"RATED BREAKING CAPACITY AT 125 VDC: 50 A, VERY FAST, 2.69mm, 2.69mm, 6.1mm, 4.49J, Low, SURFACE MOUNT, 125Cel, -55Cel, 6.1mm  x  2.69mm  x  2.69mm, 50A, 5A, 125V, 125V",NA,RATED BREAKING CAPACITY AT 125 VDC: 50 A,NA,VERY FAST,2.69mm,2.69mm,6.1mm,50A,NA,NA,4.49J,Low,NA,125VDC,NA,NA,SURFACE MOUNT,2,50A
A784,"Indicator Chip Very Fast Movement 5A 125V SMD Solder Pad 2410 Ceramic T/R CSA/PSE/UL Electric Indicator, Fast Blow, 5A, 125VAC, 125VDC, 50A (IR), Surface Mount, NANO",Very Fast,RATED BREAKING CAPACITY AT 125 VDC: 50 A,Automotive|Battery Charging Circuit|Cooling Fan System|Game Console|LCD Backlight Inverter,FAST,2.69mm,2.69mm,6.1mm,5A,Ceramic,e4,4.49J,Low,125V,125V,NA,Surface Mount,SURFACE MOUNT,2,50A
A785,"RATED BREAKING CAPACITY AT 125 VDC: 50 A, VERY FAST, 2.69mm, 2.69mm, 6.1mm, e4, 13.92J, Low, SURFACE MOUNT, 125Cel, -55Cel, 6.1mm  x  2.69mm  x  2.69mm, 50A, 7A, 125V, 125V",NA,RATED BREAKING CAPACITY AT 125 VDC: 50 A,NA,VERY FAST,2.69mm,2.69mm,6.1mm,50A,NA,e4,13.92J,Low,NA,125VDC,NA,NA,SURFACE MOUNT,2,50A
A786,"Indicator Chip Very Fast Movement 7A 125V SMD Solder Pad 2410 Ceramic T/R CSA/PSE/UL Electric Indicator, Fast Blow, 7A, 125VAC, 125VDC, 50A (IR), Surface Mount, NANO",Very Fast,RATED BREAKING CAPACITY AT 125 VDC: 50 A,Automotive|Battery Charging Circuit|Cooling Fan System|Game Console|LCD Backlight Inverter,FAST,2.69mm,2.69mm,6.1mm,7A,Ceramic,e4,13.92J,Low,125V,125V,NA,Surface Mount,SURFACE MOUNT,2,50A
A787,"RATED BREAKING CAPACITY AT 125 VDC: 50 A, VERY FAST, 2.69mm, 2.69mm, 6.1mm, 18.33J, Low, SURFACE MOUNT, 125Cel, -55Cel, 6.1mm  x  2.69mm  x  2.69mm, 50A, 8A, 125V, 125V",NA,RATED BREAKING CAPACITY AT 125 VDC: 50 A,NA,VERY FAST,2.69mm,2.69mm,6.1mm,50A,NA,NA,18.33J,Low,NA,125VDC,NA,NA,SURFACE MOUNT,2,50A
A788,"Indicator Chip Very Fast Movement 8A 125V SMD Solder Pad 2410 Ceramic T/R CSA/PSE/UL Electric Indicator, Fast Blow, 8A, 125VAC, 125VDC, 50A (IR), Surface Mount, NANO",Very Fast,RATED BREAKING CAPACITY AT 125 VDC: 50 A,Automotive|Battery Charging Circuit|Cooling Fan System|Game Console|LCD Backlight Inverter,FAST,2.69mm,2.69mm,6.1mm,8A,Ceramic,e4,18.33J,Low,125V,125V,NA,Surface Mount,SURFACE MOUNT,2,50A
A789,"RATED BREAKING CAPACITY AT 125 VDC: 50 A, VERY FAST, 2.69mm, 2.69mm, 6.1mm, 28J, Low, SURFACE MOUNT, 125Cel, -55Cel, 6.1mm  x  2.69mm  x  2.69mm, 35A, 10A, 125V, 125V",NA,RATED BREAKING CAPACITY AT 125 VDC: 50 A,NA,VERY FAST,2.69mm,2.69mm,6.1mm,50A,NA,NA,28J,Low,NA,125VDC,NA,NA,SURFACE MOUNT,2,35A
A790,"Indicator Chip Very Fast Movement 10A 125V SMD Solder Pad 2410 Ceramic T/R CSA/PSE/UL Electric Indicator, Fast Blow, 10A, 125VAC, 125VDC, 35A (IR), Surface Mount, NANO",Very Fast,RATED BREAKING CAPACITY AT 125 VDC: 50 A,Automotive|Battery Charging Circuit|Cooling Fan System|Game Console|LCD Backlight Inverter,FAST,2.69mm,2.69mm,6.1mm,10A,Ceramic,e4,28J,Low,125V,125V,NA,Surface Mount,SURFACE MOUNT,2,35A
A791,"RATED BREAKING CAPACITY AT 65 VDC: 50 A, VERY FAST, 2.69mm, 2.69mm, 6.1mm, e4, 47.59J, Low, SURFACE MOUNT, 125Cel, -55Cel, 6.1mm  x  2.69mm  x  2.69mm, 50A, 12A, 65V, 65V",NA,RATED BREAKING CAPACITY AT 65 VDC: 50 A,NA,VERY FAST,2.69mm,2.69mm,6.1mm,50A,NA,e4,47.59J,Low,NA,65VDC,NA,NA,SURFACE MOUNT,2,50A
A792,"Indicator Chip Very Fast Movement 12A 65V SMD Solder Pad 2410 Ceramic T/R CSA/UL Electric Indicator, Fast Blow, 12A, 65VAC, 65VDC, 50A (IR), Surface Mount, NANO",Very Fast,RATED BREAKING CAPACITY AT 65 VDC: 50 A,Automotive|Battery Charging Circuit|Cooling Fan System|Game Console|LCD Backlight Inverter,FAST,2.69mm,2.69mm,6.1mm,12A,Ceramic,e4,47.59J,Low,65V,65V,NA,Surface Mount,SURFACE MOUNT,2,50A
A793,"RATED BREAKING CAPACITY AT 65 VDC: 50 A, VERY FAST, 2.69mm, 2.69mm, 6.1mm, NANO, e4, 96.1J, Low, SURFACE MOUNT, 125Cel, -55Cel, 6.1mm  x  2.69mm  x  2.69mm, 50A, 15A, 65V, 65V, 65V",NA,RATED BREAKING CAPACITY AT 65 VDC: 50 A,NA,VERY FAST,2.69mm,2.69mm,6.1mm,50A,NA,e4,96.1J,Low,NA,65VDC,NA,NA,SURFACE MOUNT,2,50A
A794,"Indicator Chip Very Fast Movement 1.5A 125V SMD Solder Pad 2410 Ceramic T/R CSA/PSE/UL Electric Indicator, Fast Blow, 1.5A, 125VAC, 125VDC, 50A (IR), Surface Mount, NANO",Very Fast,RATED BREAKING CAPACITY AT 65 VDC: 50 A,Automotive|Battery Charging Circuit|Cooling Fan System|Game Console|LCD Backlight Inverter,FAST,2.69mm,2.69mm,6.1mm,15A,Ceramic,e4,96.1J,Low,65V,65V,NA,Surface Mount,SURFACE MOUNT,2,50A
A795,"RATED BREAKING CAPACITY AT 125 VDC: 50 A, VERY FAST, 2.69mm, 2.69mm, 6.1mm, e4, 1.122J, Low, SURFACE MOUNT, 125Cel, -55Cel, 6.1mm  x  2.69mm  x  2.69mm, 50A, 1.6A, 125V, 125V",NA,RATED BREAKING CAPACITY AT 125 VDC: 50 A,NA,VERY FAST,2.69mm,2.69mm,6.1mm,50A,NA,e4,1.122J,Low,NA,125VDC,NA,NA,SURFACE MOUNT,2,50A
A796,"Indicator Chip Very Fast Movement 1.6A 125V SMD Solder Pad 2410 Ceramic T/R CSA/PSE/UL Electric Indicator, Fast Blow, 1.6A, 125VAC, 125VDC, 50A (IR), Surface Mount, NANO",Very Fast,RATED BREAKING CAPACITY AT 125 VDC: 50 A,Automotive|Battery Charging Circuit|Cooling Fan System|Game Console|LCD Backlight Inverter,FAST,2.69mm,2.69mm,6.1mm,1.6A,Ceramic,e4,1.122J,Low,125V,125V,NA,Surface Mount,SURFACE MOUNT,2,50A
A797,"RATED BREAKING CAPACITY AT 125 VDC: 50 A, VERY FAST, 2.69mm, 2.69mm, 6.1mm, e4, 1.156J, Low, SURFACE MOUNT, 125Cel, -55Cel, 6.1mm  x  2.69mm  x  2.69mm, 50A, 2.5A, 125V, 125V",NA,RATED BREAKING CAPACITY AT 125 VDC: 50 A,NA,VERY FAST,2.69mm,2.69mm,6.1mm,50A,NA,e4,1.156J,Low,NA,125VDC,NA,NA,SURFACE MOUNT,2,50A
A798,"Indicator Chip Very Fast Movement 2.5A 125V SMD Solder Pad 2410 Ceramic T/R CSA/PSE/UL Electric Indicator, Fast Blow, 2.5A, 125VAC, 125VDC, 50A (IR), Surface Mount, NANO",Very Fast,RATED BREAKING CAPACITY AT 125 VDC: 50 A,Automotive|Battery Charging Circuit|Cooling Fan System|Game Console|LCD Backlight Inverter,FAST,2.69mm,2.69mm,6.1mm,2.5A,Ceramic,e4,1.156J,Low,125V,125V,NA,Surface Mount,SURFACE MOUNT,2,50A
A799,"RATED BREAKING CAPACITY AT 125 VDC: 50 A, VERY FAST, 2.69mm, 2.69mm, 6.1mm, e4, 2.3J, Low, SURFACE MOUNT, 125Cel, -55Cel, 6.1mm  x  2.69mm  x  2.69mm, 50A, 3.5A, 125V, 125V",NA,RATED BREAKING CAPACITY AT 125 VDC: 50 A,NA,VERY FAST,2.69mm,2.69mm,6.1mm,50A,NA,e4,2.3J,Low,NA,125VDC,NA,NA,SURFACE MOUNT,2,50A
A800,"Indicator Chip Very Fast Movement 3.5A 125V SMD Solder Pad 2410 Ceramic T/R CSA/PSE/UL Electric Indicator, Fast Blow, 3.5A, 125VAC, 125VDC, 50A (IR), Surface Mount, NANO",Very Fast,RATED BREAKING CAPACITY AT 125 VDC: 50 A,Automotive|Battery Charging Circuit|Cooling Fan System|Game Console|LCD Backlight Inverter,FAST,2.69mm,2.69mm,6.1mm,3.5A,Ceramic,e4,2.3J,Low,125V,125V,NA,Surface Mount,SURFACE MOUNT,2,50A
A801,"RATED BREAKING CAPACITY AT 125 VDC: 50 A, VERY FAST, 2.69mm, 2.69mm, 6.1mm, e4, 0.00023J, Low, SURFACE MOUNT, 125Cel, -55Cel, 6.1mm  x  2.69mm  x  2.69mm, 50A, 0.062A, 125V, 125V",NA,RATED BREAKING CAPACITY AT 125 VDC: 50 A,NA,VERY FAST,2.69mm,2.69mm,6.1mm,50A,NA,e4,0.00023J,Low,NA,125VDC,NA,NA,SURFACE MOUNT,2,50A
A802,"Indicator Chip Very Fast Movement 0.062A 125V SMD Solder Pad 2410 Ceramic T/R CSA/UL Electric Indicator, Fast Blow, 0.062A, 125VAC, 125VDC, 50A (IR), Surface Mount, NANO",Very Fast,RATED BREAKING CAPACITY AT 125 VDC: 50 A,Automotive|Battery Charging Circuit|Cooling Fan System|Game Console|LCD Backlight Inverter,FAST,2.69mm,2.69mm,6.1mm,0.062A,Ceramic,e4,0.00023J,Low,125V,125V,NA,Surface Mount,SURFACE MOUNT,2,50A
A803,"RATED BREAKING CAPACITY AT 125 VDC: 50 A, VERY FAST, 2.69mm, 2.69mm, 6.1mm, 12.1J, Low, SURFACE MOUNT, 125Cel, -55Cel, 6.1mm  x  2.69mm  x  2.69mm, 50A, 6.3A, 125V, 125V",NA,RATED BREAKING CAPACITY AT 125 VDC: 50 A,NA,VERY FAST,2.69mm,2.69mm,6.1mm,50A,NA,NA,12.1J,Low,NA,125VDC,NA,NA,SURFACE MOUNT,2,50A
A804,"Indicator Chip Very Fast Movement 6.3A 125V SMD Solder Pad 2410 Ceramic T/R CSA/PSE/UL Electric Indicator, Fast Blow, 6.3A, 125VAC, 125VDC, 50A (IR), Surface Mount, NANO",Very Fast,RATED BREAKING CAPACITY AT 125 VDC: 50 A,Automotive|Battery Charging Circuit|Cooling Fan System|Game Console|LCD Backlight Inverter,FAST,2.69mm,2.69mm,6.1mm,6.3A,Ceramic,e4,12.1J,Low,125V,125V,NA,Surface Mount,SURFACE MOUNT,2,50A
A805,"Indicator Chip Very Fast Movement 0.08A 125V SMD Solder Pad 2410 Ceramic T/R CSA/UL Electric Indicator, Fast Blow, 0.08A, 125VAC, 125VDC, 50A (IR), Surface Mount, NANO",Very Fast,RATED BREAKING CAPACITY AT 125 VDC: 50 A,Automotive|Battery Charging Circuit|Cooling Fan System|Game Console|LCD Backlight Inverter,FAST,2.69mm,2.69mm,6.1mm,0.08A,Ceramic,e4,0.00043J,Low,125V,125V,NA,Surface Mount,SURFACE MOUNT,2,50A
A806,"Indicator Chip Very Fast Movement 0.1A 125V SMD Solder Pad 2410 Ceramic T/R CSA/UL Electric Indicator, Fast Blow, 0.1A, 125VAC, 125VDC, 50A (IR), Surface Mount, NANO",Very Fast,RATED BREAKING CAPACITY AT 125 VDC: 50 A,Automotive|Battery Charging Circuit|Cooling Fan System|Game Console|LCD Backlight Inverter,FAST,2.69mm,2.69mm,6.1mm,0.1A,Ceramic,e4,0.00082J,Low,125V,125V,NA,Surface Mount,SURFACE MOUNT,2,50A
A807,"RATED BREAKING CAPACITY AT 125 VDC: 50 A, VERY FAST, 2.69mm, 2.69mm, 6.1mm, e4, 0.9J, Low, SURFACE MOUNT, 125Cel, -55Cel, 6.1mm  x  2.69mm  x  2.69mm, 50A, 1.25A, 125V, 125V",NA,RATED BREAKING CAPACITY AT 125 VDC: 50 A,NA,VERY FAST,2.69mm,2.69mm,6.1mm,50A,NA,e4,0.9J,Low,NA,125VDC,NA,NA,SURFACE MOUNT,2,50A
A808,"Indicator Chip Very Fast Movement 1.25A 125V SMD Solder Pad 2410 Ceramic T/R CSA/PSE/UL Electric Indicator, Fast Blow, 0.125A, 125VAC, 125VDC, 50A (IR), Surface Mount, NANO",Very Fast,RATED BREAKING CAPACITY AT 125 VDC: 50 A,Automotive|Battery Charging Circuit|Cooling Fan System|Game Console|LCD Backlight Inverter,FAST,2.69mm,2.69mm,6.1mm,0.125A,Ceramic,e4,0.9J,Low,125V,125V,NA,Surface Mount,SURFACE MOUNT,2,50A
A809,"Indicator Chip Very Fast Movement 0.16A 125V SMD Solder Pad 2410 Ceramic T/R CSA/UL Electric Indicator, Fast Blow, 0.16A, 125VAC, 125VDC, 50A (IR), Surface Mount, NANO",Very Fast,RATED BREAKING CAPACITY AT 125 VDC: 50 A,Automotive|Battery Charging Circuit|Cooling Fan System|Game Console|LCD Backlight Inverter,FAST,2.69mm,2.69mm,6.1mm,0.16A,Ceramic,e4,0.0028J,Low,125V,125V,NA,Surface Mount,SURFACE MOUNT,2,50A
A810,"Indicator Chip Very Fast Movement 0.2A 125V SMD Solder Pad 2410 Ceramic T/R CSA/UL Electric Indicator, Fast Blow, 0.2A, 125VAC, 125VDC, 50A (IR), Surface Mount, NANO",Very Fast,RATED BREAKING CAPACITY AT 125 VDC: 50 A,Automotive|Battery Charging Circuit|Cooling Fan System|Game Console|LCD Backlight Inverter,FAST,2.69mm,2.69mm,6.1mm,0.2A,Ceramic,e4,0.0038J,Low,125V,125V,NA,Surface Mount,SURFACE MOUNT,2,50A
A811,"Indicator Chip Very Fast Movement 0.25A 125V SMD Solder Pad 2410 Ceramic T/R CSA/UL Electric Indicator, Fast Blow, 0.25A, 125VAC, 125VDC, 50A (IR), Surface Mount, NANO",Very Fast,RATED BREAKING CAPACITY AT 125 VDC: 50 A,Automotive|Battery Charging Circuit|Cooling Fan System|Game Console|LCD Backlight Inverter,FAST,2.69mm,2.69mm,6.1mm,0.25A,Ceramic,e4,0.0152J,Low,125V,125V,NA,Surface Mount,SURFACE MOUNT,2,50A
A812,"RATED BREAKING CAPACITY AT 125 VDC: 50 A, VERY FAST, 2.69mm, 2.69mm, 6.1mm, e4, 1.81J, Low, SURFACE MOUNT, 125Cel, -55Cel, 6.1mm  x  2.69mm  x  2.69mm, 50A, 3.15A, 125V, 125V",NA,RATED BREAKING CAPACITY AT 125 VDC: 50 A,NA,VERY FAST,2.69mm,2.69mm,6.1mm,50A,NA,e4,1.81J,Low,NA,125VDC,NA,NA,SURFACE MOUNT,2,50A
A813,"Indicator Chip Very Fast Movement 3.15A 125V SMD Solder Pad 2410 Ceramic T/R CSA/PSE/UL Electric Indicator, Fast Blow, 0.315A, 125VAC, 125VDC, 50A (IR), Surface Mount, NANO",Very Fast,RATED BREAKING CAPACITY AT 125 VDC: 50 A,Automotive|Battery Charging Circuit|Cooling Fan System|Game Console|LCD Backlight Inverter,FAST,2.69mm,2.69mm,6.1mm,0.315A,Ceramic,e4,1.81J,Low,125V,125V,NA,Surface Mount,SURFACE MOUNT,2,50A
A814,"RATED BREAKING CAPACITY AT 125 VDC: 50 A, VERY FAST, 2.69mm, 2.69mm, 6.1mm, e4, 0.024J, Low, SURFACE MOUNT, 125Cel, -55Cel, 6.1mm  x  2.69mm  x  2.69mm, 50A, 0.375A, 125V, 125V",NA,RATED BREAKING CAPACITY AT 125 VDC: 50 A,NA,VERY FAST,2.69mm,2.69mm,6.1mm,50A,NA,e4,0.024J,Low,NA,125VDC,NA,NA,SURFACE MOUNT,2,50A
A815,"Indicator Chip Very Fast Movement 0.375A 125V SMD Solder Pad 2410 Ceramic T/R CSA/UL Electric Indicator, Fast Blow, 0.375A, 125VAC, 125VDC, 50A (IR), Surface Mount, NANO",Very Fast,RATED BREAKING CAPACITY AT 125 VDC: 50 A,Automotive|Battery Charging Circuit|Cooling Fan System|Game Console|LCD Backlight Inverter,FAST,2.69mm,2.69mm,6.1mm,0.375A,Ceramic,e4,0.024J,Low,125V,125V,NA,Surface Mount,SURFACE MOUNT,2,50A
A816,"Indicator Chip Very Fast Movement 0.4A 125V SMD Solder Pad 2410 Ceramic T/R CSA/UL Electric Indicator, Fast Blow, 0.4A, 125VAC, 125VDC, 50A (IR), Surface Mount, NANO",Very Fast,RATED BREAKING CAPACITY AT 125 VDC: 50 A,Automotive|Battery Charging Circuit|Cooling Fan System|Game Console|LCD Backlight Inverter,FAST,2.69mm,2.69mm,6.1mm,0.4A,Ceramic,e4,0.0416J,Low,125V,125V,NA,Surface Mount,SURFACE MOUNT,2,50A
A817,"Indicator Chip Very Fast Movement 0.5A 125V SMD Solder Pad 2410 Ceramic T/R CSA/UL Electric Indicator, Fast Blow, 0.5A, 125VAC, 125VDC, 50A (IR), Surface Mount, NANO",Very Fast,RATED BREAKING CAPACITY AT 125 VDC: 50 A,Automotive|Battery Charging Circuit|Cooling Fan System|Game Console|LCD Backlight Inverter,FAST,2.69mm,2.69mm,6.1mm,0.5A,Ceramic,e4,0.1J,Low,125V,125V,NA,Surface Mount,SURFACE MOUNT,2,50A
A818,"Indicator Chip Very Fast Movement 0.63A 125V SMD Solder Pad 2410 Ceramic T/R CSA/UL Electric Indicator, Fast Blow, 0.63A, 125VAC, 125VDC, 50A (IR), Surface Mount, NANO",Very Fast,RATED BREAKING CAPACITY AT 125 VDC: 50 A,Automotive|Battery Charging Circuit|Cooling Fan System|Game Console|LCD Backlight Inverter,FAST,2.69mm,2.69mm,6.1mm,0.63A,Ceramic,e4,0.121J,Low,125V,125V,NA,Surface Mount,SURFACE MOUNT,2,50A
A819,"Indicator Chip Very Fast Movement 0.75A 125V SMD Solder Pad 2410 Ceramic T/R CSA/UL Electric Indicator, Fast Blow, 0.75A, 125VAC, 125VDC, 50A (IR), Surface Mount, NANO",Very Fast,RATED BREAKING CAPACITY AT 125 VDC: 50 A,Automotive|Battery Charging Circuit|Cooling Fan System|Game Console|LCD Backlight Inverter,FAST,2.69mm,2.69mm,6.1mm,0.75A,Ceramic,e4,0.206J,Low,125V,125V,NA,Surface Mount,SURFACE MOUNT,2,50A
A820,"Indicator Chip Very Fast Movement 0.8A 125V SMD Solder Pad 2410 Ceramic T/R CSA/UL Electric Indicator, Fast Blow, 0.8A, 125VAC, 125VDC, 50A (IR), Surface Mount, NANO",Very Fast,RATED BREAKING CAPACITY AT 125 VDC: 50 A,Automotive|Battery Charging Circuit|Cooling Fan System|Game Console|LCD Backlight Inverter,FAST,2.69mm,2.69mm,6.1mm,0.8A,Ceramic,e4,0.272J,Low,125V,125V,NA,Surface Mount,SURFACE MOUNT,2,50A
A821,"PRE ARCING TIME: OPEN WITHIN 14400 SEC AT 100% RATED CURRENT, VERY FAST, 2.69mm, 2.69mm, 6.1mm, e0, 0.603J, High, SURFACE MOUNT, 125Cel, -55Cel, 6.1mm  x  2.69mm  x  2.69mm, 50A, 1A, 125V, 125V",NA,PRE ARCING TIME: OPEN WITHIN 14400 SEC AT 100% RATED CURRENT,NA,VERY FAST,2.69mm,2.69mm,6.1mm,50A,NA,e0,0.603J,High,NA,NA,NA,NA,SURFACE MOUNT,2,50A
A822,"Very Fast, Automotive|Battery Charging Circuit|Cooling Fan System|Networking|Power Supply|Telecommunication System, 1A, Ceramic, 6.1 X 2.69mm, 125V, 125V, Surface Mount, 2.0, 6.1mm",Very Fast,NA,Automotive|Battery Charging Circuit|Cooling Fan System|Networking|Power Supply|Telecommunication System,NA,NA,6.1,2.69,1A,Ceramic,NA,NA,NA,125V,125V,NA,Surface Mount,NA,2,NA
A823,"Indicator Chip Very Fast Movement 1A 125V SMD Solder Pad 2410 Ceramic T/R CE/CSA/PSE/UL Electric Indicator, Very Fast Blow, 1A, 125VAC, 125VDC, 50A (IR), Surface Mount, NANO",Very Fast,RATED BREAKING CAPACITY AT 125 VDC: 50 A,Automotive|Battery Charging Circuit|Cooling Fan System|Networking|Power Supply|Telecommunication System,VERY FAST,2.69mm,2.69mm,6.1mm,1A,Ceramic,e0,0.459J,High,125V,125V,NA,Surface Mount,SURFACE MOUNT,2,50A
A824,"Indicator Chip Very Fast Movement 1A 125V SMD Solder Pad 2410 Ceramic T/R CE/CSA/PSE/UL Electric Indicator, Very Fast Blow, 1A, 125VAC, 125VDC, 50A (IR), Surface Mount, NANO",Very Fast,RATED BREAKING CAPACITY AT 125 VDC: 50 A,Automotive|Battery Charging Circuit|Cooling Fan System|Networking|Power Supply|Telecommunication System,VERY FAST,2.69mm,2.69mm,6.1mm,1A,Ceramic,e4,0.459J,Low,125V,125V,NA,Surface Mount,SURFACE MOUNT,2,50A
A825,"Indicator Chip Very Fast Movement 1A 125V SMD Solder Pad 2410 Ceramic T/R CE/CSA/PSE/UL Electric Indicator, Very Fast Blow, 1A, 125VAC, 125VDC, 50A (IR), Surface Mount, NANO",Very Fast,RATED BREAKING CAPACITY AT 125 VDC: 50 A,Automotive|Battery Charging Circuit|Cooling Fan System|Networking|Power Supply|Telecommunication System,VERY FAST,2.69mm,2.69mm,6.1mm,1A,Ceramic,e0,0.459J,High,125V,125V,NA,Surface Mount,SURFACE MOUNT,2,50A
A826,"Indicator Chip Very Fast Movement 1A 125V SMD Solder Pad 2410 Ceramic T/R CE/CSA/PSE/UL Electric Indicator, Very Fast Blow, 1A, 125VAC, 125VDC, 50A (IR), Surface Mount, NANO",Very Fast,RATED BREAKING CAPACITY AT 125 VDC: 50 A,Automotive|Battery Charging Circuit|Cooling Fan System|Networking|Power Supply|Telecommunication System,VERY FAST,2.69mm,2.69mm,6.1mm,1A,Ceramic,e4,0.459J,Low,125V,125V,NA,Surface Mount,SURFACE MOUNT,2,50A
A827,"Very Fast, Automotive|Battery Charging Circuit|Cooling Fan System|Networking|Power Supply|Telecommunication System, 1A, Ceramic, 6.1 X 2.69mm, 125V, 125V, Surface Mount, 2.0, 6.1mm",Very Fast,NA,Automotive|Battery Charging Circuit|Cooling Fan System|Networking|Power Supply|Telecommunication System,NA,NA,6.1,2.69,1A,Ceramic,NA,NA,NA,125V,125V,NA,Surface Mount,NA,2,NA
A828,"Indicator Chip Very Fast Movement 2A 125V SMD Solder Pad 2410 Ceramic CE/CSA/PSE/UL Electric Indicator, Very Fast Blow, 2A, 125VAC, 125VDC, 50A (IR), Surface Mount",Very Fast,PRE ARCING TIME: OPEN WITHIN 14400 SEC AT 100% RATED CURRENT,Automotive|Battery Charging Circuit|Cooling Fan System|Networking|Power Supply|Telecommunication System,VERY FAST,2.69mm,2.69mm,6.1mm,2A,Ceramic,e0,0.53J,High,125V,125V,NA,Surface Mount,SURFACE MOUNT,2,50A
A829,"Very Fast, Automotive|Battery Charging Circuit|Cooling Fan System|Networking|Power Supply|Telecommunication System, 2A, Ceramic, 6.1 X 2.69mm, 125V, 125V, Surface Mount, 2.0, 6.1mm",Very Fast,NA,Automotive|Battery Charging Circuit|Cooling Fan System|Networking|Power Supply|Telecommunication System,NA,NA,6.1,2.69,2A,Ceramic,NA,NA,NA,125V,125V,NA,Surface Mount,NA,2,NA
A830,"Indicator Chip Very Fast Movement 2A 125V SMD Solder Pad 2410 Ceramic T/R CE/CSA/PSE/UL Electric Indicator, Very Fast Blow, 2A, 125VAC, 125VDC, 50A (IR), Surface Mount, NANO",Very Fast,RATED BREAKING CAPACITY AT 125 VDC: 50 A,Automotive|Battery Charging Circuit|Cooling Fan System|Networking|Power Supply|Telecommunication System,VERY FAST,2.69mm,2.69mm,6.1mm,2A,Ceramic,e0,0.53J,High,125V,125V,NA,Surface Mount,SURFACE MOUNT,2,50A
A831,"Indicator Chip Very Fast Movement 2A 125V SMD Solder Pad 2410 Ceramic T/R Automotive CE/CSA/PSE/UL Electric Indicator, Very Fast Blow, 2A, 125VAC, 125VDC, 50A (IR), Surface Mount, NANO",Very Fast,RATED BREAKING CAPACITY AT 125 VDC: 50 A,Automotive|Battery Charging Circuit|Cooling Fan System|Networking|Power Supply|Telecommunication System,VERY FAST,2.69mm,2.69mm,6.1mm,2A,Ceramic,e4,0.53J,Low,125V,125V,NA,Surface Mount,SURFACE MOUNT,2,50A
A832,"Indicator Chip Very Fast Movement 2A 125V SMD Solder Pad 2410 Ceramic T/R CSA/PSE/UL Electric Indicator, Very Fast Blow, 2A, 50A (IR), NANO",Very Fast,NA,Automotive|Battery Charging Circuit|Cooling Fan System|Networking|Power Supply|Telecommunication System,VERY FAST,2.69mm,2.69mm,6.1mm,2A,Ceramic,NA,NA,Low,125V,125V,NA,Surface Mount,NA,2,50A
A833,"Indicator Chip Very Fast Movement 2A 125V SMD Solder Pad 2410 Ceramic T/R CE/CSA/PSE/UL Electric Indicator, Very Fast Blow, 2A, 125VAC, 125VDC, 50A (IR), Surface Mount, NANO",Very Fast,RATED BREAKING CAPACITY AT 125 VDC: 50 A,Automotive|Battery Charging Circuit|Cooling Fan System|Networking|Power Supply|Telecommunication System,VERY FAST,2.69mm,2.69mm,6.1mm,2A,Ceramic,e0,0.53J,High,125V,125V,NA,Surface Mount,SURFACE MOUNT,2,50A
A834,"Indicator Chip Very Fast Movement 2A 125V SMD Solder Pad 2410 Ceramic T/R CE/CSA/PSE/UL Electric Indicator, Very Fast Blow, 2A, 125VAC, 125VDC, 50A (IR), Surface Mount, NANO",Very Fast,RATED BREAKING CAPACITY AT 125 VDC: 50 A,Automotive|Battery Charging Circuit|Cooling Fan System|Networking|Power Supply|Telecommunication System,VERY FAST,2.69mm,2.69mm,6.1mm,2A,Ceramic,e4,0.53J,Low,125V,125V,NA,Surface Mount,SURFACE MOUNT,2,50A
A835,Indicator Chip Very Fast Movement 3A 125V SMD Solder Pad 2410 Ceramic CE/CSA/PSE/UL ,Very Fast,NA,Automotive|Battery Charging Circuit|Cooling Fan System|Networking|Power Supply|Telecommunication System,NA,NA,NA,NA,3A,Ceramic,NA,NA,High,125V,125V,NA,Surface Mount,NA,2,NA
A836,"Indicator Chip Very Fast Movement 3A 125V SMD Solder Pad 2410 Ceramic T/R CE/CSA/PSE/UL Electric Indicator, Very Fast Blow, 3A, 125VAC, 125VDC, 50A (IR), Surface Mount, NANO",Very Fast,RATED BREAKING CAPACITY AT 125 VDC: 50 A,Automotive|Battery Charging Circuit|Cooling Fan System|Networking|Power Supply|Telecommunication System,VERY FAST,2.69mm,2.69mm,6.1mm,3A,Ceramic,e0,1.65J,High,125V,125V,NA,Surface Mount,SURFACE MOUNT,2,50A
A837,"Indicator Chip Very Fast Movement 3A 125V SMD Solder Pad 2410 Ceramic T/R CE/CSA/PSE/UL Electric Indicator, Very Fast Blow, 3A, 125VAC, 125VDC, 50A (IR), Surface Mount, NANO",Very Fast,RATED BREAKING CAPACITY AT 125 VDC: 50 A,Automotive|Battery Charging Circuit|Cooling Fan System|Networking|Power Supply|Telecommunication System,VERY FAST,2.69mm,2.69mm,6.1mm,3A,Ceramic,e4,1.65J,Low,125V,125V,NA,Surface Mount,SURFACE MOUNT,2,50A
A838,"Indicator Chip Very Fast Movement 3A 125V SMD Solder Pad 2410 Ceramic T/R CE/CSA/PSE/UL Electric Indicator, Very Fast Blow, 3A, 125VAC, 125VDC, 50A (IR), Surface Mount, NANO",Very Fast,RATED BREAKING CAPACITY AT 125 VDC: 50 A,Automotive|Battery Charging Circuit|Cooling Fan System|Networking|Power Supply|Telecommunication System,VERY FAST,2.69mm,2.69mm,6.1mm,3A,Ceramic,e0,1.65J,High,125V,125V,NA,Surface Mount,SURFACE MOUNT,2,50A
A839,"Indicator Chip Very Fast Movement 3A 125V SMD Solder Pad 2410 Ceramic T/R CE/CSA/PSE/UL Electric Indicator, Very Fast Blow, 3A, 125VAC, 125VDC, 50A (IR), Surface Mount, NANO",Very Fast,RATED BREAKING CAPACITY AT 125 VDC: 50 A,Automotive|Battery Charging Circuit|Cooling Fan System|Networking|Power Supply|Telecommunication System,VERY FAST,2.69mm,2.69mm,6.1mm,3A,Ceramic,e4,1.65J,Low,125V,125V,NA,Surface Mount,SURFACE MOUNT,2,50A
A840,"Very Fast, Automotive|Battery Charging Circuit|Cooling Fan System|Networking|Power Supply|Telecommunication System, 3A, Ceramic, 6.1 X 2.69mm, 125V, 125V, Surface Mount, 2.0, 6.1mm",Very Fast,NA,Automotive|Battery Charging Circuit|Cooling Fan System|Networking|Power Supply|Telecommunication System,NA,NA,6.1,2.69,3A,Ceramic,NA,NA,NA,125V,125V,NA,Surface Mount,NA,2,NA
A841,Indicator Chip Very Fast Movement 4A 125V SMD Solder Pad 2410 Ceramic CE/CSA/PSE/UL Electric Indicator,Very Fast,NA,Automotive|Battery Charging Circuit|Cooling Fan System|Networking|Power Supply|Telecommunication System,NA,NA,NA,NA,4A,Ceramic,e0,NA,High,125V,125V,NA,Surface Mount,NA,2,NA
A842,"Very Fast, Automotive|Battery Charging Circuit|Cooling Fan System|Networking|Power Supply|Telecommunication System, 4A, Ceramic, 6.1 X 2.69mm, 125V, 125V, Surface Mount, 2.0, 6.1mm",Very Fast,NA,Automotive|Battery Charging Circuit|Cooling Fan System|Networking|Power Supply|Telecommunication System,NA,NA,6.1,2.69,4A,Ceramic,NA,NA,NA,125V,125V,NA,Surface Mount,NA,2,NA
A843,"Indicator Chip Very Fast Movement 4A 125V SMD Solder Pad 2410 Ceramic T/R CE/CSA/PSE/UL Electric Indicator, Very Fast Blow, 4A, 50A (IR), NANO",Very Fast,NA,Automotive|Battery Charging Circuit|Cooling Fan System|Networking|Power Supply|Telecommunication System,VERY FAST,2.69mm,2.69mm,6.1mm,4A,Ceramic,e0,NA,High,125V,125V,NA,Surface Mount,NA,2,50A
A844,"Indicator Chip Very Fast Movement 4A 125V SMD Solder Pad 2410 Ceramic T/R Automotive CE/CSA/PSE/UL Electric Indicator, Very Fast Blow, 4A, 125VAC, 125VDC, 50A (IR), Surface Mount, NANO",Very Fast,RATED BREAKING CAPACITY AT 125 VDC: 50 A,Automotive|Battery Charging Circuit|Cooling Fan System|Networking|Power Supply|Telecommunication System,VERY FAST,2.69mm,2.69mm,6.1mm,4A,Ceramic,e4,3.152J,Low,125V,125V,NA,Surface Mount,SURFACE MOUNT,2,50A
A845,"Indicator Chip Very Fast Movement 4A 125V SMD Solder Pad 2410 Ceramic T/R CE/CSA/PSE/UL Electric Indicator, Very Fast Blow, 4A, 50A (IR), NANO",Very Fast,NA,Automotive|Battery Charging Circuit|Cooling Fan System|Networking|Power Supply|Telecommunication System,VERY FAST,2.69mm,2.69mm,6.1mm,4A,Ceramic,e0,NA,High,125V,125V,NA,Surface Mount,NA,2,50A
A846,"Indicator Chip Very Fast Movement 4A 125V SMD Solder Pad 2410 Ceramic T/R CE/CSA/PSE/UL Electric Indicator, Very Fast Blow, 4A, 125VAC, 125VDC, 50A (IR), Surface Mount, NANO",Very Fast,RATED BREAKING CAPACITY AT 125 VDC: 50 A,Automotive|Battery Charging Circuit|Cooling Fan System|Networking|Power Supply|Telecommunication System,VERY FAST,2.69mm,2.69mm,6.1mm,4A,Ceramic,e4,3.152J,Low,125V,125V,NA,Surface Mount,SURFACE MOUNT,2,50A
A847,"Very Fast, Automotive|Battery Charging Circuit|Cooling Fan System|Networking|Power Supply|Telecommunication System, 4A, Ceramic, 6.1 X 2.69mm, 125V, 125V, Surface Mount, 2.0, 6.1mm",Very Fast,NA,Automotive|Battery Charging Circuit|Cooling Fan System|Networking|Power Supply|Telecommunication System,NA,NA,6.1,2.69,4A,Ceramic,NA,NA,NA,125V,125V,NA,Surface Mount,NA,2,NA
A848,"Indicator Chip Very Fast Movement 5A 125V SMD Solder Pad 2410 Ceramic CE/CSA/PSE/UL Electric Indicator, Very Fast Blow, 5A, 125VAC, 125VDC, 50A (IR), Surface Mount, NANO",Very Fast,PRE ARCING TIME: OPEN WITHIN 14400 SEC AT 100% RATED CURRENT,Automotive|Battery Charging Circuit|Cooling Fan System|Networking|Power Supply|Telecommunication System,VERY FAST,2.69mm,2.69mm,6.1mm,5A,Ceramic,e0,5.566J,High,125V,125V,NA,Surface Mount,SURFACE MOUNT,2,50A
A849,"Very Fast, Automotive|Battery Charging Circuit|Cooling Fan System|Networking|Power Supply|Telecommunication System, 5A, Ceramic, 6.1 X 2.69mm, 125V, 125V, Surface Mount, 2.0, 6.1mm",Very Fast,NA,Automotive|Battery Charging Circuit|Cooling Fan System|Networking|Power Supply|Telecommunication System,NA,NA,6.1,2.69,5A,Ceramic,NA,NA,NA,125V,125V,NA,Surface Mount,NA,2,NA
A850,"Indicator Chip Very Fast Movement 5A 125V SMD Solder Pad 2410 Ceramic T/R CE/CSA/PSE/UL Electric Indicator, Very Fast Blow, 5A, 125VAC, 125VDC, 50A (IR), Surface Mount, NANO",Very Fast,RATED BREAKING CAPACITY AT 125 VDC: 50 A,Automotive|Battery Charging Circuit|Cooling Fan System|Networking|Power Supply|Telecommunication System,VERY FAST,2.69mm,2.69mm,6.1mm,5A,Ceramic,e0,5.566J,High,125V,125V,NA,Surface Mount,SURFACE MOUNT,2,50A
A851,"Indicator Chip Very Fast Movement 5A 125V SMD Solder Pad 2410 Ceramic T/R Automotive CE/CSA/PSE/UL Electric Indicator, Very Fast Blow, 5A, 125VAC, 125VDC, 50A (IR), Surface Mount, NANO",Very Fast,RATED BREAKING CAPACITY AT 125 VDC: 50 A,Automotive|Battery Charging Circuit|Cooling Fan System|Networking|Power Supply|Telecommunication System,VERY FAST,2.69mm,2.69mm,6.1mm,5A,Ceramic,e4,5.566J,Low,125V,125V,NA,Surface Mount,SURFACE MOUNT,2,50A
A852,"Indicator Chip Very Fast Movement 5A 125V SMD Solder Pad 2410 Ceramic T/R CE/CSA/PSE/UL Electric Indicator, Very Fast Blow, 5A, 125VAC, 125VDC, 50A (IR), Surface Mount, NANO",Very Fast,RATED BREAKING CAPACITY AT 125 VDC: 50 A,Automotive|Battery Charging Circuit|Cooling Fan System|Networking|Power Supply|Telecommunication System,VERY FAST,2.69mm,2.69mm,6.1mm,5A,Ceramic,e0,5.566J,High,125V,125V,NA,Surface Mount,SURFACE MOUNT,2,50A
A853,"Indicator Chip Very Fast Movement 5A 125V SMD Solder Pad 2410 Ceramic T/R CE/CSA/PSE/UL Electric Indicator, Very Fast Blow, 5A, 125VAC, 125VDC, 50A (IR), Surface Mount, NANO",Very Fast,RATED BREAKING CAPACITY AT 125 VDC: 50 A,Automotive|Battery Charging Circuit|Cooling Fan System|Networking|Power Supply|Telecommunication System,VERY FAST,2.69mm,2.69mm,6.1mm,5A,Ceramic,e4,5.566J,Low,125V,125V,NA,Surface Mount,SURFACE MOUNT,2,50A
A854,Indicator Chip Very Fast Movement 7A 125V SMD Solder Pad 2410 Ceramic CE/CSA/PSE/UL ,Very Fast,NA,Automotive|Battery Charging Circuit|Cooling Fan System|Networking|Power Supply|Telecommunication System,NA,NA,NA,NA,7A,Ceramic,NA,NA,High,125V,125V,NA,Surface Mount,NA,2,NA
A855,"Indicator Chip Very Fast Movement 7A 125V SMD Solder Pad 2410 Ceramic T/R CE/CSA/PSE/UL Electric Indicator, Very Fast Blow, 7A, 125VAC, 125VDC, 50A (IR), Surface Mount, NANO",Very Fast,RATED BREAKING CAPACITY AT 125 VDC: 50 A,Automotive|Battery Charging Circuit|Cooling Fan System|Networking|Power Supply|Telecommunication System,VERY FAST,2.69mm,2.69mm,6.1mm,7A,Ceramic,e0,10.32J,High,125V,125V,NA,Surface Mount,SURFACE MOUNT,2,50A
A856,"Indicator Chip Very Fast Movement 7A 125V SMD Solder Pad 2410 Ceramic T/R CE/CSA/PSE/UL Electric Indicator, Very Fast Blow, 7A, 125VAC, 125VDC, 50A (IR), Surface Mount, NANO",Very Fast,RATED BREAKING CAPACITY AT 125 VDC: 50 A,Automotive|Battery Charging Circuit|Cooling Fan System|Networking|Power Supply|Telecommunication System,VERY FAST,2.69mm,2.69mm,6.1mm,7A,Ceramic,e4,10.32J,Low,125V,125V,NA,Surface Mount,SURFACE MOUNT,2,50A
A857,"Indicator Chip Very Fast Movement 7A 125V SMD Solder Pad 2410 Ceramic T/R CSA/PSE/UL Electric Indicator, Very Fast Blow, 7A, 50A (IR), NANO",Very Fast,NA,Automotive|Battery Charging Circuit|Cooling Fan System|Networking|Power Supply|Telecommunication System,VERY FAST,2.69mm,2.69mm,6.1mm,7A,Ceramic,NA,NA,Low,125V,125V,NA,Surface Mount,NA,2,50A
A858,"Indicator Chip Very Fast Movement 7A 125V SMD Solder Pad 2410 Ceramic T/R CE/CSA/PSE/UL Electric Indicator, Very Fast Blow, 7A, 125VAC, 125VDC, 50A (IR), Surface Mount, NANO",Very Fast,RATED BREAKING CAPACITY AT 125 VDC: 50 A,Automotive|Battery Charging Circuit|Cooling Fan System|Networking|Power Supply|Telecommunication System,VERY FAST,2.69mm,2.69mm,6.1mm,7A,Ceramic,e0,10.32J,High,125V,125V,NA,Surface Mount,SURFACE MOUNT,2,50A
A859,"Indicator Chip Very Fast Movement 7A 125V SMD Solder Pad 2410 Ceramic T/R CE/CSA/PSE/UL Electric Indicator, Very Fast Blow, 7A, 125VAC, 125VDC, 50A (IR), Surface Mount, NANO",Very Fast,RATED BREAKING CAPACITY AT 125 VDC: 50 A,Automotive|Battery Charging Circuit|Cooling Fan System|Networking|Power Supply|Telecommunication System,VERY FAST,2.69mm,2.69mm,6.1mm,7A,Ceramic,e4,10.32J,Low,125V,125V,NA,Surface Mount,SURFACE MOUNT,2,50A
A860,"Very Fast, Automotive|Battery Charging Circuit|Cooling Fan System|Networking|Power Supply|Telecommunication System, 7A, Ceramic, 6.1 X 2.69mm, 125V, 125V, Surface Mount, 2.0, 6.1mm",Very Fast,NA,Automotive|Battery Charging Circuit|Cooling Fan System|Networking|Power Supply|Telecommunication System,NA,NA,6.1,2.69,7A,Ceramic,NA,NA,NA,125V,125V,NA,Surface Mount,NA,2,NA
A861,"VERY FAST, 2.69mm, 2.69mm, 6.1mm, NANO, e0, High, 125Cel, -55Cel, 6.1mm  x  2.69mm  x  2.69mm, 50A, 8A, 125V",Fast,NA,NA,VERY FAST,2.69mm,2.69mm,6.1mm,50A,NA,e0,NA,High,NA,NA,NA,NA,NA,2,50A
A862,"Indicator Chip Very Fast Movement 8A 125V SMD Solder Pad 2410 Ceramic T/R CE/CSA/PSE/UL Electric Indicator, Very Fast Blow, 8A, 125VAC, 125VDC, 50A (IR), Surface Mount, NANO",Very Fast,RATED BREAKING CAPACITY AT 125 VDC: 50 A,Automotive|Battery Charging Circuit|Cooling Fan System|Networking|Power Supply|Telecommunication System,VERY FAST,2.69mm,2.69mm,6.1mm,8A,Ceramic,e0,20.23J,High,125V,125V,NA,Surface Mount,SURFACE MOUNT,2,50A
A863,"Indicator Chip Very Fast Movement 8A 125V SMD Solder Pad 2410 Ceramic T/R CE/CSA/PSE/UL Electric Indicator, Very Fast Blow, 8A, 125VAC, 125VDC, 50A (IR), Surface Mount, NANO",Very Fast,RATED BREAKING CAPACITY AT 125 VDC: 50 A,Automotive|Battery Charging Circuit|Cooling Fan System|Networking|Power Supply|Telecommunication System,VERY FAST,2.69mm,2.69mm,6.1mm,8A,Ceramic,e4,20.23J,Low,125V,125V,NA,Surface Mount,SURFACE MOUNT,2,50A
A864,"Indicator Chip Very Fast Movement 8A 125V SMD Solder Pad 2410 Ceramic T/R CE/CSA/PSE/UL Electric Indicator, Very Fast Blow, 8A, 125VAC, 125VDC, 50A (IR), Surface Mount, NANO",Very Fast,RATED BREAKING CAPACITY AT 125 VDC: 50 A,Automotive|Battery Charging Circuit|Cooling Fan System|Networking|Power Supply|Telecommunication System,VERY FAST,2.69mm,2.69mm,6.1mm,8A,Ceramic,e4,20.23J,Low,125V,125V,NA,Surface Mount,SURFACE MOUNT,2,50A
A865,"Very Fast, Automotive|Battery Charging Circuit|Cooling Fan System|Networking|Power Supply|Telecommunication System, 8A, Ceramic, 6.1 X 2.69mm, 125V, 125V, Surface Mount, 2.0, 6.1mm",Very Fast,NA,Automotive|Battery Charging Circuit|Cooling Fan System|Networking|Power Supply|Telecommunication System,NA,NA,6.1,2.69,8A,Ceramic,NA,NA,NA,125V,125V,NA,Surface Mount,NA,2,NA
A866,"Very Fast, Automotive|Battery Charging Circuit|Cooling Fan System|Networking|Power Supply|Telecommunication System, 10A, Ceramic, 6.1 X 2.69mm, 125V, 125V, Surface Mount, 2.0, 6.1mm",Very Fast,NA,Automotive|Battery Charging Circuit|Cooling Fan System|Networking|Power Supply|Telecommunication System,NA,NA,6.1,2.69,10A,Ceramic,NA,NA,NA,125V,125V,NA,Surface Mount,NA,2,NA
A867,"Indicator Chip Very Fast Movement 10A 125V SMD Solder Pad 2410 Ceramic T/R CE/CSA/PSE/UL Electric Indicator, Very Fast Blow, 10A, 125VAC, 125VDC, 35A (IR), Surface Mount, NANO",Very Fast,RATED BREAKING CAPACITY AT 125 VDC: 50 A,Automotive|Battery Charging Circuit|Cooling Fan System|Networking|Power Supply|Telecommunication System,VERY FAST,2.69mm,2.69mm,6.1mm,10A,Ceramic,e0,26.46J,High,125V,125V,NA,Surface Mount,SURFACE MOUNT,2,35A
A868,"Indicator Chip Very Fast Movement 10A 125V SMD Solder Pad 2410 Ceramic T/R CSA/PSE/UL Electric Indicator, Very Fast Blow, 10A, 125VAC, 125VDC, 50A (IR), Surface Mount, NANO",Very Fast,RATED BREAKING CAPACITY AT 125 VDC: 50 A,Automotive|Battery Charging Circuit|Cooling Fan System|Networking|Power Supply|Telecommunication System,VERY FAST,2.69mm,2.69mm,6.1mm,10A,Ceramic,e4,26.46J,Low,125V,125V,NA,Surface Mount,SURFACE MOUNT,2,50A
A869,"Indicator Chip Very Fast Movement 10A 125V SMD Solder Pad 2410 Ceramic T/R CE/CSA/PSE/UL Electric Indicator, Very Fast Blow, 10A, 125VAC, 125VDC, 35A (IR), Surface Mount, NANO",Very Fast,RATED BREAKING CAPACITY AT 125 VDC: 50 A,Automotive|Battery Charging Circuit|Cooling Fan System|Networking|Power Supply|Telecommunication System,VERY FAST,2.69mm,2.69mm,6.1mm,10A,Ceramic,e0,26.46J,High,125V,125V,NA,Surface Mount,SURFACE MOUNT,2,35A
A870,"Indicator Chip Very Fast Movement 10A 125V SMD Solder Pad 2410 Ceramic T/R CE/CSA/PSE/UL Electric Indicator, Very Fast Blow, 10A, 125VAC, 125VDC, 35A (IR), Surface Mount, NANO",Very Fast,RATED BREAKING CAPACITY AT 125 VDC: 50 A,Automotive|Battery Charging Circuit|Cooling Fan System|Networking|Power Supply|Telecommunication System,VERY FAST,2.69mm,2.69mm,6.1mm,10A,Ceramic,e4,26.46J,Low,125V,125V,NA,Surface Mount,SURFACE MOUNT,2,35A
A871,"Very Fast, Automotive|Battery Charging Circuit|Cooling Fan System|Networking|Power Supply|Telecommunication System, 10A, Ceramic, 6.1 X 2.69mm, 125V, 125V, Surface Mount, 2.0, 6.1mm",Very Fast,NA,Automotive|Battery Charging Circuit|Cooling Fan System|Networking|Power Supply|Telecommunication System,NA,NA,6.1,2.69,10A,Ceramic,NA,NA,NA,125V,125V,NA,Surface Mount,NA,2,NA
A872,"Indicator Chip Very Fast Movement 12A 65V SMD Solder Pad 2410 Ceramic T/R CE/CSA/PSE/UL Electric Indicator, Very Fast Blow, 12A, 65VAC, 65VDC, 50A (IR), Surface Mount, NANO",Very Fast,RATED BREAKING CAPACITY AT 65 VDC: 50 A,Automotive|Battery Charging Circuit|Cooling Fan System|Networking|Power Supply|Telecommunication System,VERY FAST,2.69mm,2.69mm,6.1mm,12A,Ceramic,e0,47.97J,High,65V,65V,NA,Surface Mount,SURFACE MOUNT,2,50A
A873,"Indicator Chip Very Fast Movement 12A 65V SMD Solder Pad 2410 Ceramic T/R Automotive CE/CSA/PSE/UL Electric Indicator, Very Fast Blow, 12A, 65VAC, 65VDC, 50A (IR), Surface Mount, NANO",Very Fast,RATED BREAKING CAPACITY AT 65 VDC: 50 A,Automotive|Battery Charging Circuit|Cooling Fan System|Networking|Power Supply|Telecommunication System,VERY FAST,2.69mm,2.69mm,6.1mm,12A,Ceramic,e4,47.97J,Low,65V,65V,NA,Surface Mount,SURFACE MOUNT,2,50A
A874,"Indicator Chip Very Fast Movement 12A 65V SMD Solder Pad 2410 Ceramic T/R CE/CSA/PSE/UL Electric Indicator, Very Fast Blow, 12A, 65VAC, 65VDC, 50A (IR), Surface Mount, NANO",Very Fast,RATED BREAKING CAPACITY AT 65 VDC: 50 A,Automotive|Battery Charging Circuit|Cooling Fan System|Networking|Power Supply|Telecommunication System,VERY FAST,2.69mm,2.69mm,6.1mm,12A,Ceramic,e0,47.97J,High,65V,65V,NA,Surface Mount,SURFACE MOUNT,2,50A
A875,"Indicator Chip Very Fast Movement 12A 65V SMD Solder Pad 2410 Ceramic T/R CE/CSA/PSE/UL Electric Indicator, Very Fast Blow, 12A, 65VAC, 65VDC, 50A (IR), Surface Mount, NANO",Very Fast,RATED BREAKING CAPACITY AT 65 VDC: 50 A,Automotive|Battery Charging Circuit|Cooling Fan System|Networking|Power Supply|Telecommunication System,VERY FAST,2.69mm,2.69mm,6.1mm,12A,Ceramic,e4,47.97J,Low,65V,65V,NA,Surface Mount,SURFACE MOUNT,2,50A
A876,"Very Fast, Automotive|Battery Charging Circuit|Cooling Fan System|Networking|Power Supply|Telecommunication System, 12A, Ceramic, 6.1 X 2.69mm, 65V, 65V, Surface Mount, 2.0, 6.1mm",Very Fast,NA,Automotive|Battery Charging Circuit|Cooling Fan System|Networking|Power Supply|Telecommunication System,NA,NA,6.1,2.69,12A,Ceramic,NA,NA,NA,65V,65V,NA,Surface Mount,NA,2,NA
A877,"Indicator Chip Very Fast Movement 1.5A 125V SMD Solder Pad 2410 Ceramic CE/CSA/PSE/UL Electric Indicator, Very Fast Blow, 15A, 65VAC, 65VDC, 100A (IR), Surface Mount",Very Fast,"INTERRUPTING CURRENT-MAX(DC): 150 A, PRE ARCING TIME: OPEN WITHIN 14400 SEC AT 100% RATED CURRENT",Automotive|Battery Charging Circuit|Cooling Fan System|Networking|Power Supply|Telecommunication System,VERY FAST,2.69mm,2.69mm,6.1mm,1.5A,Ceramic,e0,97.82J,High,125V,125V,NA,Surface Mount,SURFACE MOUNT,2,100A
A878,"Very Fast, Automotive|Battery Charging Circuit|Cooling Fan System|Networking|Power Supply|Telecommunication System, 15A, Ceramic, 6.1 X 2.69mm, 65V, 65V, Surface Mount, 2.0, 6.1mm",Very Fast,NA,Automotive|Battery Charging Circuit|Cooling Fan System|Networking|Power Supply|Telecommunication System,NA,NA,6.1,2.69,15A,Ceramic,NA,NA,NA,65V,65V,NA,Surface Mount,NA,2,NA
A879,"Indicator Chip Very Fast Movement 15A 65V SMD Solder Pad 2410 Ceramic T/R CE/CSA/PSE/UL Electric Indicator, Very Fast Blow, 1.5A, 125VAC, 125VDC, 50A (IR), Surface Mount, NANO",Very Fast,RATED BREAKING CAPACITY AT 125 VDC: 50 A,Automotive|Battery Charging Circuit|Cooling Fan System|Networking|Power Supply|Telecommunication System,VERY FAST,2.69mm,2.69mm,6.1mm,15A,Ceramic,e0,97.82J,High,65V,65V,NA,Surface Mount,SURFACE MOUNT,2,50A
A880,"Indicator Chip Very Fast Movement 15A 65V SMD Solder Pad 2410 Ceramic T/R CSA/PSE/UL Electric Indicator, Very Fast Blow, 1.5A, 125VAC, 125VDC, 50A (IR), Surface Mount, NANO",Very Fast,RATED BREAKING CAPACITY AT 65 VDC: 50 A,Automotive|Battery Charging Circuit|Cooling Fan System|Networking|Power Supply|Telecommunication System,VERY FAST,2.69mm,2.69mm,6.1mm,1.5A,Ceramic,e4,97.82J,Low,125V,125V,NA,Surface Mount,SURFACE MOUNT,2,50A
A881,"Indicator Chip Very Fast Movement 1.5A 125V SMD Solder Pad 2410 Ceramic T/R CE/CSA/PSE/UL Electric Indicator, Very Fast Blow, 15A, 65VAC, 65VDC, 50A (IR), Surface Mount, NANO",Very Fast,RATED BREAKING CAPACITY AT 125 VDC: 50 A,Automotive|Battery Charging Circuit|Cooling Fan System|Networking|Power Supply|Telecommunication System,VERY FAST,2.69mm,2.69mm,6.1mm,15A,Ceramic,e0,0.853J,High,65V,65V,NA,Surface Mount,SURFACE MOUNT,2,50A
A882,"Indicator Chip Very Fast Movement 1.5A 125V SMD Solder Pad 2410 Ceramic T/R CE/CSA/PSE/UL Electric Indicator, Very Fast Blow, 1.5A, 125VAC, 125VDC, 50A (IR), Surface Mount, NANO",Very Fast,RATED BREAKING CAPACITY AT 65 VDC: 50 A,Automotive|Battery Charging Circuit|Cooling Fan System|Networking|Power Supply|Telecommunication System,VERY FAST,2.69mm,2.69mm,6.1mm,15A,Ceramic,e4,97.82J,Low,65V,65V,NA,Surface Mount,SURFACE MOUNT,2,50A
A883,"Very Fast, Automotive|Battery Charging Circuit|Cooling Fan System|Networking|Power Supply|Telecommunication System, 15A, Ceramic, 6.1 X 2.69mm, 65V, 65V, Surface Mount, 2.0, 6.1mm",Very Fast,NA,Automotive|Battery Charging Circuit|Cooling Fan System|Networking|Power Supply|Telecommunication System,NA,NA,6.1,2.69,15A,Ceramic,NA,NA,NA,65V,65V,NA,Surface Mount,NA,2,NA
A884,"Indicator Chip Very Fast Movement 1.6A 125V SMD Solder Pad 2410 Ceramic CE/CSA/PSE/UL Electric Indicator, Very Fast Blow, 1.6A",Very Fast,NA,Automotive|Battery Charging Circuit|Cooling Fan System|Networking|Power Supply|Telecommunication System,VERY FAST,2.69mm,2.69mm,6.1mm,1.6A,Ceramic,e0,NA,High,125V,125V,NA,Surface Mount,NA,2,NA
A885,"Indicator Chip Very Fast Movement 1.6A 125V SMD Solder Pad 2410 Ceramic T/R CE/CSA/PSE/UL Electric Indicator, Very Fast Blow, 1.6A, 125VAC, 125VDC, 50A (IR), Surface Mount, NANO",Very Fast,RATED BREAKING CAPACITY AT 125 VDC: 50 A,Automotive|Battery Charging Circuit|Cooling Fan System|Networking|Power Supply|Telecommunication System,VERY FAST,2.69mm,2.69mm,6.1mm,1.6A,Ceramic,e0,1.06J,High,125V,125V,NA,Surface Mount,SURFACE MOUNT,2,50A
A886,"Indicator Chip Very Fast Movement 1.6A 125V SMD Solder Pad 2410 Ceramic T/R CE/CSA/PSE/UL Electric Indicator, Very Fast Blow, 1.6A, 125VAC, 125VDC, 50A (IR), Surface Mount, NANO",Very Fast,RATED BREAKING CAPACITY AT 125 VDC: 50 A,Automotive|Battery Charging Circuit|Cooling Fan System|Networking|Power Supply|Telecommunication System,VERY FAST,2.69mm,2.69mm,6.1mm,1.6A,Ceramic,e4,1.06J,Low,125V,125V,NA,Surface Mount,SURFACE MOUNT,2,50A
A887,"Indicator Chip Very Fast Movement 1.6A 125V SMD Solder Pad 2410 Ceramic T/R CE/CSA/PSE/UL Electric Indicator, Very Fast Blow, 1.6A, 125VAC, 125VDC, 50A (IR), Surface Mount, NANO",Very Fast,RATED BREAKING CAPACITY AT 125 VDC: 50 A,Automotive|Battery Charging Circuit|Cooling Fan System|Networking|Power Supply|Telecommunication System,VERY FAST,2.69mm,2.69mm,6.1mm,1.6A,Ceramic,e4,1.06J,Low,125V,125V,NA,Surface Mount,SURFACE MOUNT,2,50A
A888,"Very Fast, Automotive|Battery Charging Circuit|Cooling Fan System|Networking|Power Supply|Telecommunication System, 1.6A, Ceramic, 6.1 X 2.69mm, 125V, 125V, Surface Mount, 2.0, 6.1mm",Very Fast,NA,Automotive|Battery Charging Circuit|Cooling Fan System|Networking|Power Supply|Telecommunication System,NA,NA,6.1,2.69,1.6A,Ceramic,NA,NA,NA,125V,125V,NA,Surface Mount,NA,2,NA
A889,Indicator Chip Very Fast Movement 20A 125V SMD Solder Pad 2410 Ceramic T/R Electric Indicator,Very Fast,NA,Automotive|Battery Charging Circuit|Cooling Fan System|Networking|Power Supply|Telecommunication System,NA,NA,NA,NA,20A,Ceramic,e4,NA,Low,125V,125V,NA,Surface Mount,NA,2,NA
A890,"Indicator Chip Very Fast Movement 2.5A 125V SMD Solder Pad 2410 Ceramic T/R CE/CSA/PSE/UL Electric Indicator, Very Fast Blow, 2.5A, 125VAC, 125VDC, 50A (IR), Surface Mount, NANO",Very Fast,RATED BREAKING CAPACITY AT 125 VDC: 50 A,Automotive|Battery Charging Circuit|Cooling Fan System|Networking|Power Supply|Telecommunication System,VERY FAST,2.69mm,2.69mm,6.1mm,2.5A,Ceramic,e0,1.029J,High,125V,125V,NA,Surface Mount,SURFACE MOUNT,2,50A
A891,"Indicator Chip Very Fast Movement 2.5A 125V SMD Solder Pad 2410 Ceramic T/R CSA/PSE/UL Electric Indicator, Very Fast Blow, 2.5A, 125VAC, 125VDC, 50A (IR), Surface Mount, NANO",Very Fast,RATED BREAKING CAPACITY AT 125 VDC: 50 A,Automotive|Battery Charging Circuit|Cooling Fan System|Networking|Power Supply|Telecommunication System,VERY FAST,2.69mm,2.69mm,6.1mm,2.5A,Ceramic,e4,1.029J,Low,125V,125V,NA,Surface Mount,SURFACE MOUNT,2,50A
A892,"Indicator Chip Very Fast Movement 2.5A 125V SMD Solder Pad 2410 Ceramic T/R CE/CSA/PSE/UL Electric Indicator, Very Fast Blow, 2.5A, 125VAC, 125VDC, 50A (IR), Surface Mount, NANO",Very Fast,RATED BREAKING CAPACITY AT 125 VDC: 50 A,Automotive|Battery Charging Circuit|Cooling Fan System|Networking|Power Supply|Telecommunication System,VERY FAST,2.69mm,2.69mm,6.1mm,2.5A,Ceramic,e0,1.029J,High,125V,125V,NA,Surface Mount,SURFACE MOUNT,2,50A
A893,"Indicator Chip Very Fast Movement 2.5A 125V SMD Solder Pad 2410 Ceramic T/R CE/CSA/PSE/UL Electric Indicator, Very Fast Blow, 2.5A, 125VAC, 125VDC, 50A (IR), Surface Mount, NANO",Very Fast,RATED BREAKING CAPACITY AT 125 VDC: 50 A,Automotive|Battery Charging Circuit|Cooling Fan System|Networking|Power Supply|Telecommunication System,VERY FAST,2.69mm,2.69mm,6.1mm,2.5A,Ceramic,e4,1.029J,Low,125V,125V,NA,Surface Mount,SURFACE MOUNT,2,50A
A894,"Very Fast, Automotive|Battery Charging Circuit|Cooling Fan System|Networking|Power Supply|Telecommunication System, 3.5A, Ceramic, 6.1 X 2.69mm, 125V, 125V, Surface Mount, 2.0, 6.1mm",Very Fast,NA,Automotive|Battery Charging Circuit|Cooling Fan System|Networking|Power Supply|Telecommunication System,NA,NA,6.1,2.69,3.5A,Ceramic,NA,NA,NA,125V,125V,NA,Surface Mount,NA,2,NA
A895,"Indicator Chip Very Fast Movement 3.5A 125V SMD Solder Pad 2410 Ceramic T/R CE/CSA/PSE/UL Electric Indicator, Very Fast Blow, 3.5A, 125VAC, 125VDC, 50A (IR), Surface Mount, NANO",Very Fast,RATED BREAKING CAPACITY AT 125 VDC: 50 A,Automotive|Battery Charging Circuit|Cooling Fan System|Networking|Power Supply|Telecommunication System,VERY FAST,2.69mm,2.69mm,6.1mm,3.5A,Ceramic,e0,2.469J,High,125V,125V,NA,Surface Mount,SURFACE MOUNT,2,50A
A896,"Indicator Chip Very Fast Movement 3.5A 125V SMD Solder Pad 2410 Ceramic T/R CE/CSA/PSE/UL Electric Indicator, Very Fast Blow, 3.5A, 125VAC, 125VDC, 50A (IR), Surface Mount, NANO",Very Fast,RATED BREAKING CAPACITY AT 125 VDC: 50 A,Automotive|Battery Charging Circuit|Cooling Fan System|Networking|Power Supply|Telecommunication System,VERY FAST,2.69mm,2.69mm,6.1mm,3.5A,Ceramic,e4,2.469J,Low,125V,125V,NA,Surface Mount,SURFACE MOUNT,2,50A
A897,"Indicator Chip Very Fast Movement 3.5A 125V SMD Solder Pad 2410 Ceramic T/R CE/CSA/PSE/UL Electric Indicator, Very Fast Blow, 3.5A, 125VAC, 125VDC, 50A (IR), Surface Mount, NANO",Very Fast,RATED BREAKING CAPACITY AT 125 VDC: 50 A,Automotive|Battery Charging Circuit|Cooling Fan System|Networking|Power Supply|Telecommunication System,VERY FAST,2.69mm,2.69mm,6.1mm,3.5A,Ceramic,e0,2.469J,High,125V,125V,NA,Surface Mount,SURFACE MOUNT,2,50A
A898,"Indicator Chip Very Fast Movement 3.5A 125V SMD Solder Pad 2410 Ceramic T/R CE/CSA/PSE/UL Electric Indicator, Very Fast Blow, 3.5A, 125VAC, 125VDC, 50A (IR), Surface Mount, NANO",Very Fast,RATED BREAKING CAPACITY AT 125 VDC: 50 A,Automotive|Battery Charging Circuit|Cooling Fan System|Networking|Power Supply|Telecommunication System,VERY FAST,2.69mm,2.69mm,6.1mm,3.5A,Ceramic,e4,2.469J,Low,125V,125V,NA,Surface Mount,SURFACE MOUNT,2,50A
A899,"Very Fast, Automotive|Battery Charging Circuit|Cooling Fan System|Networking|Power Supply|Telecommunication System, 3.5A, Ceramic, 6.1 X 2.69mm, 125V, 125V, Surface Mount, 2.0, 6.1mm",Very Fast,NA,Automotive|Battery Charging Circuit|Cooling Fan System|Networking|Power Supply|Telecommunication System,NA,NA,6.1,2.69,3.5A,Ceramic,NA,NA,NA,125V,125V,NA,Surface Mount,NA,2,NA
A900,"Indicator Chip Very Fast Movement 0.062A 125V SMD Solder Pad 2410 Ceramic T/R CE/CSA/PSE/UL Electric Indicator, Very Fast Blow, 0.062A, 125VAC, 125VDC, 50A (IR), Surface Mount, NANO",Very Fast,RATED BREAKING CAPACITY AT 125 VDC: 50 A,Automotive|Battery Charging Circuit|Cooling Fan System|Networking|Power Supply|Telecommunication System,VERY FAST,2.69mm,2.69mm,6.1mm,0.062A,Ceramic,e4,0.00019J,High,125V,125V,NA,Surface Mount,SURFACE MOUNT,2,50A
A901,"Indicator Chip Very Fast Movement 0.062A 125V SMD Solder Pad 2410 Ceramic T/R CE/CSA/PSE/UL Electric Indicator, Very Fast Blow, 0.062A, 125VAC, 125VDC, 50A (IR), Surface Mount, NANO",Very Fast,RATED BREAKING CAPACITY AT 125 VDC: 50 A,Automotive|Battery Charging Circuit|Cooling Fan System|Networking|Power Supply|Telecommunication System,VERY FAST,2.69mm,2.69mm,6.1mm,0.062A,Ceramic,e4,0.00019J,Low,125V,125V,NA,Surface Mount,SURFACE MOUNT,2,50A
A902,"Indicator Chip Very Fast Movement 0.062A 125V SMD Solder Pad 2410 Ceramic T/R CE/CSA/PSE/UL Electric Indicator, Very Fast Blow, 0.062A, 125VAC, 125VDC, 50A (IR), Surface Mount, NANO",Very Fast,RATED BREAKING CAPACITY AT 125 VDC: 50 A,Automotive|Battery Charging Circuit|Cooling Fan System|Networking|Power Supply|Telecommunication System,VERY FAST,2.69mm,2.69mm,6.1mm,0.062A,Ceramic,e0,0.00019J,High,125V,125V,NA,Surface Mount,SURFACE MOUNT,2,50A
A903,"Indicator Chip Very Fast Movement 0.062A 125V SMD Solder Pad 2410 Ceramic T/R CE/CSA/PSE/UL Electric Indicator, Very Fast Blow, 0.062A, 125VAC, 125VDC, 50A (IR), Surface Mount, NANO",Very Fast,RATED BREAKING CAPACITY AT 125 VDC: 50 A,Automotive|Battery Charging Circuit|Cooling Fan System|Networking|Power Supply|Telecommunication System,VERY FAST,2.69mm,2.69mm,6.1mm,0.062A,Ceramic,e4,0.00019J,Low,125V,125V,NA,Surface Mount,SURFACE MOUNT,2,50A
A904,"Very Fast, Automotive|Battery Charging Circuit|Cooling Fan System|Networking|Power Supply|Telecommunication System, 6.3A, Ceramic, 6.1 X 2.69mm, 125V, 125V, Surface Mount, 2.0, 6.1mm",Very Fast,NA,Automotive|Battery Charging Circuit|Cooling Fan System|Networking|Power Supply|Telecommunication System,NA,NA,6.1,2.69,6.3A,Ceramic,NA,NA,NA,125V,125V,NA,Surface Mount,NA,2,NA
A905,"Indicator Chip Very Fast Movement 6.3A 125V SMD Solder Pad 2410 Ceramic T/R CE/CSA/PSE/UL Electric Indicator, Very Fast Blow, 6.3A, 125VAC, 125VDC, 50A (IR), Surface Mount, NANO",Very Fast,RATED BREAKING CAPACITY AT 125 VDC: 50 A,Automotive|Battery Charging Circuit|Cooling Fan System|Networking|Power Supply|Telecommunication System,VERY FAST,2.69mm,2.69mm,6.1mm,6.3A,Ceramic,e0,9.17J,High,125V,125V,NA,Surface Mount,SURFACE MOUNT,2,50A
A906,"Indicator Chip Very Fast Movement 6.3A 125V SMD Solder Pad 2410 Ceramic T/R CE/CSA/PSE/UL Electric Indicator, Very Fast Blow, 6.3A, 125VAC, 125VDC, 50A (IR), Surface Mount, NANO",Very Fast,RATED BREAKING CAPACITY AT 125 VDC: 50 A,Automotive|Battery Charging Circuit|Cooling Fan System|Networking|Power Supply|Telecommunication System,VERY FAST,2.69mm,2.69mm,6.1mm,6.3A,Ceramic,e4,9.17J,Low,125V,125V,NA,Surface Mount,SURFACE MOUNT,2,50A
A907,"Indicator Chip Very Fast Movement 6.3A 125V SMD Solder Pad 2410 Ceramic T/R CSA/PSE/UL Electric Indicator, Very Fast Blow, 6.3A, 50A (IR), NANO",Very Fast,NA,Automotive|Battery Charging Circuit|Cooling Fan System|Networking|Power Supply|Telecommunication System,VERY FAST,2.69mm,2.69mm,6.1mm,6.3A,Ceramic,NA,NA,Low,125V,125V,NA,Surface Mount,NA,2,50A
A908,"Indicator Chip Very Fast Movement 6.3A 125V SMD Solder Pad 2410 Ceramic T/R CE/CSA/PSE/UL Electric Indicator, Very Fast Blow, 6.3A, 125VAC, 125VDC, 50A (IR), Surface Mount, NANO",Very Fast,RATED BREAKING CAPACITY AT 125 VDC: 50 A,Automotive|Battery Charging Circuit|Cooling Fan System|Networking|Power Supply|Telecommunication System,VERY FAST,2.69mm,2.69mm,6.1mm,6.3A,Ceramic,e4,9.17J,Low,125V,125V,NA,Surface Mount,SURFACE MOUNT,2,50A
A909,"Very Fast, Automotive|Battery Charging Circuit|Cooling Fan System|Networking|Power Supply|Telecommunication System, 6.3A, Ceramic, 6.1 X 2.69mm, 125V, 125V, Surface Mount, 2.0, 6.1mm",Very Fast,NA,Automotive|Battery Charging Circuit|Cooling Fan System|Networking|Power Supply|Telecommunication System,NA,NA,6.1,2.69,6.3A,Ceramic,NA,NA,NA,125V,125V,NA,Surface Mount,NA,2,NA
A910,"Indicator Chip Very Fast Movement 0.08A 125V SMD Solder Pad 2410 Ceramic T/R CE/CSA/PSE/UL Electric Indicator, Very Fast Blow, 0.08A, 125VAC, 125VDC, 50A (IR), Surface Mount, NANO",Very Fast,RATED BREAKING CAPACITY AT 125 VDC: 50 A,Automotive|Battery Charging Circuit|Cooling Fan System|Networking|Power Supply|Telecommunication System,VERY FAST,2.69mm,2.69mm,6.1mm,0.08A,Ceramic,e4,0.00033J,High,125V,125V,NA,Surface Mount,SURFACE MOUNT,2,50A
A911,"Indicator Chip Very Fast Movement 0.08A 125V SMD Solder Pad 2410 Ceramic T/R CE/CSA/PSE/UL Electric Indicator, Very Fast Blow, 0.08A, 125VAC, 125VDC, 50A (IR), Surface Mount, NANO",Very Fast,RATED BREAKING CAPACITY AT 125 VDC: 50 A,Automotive|Battery Charging Circuit|Cooling Fan System|Networking|Power Supply|Telecommunication System,VERY FAST,2.69mm,2.69mm,6.1mm,0.08A,Ceramic,e4,0.00033J,Low,125V,125V,NA,Surface Mount,SURFACE MOUNT,2,50A
A912,"Indicator Chip Very Fast Movement 0.08A 125V SMD Solder Pad 2410 Ceramic T/R CE/CSA/PSE/UL Electric Indicator, Very Fast Blow, 0.08A, 125VAC, 125VDC, 50A (IR), Surface Mount, NANO",Very Fast,RATED BREAKING CAPACITY AT 125 VDC: 50 A,Automotive|Battery Charging Circuit|Cooling Fan System|Networking|Power Supply|Telecommunication System,VERY FAST,2.69mm,2.69mm,6.1mm,0.08A,Ceramic,e4,0.00033J,Low,125V,125V,NA,Surface Mount,SURFACE MOUNT,2,50A
A913,"Very Fast, Automotive|Battery Charging Circuit|Cooling Fan System|Networking|Power Supply|Telecommunication System, 0.1A, Ceramic, 6.1 X 2.69mm, 125V, 125V, Surface Mount, 2.0, 6.1mm",Very Fast,NA,Automotive|Battery Charging Circuit|Cooling Fan System|Networking|Power Supply|Telecommunication System,NA,NA,6.1,2.69,0.1A,Ceramic,NA,NA,NA,125V,125V,NA,Surface Mount,NA,2,NA
A914,"Indicator Chip Very Fast Movement 0.1A 125V SMD Solder Pad 2410 Ceramic T/R CE/CSA/PSE/UL Electric Indicator, Very Fast Blow, 0.1A, 125VAC, 125VDC, 50A (IR), Surface Mount, NANO",Very Fast,RATED BREAKING CAPACITY AT 125 VDC: 50 A,Automotive|Battery Charging Circuit|Cooling Fan System|Networking|Power Supply|Telecommunication System,VERY FAST,2.69mm,2.69mm,6.1mm,0.1A,Ceramic,e0,0.00138J,High,125V,125V,NA,Surface Mount,SURFACE MOUNT,2,50A
A915,"Indicator Chip Very Fast Movement 0.1A 125V SMD Solder Pad 2410 Ceramic T/R CE/CSA/PSE/UL Electric Indicator, Very Fast Blow, 0.1A, 125VAC, 125VDC, 50A (IR), Surface Mount, NANO",Very Fast,RATED BREAKING CAPACITY AT 125 VDC: 50 A,Automotive|Battery Charging Circuit|Cooling Fan System|Networking|Power Supply|Telecommunication System,VERY FAST,2.69mm,2.69mm,6.1mm,0.1A,Ceramic,e4,0.00138J,Low,125V,125V,NA,Surface Mount,SURFACE MOUNT,2,50A
A916,"Indicator Chip Very Fast Movement 0.1A 125V SMD Solder Pad 2410 Ceramic T/R CE/CSA/PSE/UL Electric Indicator, Very Fast Blow, 0.1A, 125VAC, 125VDC, 50A (IR), Surface Mount, NANO",Very Fast,RATED BREAKING CAPACITY AT 125 VDC: 50 A,Automotive|Battery Charging Circuit|Cooling Fan System|Networking|Power Supply|Telecommunication System,VERY FAST,2.69mm,2.69mm,6.1mm,0.1A,Ceramic,e4,0.00138J,Low,125V,125V,NA,Surface Mount,SURFACE MOUNT,2,50A
A917,"Indicator Chip Very Fast Movement 0.125A 125V SMD Solder Pad 2410 Ceramic T/R CE/CSA/PSE/UL Electric Indicator, Very Fast Blow, 0.125A, 125VAC, 125VDC, 50A (IR), Surface Mount, NANO",Very Fast,RATED BREAKING CAPACITY AT 125 VDC: 50 A,Automotive|Battery Charging Circuit|Cooling Fan System|Networking|Power Supply|Telecommunication System,VERY FAST,2.69mm,2.69mm,6.1mm,1.25A,Ceramic,e0,0.664J,High,125V,125V,NA,Surface Mount,SURFACE MOUNT,2,50A
A918,"Indicator Chip Very Fast Movement 1.25A 125V SMD Solder Pad 2410 Ceramic T/R CE/CSA/PSE/UL Electric Indicator, Very Fast Blow, 0.125A, 125VAC, 125VDC, 50A (IR), Surface Mount, NANO",Very Fast,RATED BREAKING CAPACITY AT 125 VDC: 50 A,Automotive|Battery Charging Circuit|Cooling Fan System|Networking|Power Supply|Telecommunication System,VERY FAST,2.69mm,2.69mm,6.1mm,0.125A,Ceramic,e4,0.664J,Low,125V,125V,NA,Surface Mount,SURFACE MOUNT,2,50A
A919,"Indicator Chip Very Fast Movement 0.125A 125V SMD Solder Pad 2410 Ceramic T/R CE/CSA/PSE/UL Electric Indicator, Very Fast Blow, 0.125A, 125VAC, 125VDC, 50A (IR), Surface Mount, NANO",Very Fast,RATED BREAKING CAPACITY AT 125 VDC: 50 A,Automotive|Battery Charging Circuit|Cooling Fan System|Networking|Power Supply|Telecommunication System,VERY FAST,2.69mm,2.69mm,6.1mm,0.125A,Ceramic,e0,0.00286J,High,125V,125V,NA,Surface Mount,SURFACE MOUNT,2,50A
A920,"Indicator Chip Very Fast Movement 0.125A 125V SMD Solder Pad 2410 Ceramic T/R CE/CSA/PSE/UL Electric Indicator, Very Fast Blow, 0.125A, 125VAC, 125VDC, 50A (IR), Surface Mount, NANO",Very Fast,RATED BREAKING CAPACITY AT 125 VDC: 50 A,Automotive|Battery Charging Circuit|Cooling Fan System|Networking|Power Supply|Telecommunication System,VERY FAST,2.69mm,2.69mm,6.1mm,1.25A,Ceramic,e4,0.664J,Low,125V,125V,NA,Surface Mount,SURFACE MOUNT,2,50A
A921,"Very Fast, Automotive|Battery Charging Circuit|Cooling Fan System|Networking|Power Supply|Telecommunication System, 1.25A, Ceramic, 6.1 X 2.69mm, 125V, 125V, Surface Mount, 2.0, 6.1mm",Very Fast,NA,Automotive|Battery Charging Circuit|Cooling Fan System|Networking|Power Supply|Telecommunication System,NA,NA,6.1,2.69,1.25A,Ceramic,NA,NA,NA,125V,125V,NA,Surface Mount,NA,2,NA
A922,"VERY FAST, 2.69mm, 2.69mm, 6.1mm, e0, High, 125Cel, -55Cel, 6.1mm  x  2.69mm  x  2.69mm, 0.16A, 125V",Fast,NA,NA,VERY FAST,2.69mm,2.69mm,6.1mm,0.16A,NA,e0,NA,High,NA,NA,NA,NA,NA,2,NA
A923,"Very Fast, Automotive|Battery Charging Circuit|Cooling Fan System|Networking|Power Supply|Telecommunication System, 0.16A, Ceramic, 6.1 X 2.69mm, 125V, 125V, Surface Mount, 2.0, 6.1mm",Very Fast,NA,Automotive|Battery Charging Circuit|Cooling Fan System|Networking|Power Supply|Telecommunication System,NA,NA,6.1,2.69,0.16A,Ceramic,NA,NA,NA,125V,125V,NA,Surface Mount,NA,2,NA
A924,"Indicator Chip Very Fast Movement 0.16A 125V SMD Solder Pad 2410 Ceramic T/R CE/CSA/PSE/UL Electric Indicator, Very Fast Blow, 0.16A, 125VAC, 125VDC, 50A (IR), Surface Mount, NANO",Very Fast,RATED BREAKING CAPACITY AT 125 VDC: 50 A,Automotive|Battery Charging Circuit|Cooling Fan System|Networking|Power Supply|Telecommunication System,VERY FAST,2.69mm,2.69mm,6.1mm,0.16A,Ceramic,e0,0.0048J,High,125V,125V,NA,Surface Mount,SURFACE MOUNT,2,50A
A925,"Indicator Chip Very Fast Movement 0.16A 125V SMD Solder Pad 2410 Ceramic T/R CSA/PSE/UL Electric Indicator, Very Fast Blow, 0.16A, 125VAC, 125VDC, 50A (IR), Surface Mount, NANO",Very Fast,RATED BREAKING CAPACITY AT 125 VDC: 50 A,Automotive|Battery Charging Circuit|Cooling Fan System|Networking|Power Supply|Telecommunication System,VERY FAST,2.69mm,2.69mm,6.1mm,0.16A,Ceramic,e4,0.0048J,Low,125V,125V,NA,Surface Mount,SURFACE MOUNT,2,50A
A926,"Indicator Chip Very Fast Movement 0.16A 125V SMD Solder Pad 2410 Ceramic T/R CE/CSA/PSE/UL Electric Indicator, Very Fast Blow, 0.16A, 125VAC, 125VDC, 50A (IR), Surface Mount, NANO",Very Fast,RATED BREAKING CAPACITY AT 125 VDC: 50 A,Automotive|Battery Charging Circuit|Cooling Fan System|Networking|Power Supply|Telecommunication System,VERY FAST,2.69mm,2.69mm,6.1mm,0.16A,Ceramic,e0,0.0048J,High,125V,125V,NA,Surface Mount,SURFACE MOUNT,2,50A
A927,"Indicator Chip Very Fast Movement 0.16A 125V SMD Solder Pad 2410 Ceramic T/R CE/CSA/PSE/UL Electric Indicator, Very Fast Blow, 0.16A, 125VAC, 125VDC, 50A (IR), Surface Mount, NANO",Very Fast,RATED BREAKING CAPACITY AT 125 VDC: 50 A,Automotive|Battery Charging Circuit|Cooling Fan System|Networking|Power Supply|Telecommunication System,VERY FAST,2.69mm,2.69mm,6.1mm,0.16A,Ceramic,e4,0.0048J,Low,125V,125V,NA,Surface Mount,SURFACE MOUNT,2,50A
A928,"Indicator Chip Very Fast Movement 0.2A 125V SMD Solder Pad 2410 Ceramic T/R CE/CSA/PSE/UL Electric Indicator, Very Fast Blow, 0.2A, 125VAC, 125VDC, 50A (IR), Surface Mount, NANO",Very Fast,RATED BREAKING CAPACITY AT 125 VDC: 50 A,Automotive|Battery Charging Circuit|Cooling Fan System|Networking|Power Supply|Telecommunication System,VERY FAST,2.69mm,2.69mm,6.1mm,0.2A,Ceramic,e0,0.0089J,High,125V,125V,NA,Surface Mount,SURFACE MOUNT,2,50A
A929,"Indicator Chip Very Fast Movement 0.2A 125V SMD Solder Pad 2410 Ceramic T/R CE/CSA/PSE/UL Electric Indicator, Very Fast Blow, 0.2A, 125VAC, 125VDC, 50A (IR), Surface Mount, NANO",Very Fast,RATED BREAKING CAPACITY AT 125 VDC: 50 A,Automotive|Battery Charging Circuit|Cooling Fan System|Networking|Power Supply|Telecommunication System,VERY FAST,2.69mm,2.69mm,6.1mm,0.2A,Ceramic,e4,0.0089J,Low,125V,125V,NA,Surface Mount,SURFACE MOUNT,2,50A
A930,"Indicator Chip Very Fast Movement 0.2A 125V SMD Solder Pad 2410 Ceramic T/R CE/CSA/PSE/UL Electric Indicator, Very Fast Blow, 0.2A, 125VAC, 125VDC, 50A (IR), Surface Mount, NANO",Very Fast,RATED BREAKING CAPACITY AT 125 VDC: 50 A,Automotive|Battery Charging Circuit|Cooling Fan System|Networking|Power Supply|Telecommunication System,VERY FAST,2.69mm,2.69mm,6.1mm,0.2A,Ceramic,e4,0.0089J,Low,125V,125V,NA,Surface Mount,SURFACE MOUNT,2,50A
A931,"Indicator Chip Very Fast Movement 0.25A 125V SMD Solder Pad 2410 Ceramic T/R CE/CSA/PSE/UL Electric Indicator, Very Fast Blow, 0.25A, 125VAC, 125VDC, 50A (IR), Surface Mount, NANO",Very Fast,RATED BREAKING CAPACITY AT 125 VDC: 50 A,Automotive|Battery Charging Circuit|Cooling Fan System|Networking|Power Supply|Telecommunication System,VERY FAST,2.69mm,2.69mm,6.1mm,0.25A,Ceramic,e0,0.0158J,High,125V,125V,NA,Surface Mount,SURFACE MOUNT,2,50A
A932,"Indicator Chip Very Fast Movement 0.25A 125V SMD Solder Pad 2410 Ceramic T/R CE/CSA/PSE/UL Electric Indicator, Very Fast Blow, 0.25A, 125VAC, 125VDC, 50A (IR), Surface Mount, NANO",Very Fast,RATED BREAKING CAPACITY AT 125 VDC: 50 A,Automotive|Battery Charging Circuit|Cooling Fan System|Networking|Power Supply|Telecommunication System,VERY FAST,2.69mm,2.69mm,6.1mm,0.25A,Ceramic,e4,0.0158J,Low,125V,125V,NA,Surface Mount,SURFACE MOUNT,2,50A
A933,"Indicator Chip Very Fast Movement 0.25A 125V SMD Solder Pad 2410 Ceramic T/R CE/CSA/PSE/UL Electric Indicator, Very Fast Blow, 0.25A, 125VAC, 125VDC, 50A (IR), Surface Mount, NANO",Very Fast,RATED BREAKING CAPACITY AT 125 VDC: 50 A,Automotive|Battery Charging Circuit|Cooling Fan System|Networking|Power Supply|Telecommunication System,VERY FAST,2.69mm,2.69mm,6.1mm,0.25A,Ceramic,e0,0.0158J,High,125V,125V,NA,Surface Mount,SURFACE MOUNT,2,50A
A934,"Indicator Chip Very Fast Movement 0.25A 125V SMD Solder Pad 2410 Ceramic T/R CE/CSA/PSE/UL Electric Indicator, Very Fast Blow, 0.25A, 125VAC, 125VDC, 50A (IR), Surface Mount, NANO",Very Fast,RATED BREAKING CAPACITY AT 125 VDC: 50 A,Automotive|Battery Charging Circuit|Cooling Fan System|Networking|Power Supply|Telecommunication System,VERY FAST,2.69mm,2.69mm,6.1mm,0.25A,Ceramic,e4,0.0158J,Low,125V,125V,NA,Surface Mount,SURFACE MOUNT,2,50A
A935,"Very Fast, Automotive|Battery Charging Circuit|Cooling Fan System|Networking|Power Supply|Telecommunication System, 0.25A, Ceramic, 6.1 X 2.69mm, 125V, 125V, Surface Mount, 2.0, 6.1mm",Very Fast,NA,Automotive|Battery Charging Circuit|Cooling Fan System|Networking|Power Supply|Telecommunication System,NA,NA,6.1,2.69,0.25A,Ceramic,NA,NA,NA,125V,125V,NA,Surface Mount,NA,2,NA
A936,"Very Fast, Automotive|Battery Charging Circuit|Cooling Fan System|Networking|Power Supply|Telecommunication System, 0.315A, Ceramic, 6.1 X 2.69mm, 125V, 125V, Surface Mount, 2.0, 6.1mm",Very Fast,NA,Automotive|Battery Charging Circuit|Cooling Fan System|Networking|Power Supply|Telecommunication System,NA,NA,6.1,2.69,0.315A,Ceramic,NA,NA,NA,125V,125V,NA,Surface Mount,NA,2,NA
A937,"Indicator Chip Very Fast Movement 0.315A 125V SMD Solder Pad 2410 Ceramic T/R CE/CSA/PSE/UL Electric Indicator, Very Fast Blow, 0.315A, 125VAC, 125VDC, 50A (IR), Surface Mount, NANO",Very Fast,RATED BREAKING CAPACITY AT 125 VDC: 50 A,Automotive|Battery Charging Circuit|Cooling Fan System|Networking|Power Supply|Telecommunication System,VERY FAST,2.69mm,2.69mm,6.1mm,3.15A,Ceramic,e0,1.92J,High,125V,125V,NA,Surface Mount,SURFACE MOUNT,2,50A
A938,"Indicator Chip Very Fast Movement 3.15A 125V SMD Solder Pad 2410 Ceramic T/R CE/CSA/PSE/UL Electric Indicator, Very Fast Blow, 0.315A, 125VAC, 125VDC, 50A (IR), Surface Mount, NANO",Very Fast,RATED BREAKING CAPACITY AT 125 VDC: 50 A,Automotive|Battery Charging Circuit|Cooling Fan System|Networking|Power Supply|Telecommunication System,VERY FAST,2.69mm,2.69mm,6.1mm,0.315A,Ceramic,e4,1.92J,Low,125V,125V,NA,Surface Mount,SURFACE MOUNT,2,50A
A939,"Indicator Chip Very Fast Movement 0.315A 125V SMD Solder Pad 2410 Ceramic T/R CE/CSA/PSE/UL Electric Indicator, Very Fast Blow, 0.315A, 125VAC, 125VDC, 50A (IR), Surface Mount, NANO",Very Fast,RATED BREAKING CAPACITY AT 125 VDC: 50 A,Automotive|Battery Charging Circuit|Cooling Fan System|Networking|Power Supply|Telecommunication System,VERY FAST,2.69mm,2.69mm,6.1mm,3.15A,Ceramic,e4,1.92J,Low,125V,125V,NA,Surface Mount,SURFACE MOUNT,2,50A
A940,"Very Fast, Automotive|Battery Charging Circuit|Cooling Fan System|Networking|Power Supply|Telecommunication System, 3.15A, Ceramic, 6.1 X 2.69mm, 125V, 125V, Surface Mount, 2.0, 6.1mm",Very Fast,NA,Automotive|Battery Charging Circuit|Cooling Fan System|Networking|Power Supply|Telecommunication System,NA,NA,6.1,2.69,3.15A,Ceramic,NA,NA,NA,125V,125V,NA,Surface Mount,NA,2,NA
A941,"Very Fast, Automotive|Battery Charging Circuit|Cooling Fan System|Networking|Power Supply|Telecommunication System, 0.375A, Ceramic, 6.1 X 2.69mm, 125V, 125V, Surface Mount, 2.0, 6.1mm",Very Fast,NA,Automotive|Battery Charging Circuit|Cooling Fan System|Networking|Power Supply|Telecommunication System,NA,NA,6.1,2.69,0.375A,Ceramic,NA,NA,NA,125V,125V,NA,Surface Mount,NA,2,NA
A942,"Indicator Chip Very Fast Movement 0.375A 125V SMD Solder Pad 2410 Ceramic T/R CE/CSA/PSE/UL Electric Indicator, Very Fast Blow, 0.375A, 125VAC, 125VDC, 50A (IR), Surface Mount, NANO",Very Fast,RATED BREAKING CAPACITY AT 125 VDC: 50 A,Automotive|Battery Charging Circuit|Cooling Fan System|Networking|Power Supply|Telecommunication System,VERY FAST,2.69mm,2.69mm,6.1mm,0.375A,Ceramic,e0,0.0425J,High,125V,125V,NA,Surface Mount,SURFACE MOUNT,2,50A
A943,"Indicator Chip Very Fast Movement 0.375A 125V SMD Solder Pad 2410 Ceramic T/R CE/CSA/PSE/UL Electric Indicator, Very Fast Blow, 0.375A, 125VAC, 125VDC, 50A (IR), Surface Mount, NANO",Very Fast,RATED BREAKING CAPACITY AT 125 VDC: 50 A,Automotive|Battery Charging Circuit|Cooling Fan System|Networking|Power Supply|Telecommunication System,VERY FAST,2.69mm,2.69mm,6.1mm,0.375A,Ceramic,e4,0.0425J,Low,125V,125V,NA,Surface Mount,SURFACE MOUNT,2,50A
A944,"Indicator Chip Very Fast Movement 0.375A 125V SMD Solder Pad 2410 Ceramic T/R CE/CSA/PSE/UL Electric Indicator, Very Fast Blow, 0.375A, 125VAC, 125VDC, 50A (IR), Surface Mount, NANO",Very Fast,RATED BREAKING CAPACITY AT 125 VDC: 50 A,Automotive|Battery Charging Circuit|Cooling Fan System|Networking|Power Supply|Telecommunication System,VERY FAST,2.69mm,2.69mm,6.1mm,0.375A,Ceramic,e0,0.0425J,High,125V,125V,NA,Surface Mount,SURFACE MOUNT,2,50A
A945,"Indicator Chip Very Fast Movement 0.375A 125V SMD Solder Pad 2410 Ceramic T/R CE/CSA/PSE/UL Electric Indicator, Very Fast Blow, 0.375A, 125VAC, 125VDC, 50A (IR), Surface Mount, NANO",Very Fast,RATED BREAKING CAPACITY AT 125 VDC: 50 A,Automotive|Battery Charging Circuit|Cooling Fan System|Networking|Power Supply|Telecommunication System,VERY FAST,2.69mm,2.69mm,6.1mm,0.375A,Ceramic,e4,0.0425J,Low,125V,125V,NA,Surface Mount,SURFACE MOUNT,2,50A
A946,"Indicator Chip Very Fast Movement 0.4A 125V SMD Solder Pad 2410 Ceramic T/R CE/CSA/PSE/UL Electric Indicator, Very Fast Blow, 0.4A, 125VAC, 125VDC, 50A (IR), Surface Mount, NANO",Very Fast,RATED BREAKING CAPACITY AT 125 VDC: 50 A,Automotive|Battery Charging Circuit|Cooling Fan System|Networking|Power Supply|Telecommunication System,VERY FAST,2.69mm,2.69mm,6.1mm,0.4A,Ceramic,e0,0.0484J,High,125V,125V,NA,Surface Mount,SURFACE MOUNT,2,50A
A947,"Indicator Chip Very Fast Movement 0.4A 125V SMD Solder Pad 2410 Ceramic T/R CE/CSA/PSE/UL Electric Indicator, Very Fast Blow, 0.4A, 125VAC, 125VDC, 50A (IR), Surface Mount, NANO",Very Fast,RATED BREAKING CAPACITY AT 125 VDC: 50 A,Automotive|Battery Charging Circuit|Cooling Fan System|Networking|Power Supply|Telecommunication System,VERY FAST,2.69mm,2.69mm,6.1mm,0.4A,Ceramic,e4,0.0484J,Low,125V,125V,NA,Surface Mount,SURFACE MOUNT,2,50A
A948,"Indicator Chip Very Fast Movement 0.4A 125V SMD Solder Pad 2410 Ceramic T/R CE/CSA/PSE/UL Electric Indicator, Very Fast Blow, 0.4A, 125VAC, 125VDC, 50A (IR), Surface Mount, NANO",Very Fast,RATED BREAKING CAPACITY AT 125 VDC: 50 A,Automotive|Battery Charging Circuit|Cooling Fan System|Networking|Power Supply|Telecommunication System,VERY FAST,2.69mm,2.69mm,6.1mm,0.4A,Ceramic,e4,0.0484J,Low,125V,125V,NA,Surface Mount,SURFACE MOUNT,2,50A
A949,"Indicator Chip Very Fast Movement 0.5A 125V SMD Solder Pad 2410 Ceramic T/R CE/CSA/PSE/UL Electric Indicator, Very Fast Blow, 0.5A, 125VAC, 125VDC, 50A (IR), Surface Mount, NANO",Very Fast,RATED BREAKING CAPACITY AT 125 VDC: 50 A,Automotive|Battery Charging Circuit|Cooling Fan System|Networking|Power Supply|Telecommunication System,VERY FAST,2.69mm,2.69mm,6.1mm,0.5A,Ceramic,e0,0.0795J,High,125V,125V,NA,Surface Mount,SURFACE MOUNT,2,50A
A950,"Indicator Chip Very Fast Movement 0.5A 125V SMD Solder Pad 2410 Ceramic T/R CE/CSA/PSE/UL Electric Indicator, Very Fast Blow, 0.5A, 125VAC, 125VDC, 50A (IR), Surface Mount, NANO",Very Fast,RATED BREAKING CAPACITY AT 125 VDC: 50 A,Automotive|Battery Charging Circuit|Cooling Fan System|Networking|Power Supply|Telecommunication System,VERY FAST,2.69mm,2.69mm,6.1mm,0.5A,Ceramic,e4,0.0795J,Low,125V,125V,NA,Surface Mount,SURFACE MOUNT,2,50A
A951,"Indicator Chip Very Fast Movement 0.5A 125V SMD Solder Pad 2410 Ceramic T/R CE/CSA/PSE/UL Electric Indicator, Very Fast Blow, 0.5A, 125VAC, 125VDC, 50A (IR), Surface Mount, NANO",Very Fast,RATED BREAKING CAPACITY AT 125 VDC: 50 A,Automotive|Battery Charging Circuit|Cooling Fan System|Networking|Power Supply|Telecommunication System,VERY FAST,2.69mm,2.69mm,6.1mm,0.5A,Ceramic,e0,0.0795J,High,125V,125V,NA,Surface Mount,SURFACE MOUNT,2,50A
A952,"Indicator Chip Very Fast Movement 0.5A 125V SMD Solder Pad 2410 Ceramic T/R CE/CSA/PSE/UL Electric Indicator, Very Fast Blow, 0.5A, 125VAC, 125VDC, 50A (IR), Surface Mount, NANO",Very Fast,RATED BREAKING CAPACITY AT 125 VDC: 50 A,Automotive|Battery Charging Circuit|Cooling Fan System|Networking|Power Supply|Telecommunication System,VERY FAST,2.69mm,2.69mm,6.1mm,0.5A,Ceramic,e4,0.0795J,Low,125V,125V,NA,Surface Mount,SURFACE MOUNT,2,50A
A953,"Very Fast, Automotive|Battery Charging Circuit|Cooling Fan System|Networking|Power Supply|Telecommunication System, 0.5A, Ceramic, 6.1 X 2.69mm, 125V, 125V, Surface Mount, 2.0, 6.1mm",Very Fast,NA,Automotive|Battery Charging Circuit|Cooling Fan System|Networking|Power Supply|Telecommunication System,NA,NA,6.1,2.69,0.5A,Ceramic,NA,NA,NA,125V,125V,NA,Surface Mount,NA,2,NA
A954,"Indicator Chip Very Fast Movement 0.63A 125V SMD Solder Pad 2410 Ceramic T/R CE/CSA/PSE/UL Electric Indicator, Very Fast Blow, 0.63A, 125VAC, 125VDC, 50A (IR), Surface Mount, NANO",Very Fast,RATED BREAKING CAPACITY AT 125 VDC: 50 A,Automotive|Battery Charging Circuit|Cooling Fan System|Networking|Power Supply|Telecommunication System,VERY FAST,2.69mm,2.69mm,6.1mm,0.63A,Ceramic,e0,0.143J,High,125V,125V,NA,Surface Mount,SURFACE MOUNT,2,50A
A955,"Indicator Chip Very Fast Movement 0.63A 125V SMD Solder Pad 2410 Ceramic T/R CE/CSA/PSE/UL Electric Indicator, Very Fast Blow, 0.63A, 125VAC, 125VDC, 50A (IR), Surface Mount, NANO",Very Fast,RATED BREAKING CAPACITY AT 125 VDC: 50 A,Automotive|Battery Charging Circuit|Cooling Fan System|Networking|Power Supply|Telecommunication System,VERY FAST,2.69mm,2.69mm,6.1mm,0.63A,Ceramic,e4,0.143J,Low,125V,125V,NA,Surface Mount,SURFACE MOUNT,2,50A
A956,"Indicator Chip Very Fast Movement 0.63A 125V SMD Solder Pad 2410 Ceramic T/R CE/CSA/PSE/UL Electric Indicator, Very Fast Blow, 0.63A, 125VAC, 125VDC, 50A (IR), Surface Mount, NANO",Very Fast,RATED BREAKING CAPACITY AT 125 VDC: 50 A,Automotive|Battery Charging Circuit|Cooling Fan System|Networking|Power Supply|Telecommunication System,VERY FAST,2.69mm,2.69mm,6.1mm,0.63A,Ceramic,e4,0.143J,Low,125V,125V,NA,Surface Mount,SURFACE MOUNT,2,50A
A957,"Very Fast, Automotive|Battery Charging Circuit|Cooling Fan System|Networking|Power Supply|Telecommunication System, 0.75A, Ceramic, 6.1 X 2.69mm, 125V, 125V, Surface Mount, 2.0, 6.1mm",Very Fast,NA,Automotive|Battery Charging Circuit|Cooling Fan System|Networking|Power Supply|Telecommunication System,NA,NA,6.1,2.69,0.75A,Ceramic,NA,NA,NA,125V,125V,NA,Surface Mount,NA,2,NA
A958,"Indicator Chip Very Fast Movement 0.75A 125V SMD Solder Pad 2410 Ceramic T/R CE/CSA/PSE/UL Electric Indicator, Very Fast Blow, 0.75A, 125VAC, 125VDC, 50A (IR), Surface Mount, NANO",Very Fast,RATED BREAKING CAPACITY AT 125 VDC: 50 A,Automotive|Battery Charging Circuit|Cooling Fan System|Networking|Power Supply|Telecommunication System,VERY FAST,2.69mm,2.69mm,6.1mm,0.75A,Ceramic,e0,0.185J,High,125V,125V,NA,Surface Mount,SURFACE MOUNT,2,50A
A959,"Indicator Chip Very Fast Movement 0.75A 125V SMD Solder Pad 2410 Ceramic T/R CE/CSA/PSE/UL Electric Indicator, Very Fast Blow, 0.75A, 125VAC, 125VDC, 50A (IR), Surface Mount, NANO",Very Fast,RATED BREAKING CAPACITY AT 125 VDC: 50 A,Automotive|Battery Charging Circuit|Cooling Fan System|Networking|Power Supply|Telecommunication System,VERY FAST,2.69mm,2.69mm,6.1mm,0.75A,Ceramic,e4,0.185J,Low,125V,125V,NA,Surface Mount,SURFACE MOUNT,2,50A
A960,"Indicator Chip Very Fast Movement 0.75A 125V SMD Solder Pad 2410 Ceramic T/R CE/CSA/PSE/UL Electric Indicator, Very Fast Blow, 0.75A, 125VAC, 125VDC, 50A (IR), Surface Mount, NANO",Very Fast,RATED BREAKING CAPACITY AT 125 VDC: 50 A,Automotive|Battery Charging Circuit|Cooling Fan System|Networking|Power Supply|Telecommunication System,VERY FAST,2.69mm,2.69mm,6.1mm,0.75A,Ceramic,e0,0.185J,High,125V,125V,NA,Surface Mount,SURFACE MOUNT,2,50A
A961,"Indicator Chip Very Fast Movement 0.75A 125V SMD Solder Pad 2410 Ceramic T/R CE/CSA/PSE/UL Electric Indicator, Very Fast Blow, 0.75A, 125VAC, 125VDC, 50A (IR), Surface Mount, NANO",Very Fast,RATED BREAKING CAPACITY AT 125 VDC: 50 A,Automotive|Battery Charging Circuit|Cooling Fan System|Networking|Power Supply|Telecommunication System,VERY FAST,2.69mm,2.69mm,6.1mm,0.75A,Ceramic,e4,0.185J,Low,125V,125V,NA,Surface Mount,SURFACE MOUNT,2,50A
A962,"Indicator Chip Very Fast Movement 0.8A 125V SMD Solder Pad 2410 Ceramic T/R CE/CSA/PSE/UL Electric Indicator, Very Fast Blow, 0.8A, 125VAC, 125VDC, 50A (IR), Surface Mount, NANO",Very Fast,RATED BREAKING CAPACITY AT 125 VDC: 50 A,Automotive|Battery Charging Circuit|Cooling Fan System|Networking|Power Supply|Telecommunication System,VERY FAST,2.69mm,2.69mm,6.1mm,0.8A,Ceramic,e0,0.271J,High,125V,125V,NA,Surface Mount,SURFACE MOUNT,2,50A
A963,"Indicator Chip Very Fast Movement 0.8A 125V SMD Solder Pad 2410 Ceramic T/R CE/CSA/PSE/UL Electric Indicator, Very Fast Blow, 0.8A, 125VAC, 125VDC, 50A (IR), Surface Mount, NANO",Very Fast,RATED BREAKING CAPACITY AT 125 VDC: 50 A,Automotive|Battery Charging Circuit|Cooling Fan System|Networking|Power Supply|Telecommunication System,VERY FAST,2.69mm,2.69mm,6.1mm,0.8A,Ceramic,e4,0.271J,Low,125V,125V,NA,Surface Mount,SURFACE MOUNT,2,50A
A964,"Indicator Chip Very Fast Movement 0.8A 125V SMD Solder Pad 2410 Ceramic T/R CE/CSA/PSE/UL Electric Indicator, Very Fast Blow, 0.8A, 125VAC, 125VDC, 50A (IR), Surface Mount, NANO",Very Fast,RATED BREAKING CAPACITY AT 125 VDC: 50 A,Automotive|Battery Charging Circuit|Cooling Fan System|Networking|Power Supply|Telecommunication System,VERY FAST,2.69mm,2.69mm,6.1mm,0.8A,Ceramic,e4,0.271J,Low,125V,125V,NA,Surface Mount,SURFACE MOUNT,2,50A
A965,"Indicator Chip Slow Blow Movement 1A 125V SMD Solder Pad 2410 Ceramic CSA/PSE/UL Electric Indicator, Fast Blow, 1A, 125VAC, 125VDC, 50A (IR), Surface Mount",Slow Blow,RATED BREAKING CAPACITY AT 125 VDC: 50 A,Automotive|Battery Charging Circuit|Cooling Fan System|Networking|Power Supply|Telecommunication System,FAST,2.69mm,6.1mm,2.69mm,1A,Ceramic,e0,1.98J,Low,125V,125V,NA,Surface Mount,SURFACE MOUNT,2,50A
A966,"Slow Blow, Automotive|Battery Charging Circuit|Cooling Fan System|Networking|Power Supply|Telecommunication System, 1A, Ceramic, 6.1 X 2.69mm, 125V, 125V, Surface Mount, 2.0, 6.1mm",Slow Blow,NA,Automotive|Battery Charging Circuit|Cooling Fan System|Networking|Power Supply|Telecommunication System,NA,NA,6.1,2.69,1A,Ceramic,NA,NA,NA,125V,125V,NA,Surface Mount,NA,2,NA
A967,"Indicator Chip Slow Blow Movement 1A 125V SMD Solder Pad 2410 Ceramic T/R CSA/PSE/UL Electric Indicator, Time Lag Blow, 1A, 125VAC, 125VDC, 50A (IR), Surface Mount, NANO",Slow Blow,RATED BREAKING CAPACITY AT 125 VDC: 50 A,Automotive|Battery Charging Circuit|Cooling Fan System|Networking|Power Supply|Telecommunication System,TIME LAG,2.69mm,2.69mm,6.1mm,1A,Ceramic,e4,1.98J,High,125V,125V,NA,Surface Mount,SURFACE MOUNT,2,50A
A968,"Indicator Chip Slow Blow Movement 1A 125V SMD Solder Pad 2410 Ceramic T/R CSA/PSE/UL Electric Indicator, Slow Blow, 1A, 125VAC, 125VDC, 50A (IR), Surface Mount, NANO",Slow Blow,RATED BREAKING CAPACITY AT 125 VDC: 50 A,Automotive|Battery Charging Circuit|Cooling Fan System|Networking|Power Supply|Telecommunication System,SLOW,2.69mm,2.69mm,6.1mm,1A,Ceramic,e4,1.98J,Low,125V,125V,NA,Surface Mount,SURFACE MOUNT,2,50A
A969,Indicator Chip Slow Blow Movement 0.1A 125V SMD Solder Pad 2410 Ceramic T/R CSA Electric Indicator,Slow Blow,NA,Automotive|Battery Charging Circuit|Cooling Fan System|Networking|Power Supply|Telecommunication System,NA,NA,NA,NA,0.1A,Ceramic,NA,NA,Low,125V,125V,NA,Surface Mount,NA,2,NA
A970,"Indicator Chip Slow Blow Movement 1A 125V SMD Solder Pad 2410 Ceramic T/R CSA/PSE/UL Electric Indicator, Slow Blow, 1A, 125VAC, 125VDC, 50A (IR), Surface Mount, NANO",Slow Blow,RATED BREAKING CAPACITY AT 125 VDC: 50 A,Automotive|Battery Charging Circuit|Cooling Fan System|Networking|Power Supply|Telecommunication System,SLOW,2.69mm,2.69mm,6.1mm,1A,Ceramic,e4,1.98J,Low,125V,125V,NA,Surface Mount,SURFACE MOUNT,2,50A
A971,"Indicator Chip Slow Blow Movement 2A 125V SMD Solder Pad 2410 Ceramic T/R CSA/PSE/UL Electric Indicator, Time Lag Blow, 2A, 125VAC, 125VDC, 50A (IR), Surface Mount, NANO",Slow Blow,RATED BREAKING CAPACITY AT 125 VDC: 50 A,Automotive|Battery Charging Circuit|Cooling Fan System|Networking|Power Supply|Telecommunication System,TIME LAG,2.69mm,2.69mm,6.1mm,2A,Ceramic,e4,8.2J,High,125V,125V,NA,Surface Mount,SURFACE MOUNT,2,50A
A972,"Indicator Chip Slow Blow Movement 2A 125V SMD Solder Pad 2410 Ceramic T/R CSA/PSE/UL Electric Indicator, Slow Blow, 2A, 125VAC, 125VDC, 50A (IR), Surface Mount, NANO",Slow Blow,RATED BREAKING CAPACITY AT 125 VDC: 50 A,Automotive|Battery Charging Circuit|Cooling Fan System|Networking|Power Supply|Telecommunication System,SLOW,2.69mm,2.69mm,6.1mm,2A,Ceramic,e4,8.2J,Low,125V,125V,NA,Surface Mount,SURFACE MOUNT,2,50A
A973,Indicator Chip Slow Blow Movement 2A 125V SMD Solder Pad 2410 Ceramic T/R CSA/PSE/UL Electric Indicator,Slow Blow,NA,Automotive|Battery Charging Circuit|Cooling Fan System|Networking|Power Supply|Telecommunication System,NA,NA,NA,NA,2A,Ceramic,NA,NA,Low,125V,125V,NA,Surface Mount,NA,2,NA
A974,"Indicator Chip Slow Blow Movement 2A 125V SMD Solder Pad 2410 Ceramic T/R CSA/PSE/UL Electric Indicator, Slow Blow, 2A, 125VAC, 125VDC, 50A (IR), Surface Mount, NANO",Slow Blow,RATED BREAKING CAPACITY AT 125 VDC: 50 A,Automotive|Battery Charging Circuit|Cooling Fan System|Networking|Power Supply|Telecommunication System,SLOW,2.69mm,2.69mm,6.1mm,2A,Ceramic,e4,8.2J,Low,125V,125V,NA,Surface Mount,SURFACE MOUNT,2,50A
A975,"Indicator Chip Slow Blow Movement 3A 125V SMD Solder Pad 6.1 X 2.69mm Ceramic CSA/PSE/UL Electric Indicator, Fast Blow, 3A, 125VAC, 125VDC, 50A (IR), Surface Mount",Slow Blow,RATED BREAKING CAPACITY AT 125 VDC: 50 A,Automotive|Battery Charging Circuit|Cooling Fan System|Networking|Power Supply|Telecommunication System,FAST,2.69mm,6.1mm,2.69mm,3A,Ceramic,e0,20.16J,Low,125V,125V,NA,Surface Mount,SURFACE MOUNT,2,50A
A976,"Indicator Chip Slow Blow Movement 3A 125V SMD Solder Pad 2410 Ceramic T/R CSA/PSE/UL Electric Indicator, Time Lag Blow, 3A, 125VAC, 125VDC, 50A (IR), Surface Mount, NANO",Slow Blow,RATED BREAKING CAPACITY AT 125 VDC: 50 A,Automotive|Battery Charging Circuit|Cooling Fan System|Networking|Power Supply|Telecommunication System,TIME LAG,2.69mm,2.69mm,6.1mm,3A,Ceramic,e4,20.16J,High,125V,125V,NA,Surface Mount,SURFACE MOUNT,2,50A
A977,"Indicator Chip Slow Blow Movement 3A 125V SMD Solder Pad 2410 Ceramic T/R CSA/PSE/UL Electric Indicator, Slow Blow, 3A, 125VAC, 125VDC, 50A (IR), Surface Mount, NANO",Slow Blow,RATED BREAKING CAPACITY AT 125 VDC: 50 A,Automotive|Battery Charging Circuit|Cooling Fan System|Networking|Power Supply|Telecommunication System,SLOW,2.69mm,2.69mm,6.1mm,3A,Ceramic,e4,20.16J,Low,125V,125V,NA,Surface Mount,SURFACE MOUNT,2,50A
A978,"Indicator Chip Slow Blow Movement 3A 125V SMD Solder Pad 2410 Ceramic T/R CSA/PSE/UL Electric Indicator, Slow Blow, 3A, 125VAC, 125VDC, 50A (IR), Surface Mount, NANO",Slow Blow,RATED BREAKING CAPACITY AT 125 VDC: 50 A,Automotive|Battery Charging Circuit|Cooling Fan System|Networking|Power Supply|Telecommunication System,SLOW,2.69mm,2.69mm,6.1mm,3A,Ceramic,e4,20.16J,Low,125V,125V,NA,Surface Mount,SURFACE MOUNT,2,50A
A979,"Indicator Chip Slow Blow Movement 4A 125V SMD Solder Pad 2410 Ceramic CSA/PSE/UL Electric Indicator, Fast Blow, 4A, 125VAC, 125VDC, 50A (IR), Surface Mount",Slow Blow,RATED BREAKING CAPACITY AT 125 VDC: 50 A,Automotive|Battery Charging Circuit|Cooling Fan System|Networking|Power Supply|Telecommunication System,FAST,2.69mm,6.1mm,2.69mm,4A,Ceramic,e0,34.4J,Low,125V,125V,NA,Surface Mount,SURFACE MOUNT,2,50A
A980,"Indicator Chip Slow Blow Movement 4A 125V SMD Solder Pad 2410 Ceramic T/R CSA/PSE/UL Electric Indicator, Time Lag Blow, 4A, 125VAC, 125VDC, 50A (IR), Surface Mount",Slow Blow,RATED BREAKING CAPACITY AT 125 VDC: 50 A,Automotive|Battery Charging Circuit|Cooling Fan System|Networking|Power Supply|Telecommunication System,TIME LAG,2.69mm,2.69mm,6.1mm,4A,Ceramic,NA,34.4J,High,125V,125V,NA,Surface Mount,SURFACE MOUNT,2,50A
A981,"Indicator Chip Slow Blow Movement 4A 125V SMD Solder Pad 2410 Ceramic T/R CSA/PSE/UL Electric Indicator, Slow Blow, 4A, 125VAC, 125VDC, 50A (IR), Surface Mount, NANO",Slow Blow,RATED BREAKING CAPACITY AT 125 VDC: 50 A,Automotive|Battery Charging Circuit|Cooling Fan System|Networking|Power Supply|Telecommunication System,SLOW,2.69mm,2.69mm,6.1mm,4A,Ceramic,e4,34.4J,Low,125V,125V,NA,Surface Mount,SURFACE MOUNT,2,50A
A982,"Indicator Chip Slow Blow Movement 4A 125V SMD Solder Pad 2410 Ceramic T/R CSA/PSE/UL Electric Indicator, Slow Blow, 4A, 125VAC, 125VDC, 50A (IR), Surface Mount",Slow Blow,RATED BREAKING CAPACITY AT 125 VDC: 50 A,Automotive|Battery Charging Circuit|Cooling Fan System|Networking|Power Supply|Telecommunication System,SLOW,2.69mm,2.69mm,6.1mm,4A,Ceramic,e4,34.4J,Low,125V,125V,NA,Surface Mount,SURFACE MOUNT,2,50A
A983,"Indicator Chip Slow Blow Movement 5A 125V SMD Solder Pad 2410 Ceramic CSA/PSE/UL Electric Indicator, Fast Blow, 5A, 125VAC, 125VDC, 50A (IR), Surface Mount",Slow Blow,RATED BREAKING CAPACITY AT 125 VDC: 50 A,Automotive|Battery Charging Circuit|Cooling Fan System|Networking|Power Supply|Telecommunication System,FAST,2.69mm,6.1mm,2.69mm,5A,Ceramic,e0,53.72J,Low,125V,125V,NA,Surface Mount,SURFACE MOUNT,2,50A
A984,"Indicator Chip Slow Blow Movement 5A 125V SMD Solder Pad 2410 Ceramic T/R CSA/PSE/UL Electric Indicator, Time Lag Blow, 5A, 125VAC, 125VDC, 50A (IR), Surface Mount, NANO",Slow Blow,RATED BREAKING CAPACITY AT 125 VDC: 50 A,Automotive|Battery Charging Circuit|Cooling Fan System|Networking|Power Supply|Telecommunication System,TIME LAG,2.69mm,2.69mm,6.1mm,5A,Ceramic,e4,53.72J,Low,125V,125V,NA,Surface Mount,SURFACE MOUNT,2,50A
A985,"Indicator Chip Slow Blow Movement 5A 125V SMD Solder Pad 2410 Ceramic T/R CSA/PSE/UL Electric Indicator, Slow Blow, 5A, 125VAC, 125VDC, 50A (IR), Surface Mount, NANO",Slow Blow,RATED BREAKING CAPACITY AT 125 VDC: 50 A,Automotive|Battery Charging Circuit|Cooling Fan System|Networking|Power Supply|Telecommunication System,SLOW,2.69mm,2.69mm,6.1mm,5A,Ceramic,e4,53.72J,Low,125V,125V,NA,Surface Mount,SURFACE MOUNT,2,50A
A986,Indicator Chip Slow Blow Movement 5A 125V SMD Solder Pad 2410 Ceramic T/R CSA Electric Indicator,Slow Blow,NA,Automotive|Battery Charging Circuit|Cooling Fan System|Networking|Power Supply|Telecommunication System,NA,NA,NA,NA,5A,Ceramic,NA,NA,Low,125V,125V,NA,Surface Mount,NA,2,NA
A987,"Indicator Chip Slow Blow Movement 5A 125V SMD Solder Pad 2410 Ceramic T/R CSA/PSE/UL Electric Indicator, Time Lag Blow, 5A, 125VAC, 125VDC, 50A (IR), Surface Mount, NANO",Slow Blow,RATED BREAKING CAPACITY AT 125 VDC: 50 A,Automotive|Battery Charging Circuit|Cooling Fan System|Networking|Power Supply|Telecommunication System,TIME LAG,2.69mm,2.69mm,6.1mm,5A,Ceramic,e4,53.72J,Low,125V,125V,NA,Surface Mount,SURFACE MOUNT,2,50A
A988,"Indicator Chip Slow Blow Movement 5A 125V SMD Solder Pad 2410 Ceramic T/R CSA/PSE/UL Electric Indicator, Slow Blow, 5A, 125VAC, 125VDC, 50A (IR), Surface Mount, NANO",Slow Blow,RATED BREAKING CAPACITY AT 125 VDC: 50 A,Automotive|Battery Charging Circuit|Cooling Fan System|Networking|Power Supply|Telecommunication System,SLOW,2.69mm,2.69mm,6.1mm,5A,Ceramic,e4,53.72J,Low,125V,125V,NA,Surface Mount,SURFACE MOUNT,2,50A
A989,"Indicator Chip Slow Blow Movement 7A 72V SMD Solder Pad 2410 Ceramic T/R CSA/UL Electric Indicator, Slow Blow, 7A, 72VAC, 60VDC, 50A (IR), Surface Mount",Slow Blow,RATED BREAKING CAPACITY AT 60 VDC: 50 A,Automotive|Battery Charging Circuit|Cooling Fan System|Networking|Power Supply|Telecommunication System,SLOW,2.69mm,2.69mm,6.1mm,7A,Ceramic,e4,123.83J,Low,72V,60V,NA,Surface Mount,SURFACE MOUNT,2,50A
A990,"Indicator Chip Slow Blow Movement 7A 72V SMD Solder Pad 2410 Ceramic T/R CSA/UL Electric Indicator, Slow Blow, 7A, 72VAC, 60VDC, 50A (IR), Surface Mount",Slow Blow,RATED BREAKING CAPACITY AT 60 VDC: 50 A,Automotive|Battery Charging Circuit|Cooling Fan System|Networking|Power Supply|Telecommunication System,SLOW,2.69mm,2.69mm,6.1mm,7A,Ceramic,NA,123.83J,Low,72V,60V,NA,Surface Mount,SURFACE MOUNT,2,50A
A991,"RATED BREAKING CAPACITY AT 125 VDC: 50 A, FAST, 2.69mm, 6.1mm, 2.69mm, e0, 3.65J, Low, SURFACE MOUNT, 125Cel, -55Cel, 2.69mm  x  2.69mm  x  6.1mm, 50A, 1.5A, 125V, 125V",NA,RATED BREAKING CAPACITY AT 125 VDC: 50 A,NA,FAST,2.69mm,6.1mm,2.69mm,50A,NA,e0,3.65J,Low,NA,125VDC,NA,NA,SURFACE MOUNT,2,50A
A992,"Indicator Chip Slow Blow Movement 1.5A 125V SMD Solder Pad 2410 Ceramic T/R CSA/PSE/UL Electric Indicator, Time Lag Blow, 1.5A, 125VAC, 125VDC, 50A (IR), Surface Mount, NANO",Slow Blow,RATED BREAKING CAPACITY AT 125 VDC: 50 A,Automotive|Battery Charging Circuit|Cooling Fan System|Networking|Power Supply|Telecommunication System,TIME LAG,2.69mm,2.69mm,6.1mm,1.5A,Ceramic,e4,3.65J,High,125V,125V,NA,Surface Mount,SURFACE MOUNT,2,50A
A993,"Indicator Chip Slow Blow Movement 1.5A 125V SMD Solder Pad 2410 Ceramic T/R CSA/PSE/UL Electric Indicator, Slow Blow, 1.5A, 125VAC, 125VDC, 50A (IR), Surface Mount, NANO",Slow Blow,RATED BREAKING CAPACITY AT 125 VDC: 50 A,Automotive|Battery Charging Circuit|Cooling Fan System|Networking|Power Supply|Telecommunication System,SLOW,2.69mm,2.69mm,6.1mm,1.5A,Ceramic,e4,3.65J,Low,125V,125V,NA,Surface Mount,SURFACE MOUNT,2,50A
A994,Indicator Chip Slow Blow Movement 1.5A 125V SMD Solder Pad 2410 Ceramic T/R CSA/PSE/UL Electric Indicator,Slow Blow,NA,Automotive|Battery Charging Circuit|Cooling Fan System|Networking|Power Supply|Telecommunication System,NA,NA,NA,NA,1.5A,Ceramic,NA,NA,Low,125V,125V,NA,Surface Mount,NA,2,NA
A995,"Indicator Chip Slow Blow Movement 1.5A 125V SMD Solder Pad 2410 Ceramic T/R CSA/PSE/UL Electric Indicator, Slow Blow, 1.5A, 125VAC, 125VDC, 50A (IR), Surface Mount, NANO",Slow Blow,RATED BREAKING CAPACITY AT 125 VDC: 50 A,Automotive|Battery Charging Circuit|Cooling Fan System|Networking|Power Supply|Telecommunication System,SLOW,2.69mm,2.69mm,6.1mm,1.5A,Ceramic,e4,3.65J,Low,125V,125V,NA,Surface Mount,SURFACE MOUNT,2,50A
A996,"Indicator Chip Slow Blow Movement 2.5A 125V SMD Solder Pad 2410 Ceramic T/R CSA/PSE/UL Electric Indicator, Time Lag Blow, 2.5A, 125VAC, 125VDC, 50A (IR), Surface Mount",Slow Blow,RATED BREAKING CAPACITY AT 125 VDC: 50 A,Automotive|Battery Charging Circuit|Cooling Fan System|Networking|Power Supply|Telecommunication System,TIME LAG,2.69mm,2.69mm,6.1mm,2.5A,Ceramic,e4,15J,High,125V,125V,NA,Surface Mount,SURFACE MOUNT,2,50A
A997,"Indicator Chip Slow Blow Movement 2.5A 125V SMD Solder Pad 2410 Ceramic T/R CSA/PSE/UL Electric Indicator, Slow Blow, 2.5A, 125VAC, 125VDC, 50A (IR), Surface Mount",Slow Blow,RATED BREAKING CAPACITY AT 125 VDC: 50 A,Automotive|Battery Charging Circuit|Cooling Fan System|Networking|Power Supply|Telecommunication System,SLOW,2.69mm,2.69mm,6.1mm,2.5A,Ceramic,e4,15J,Low,125V,125V,NA,Surface Mount,SURFACE MOUNT,2,50A
A998,"Indicator Chip Slow Blow Movement 2.5A 125V SMD Solder Pad 2410 Ceramic T/R CSA/PSE/UL Electric Indicator, Slow Blow, 2.5A, 125VAC, 125VDC, 50A (IR), Surface Mount",Slow Blow,RATED BREAKING CAPACITY AT 125 VDC: 50 A,Automotive|Battery Charging Circuit|Cooling Fan System|Networking|Power Supply|Telecommunication System,SLOW,2.69mm,2.69mm,6.1mm,2.5A,Ceramic,e4,15J,Low,125V,125V,NA,Surface Mount,SURFACE MOUNT,2,50A
